run_id,checked_at_local,dest,city,state,tier,weekend,depart_date,depart_day,return_date,status,price,nonstop_price,stops,flight,num_options,error
2026-10-07T19:36Z,2026-10-07 14:36,DEN,Denver,CO,top,2026-10-08,2026-10-08,Thu,2026-10-11,ok,701,701,0,Thu 19:50→21:44,2,
2026-10-07T19:36Z,2026-10-07 14:36,DEN,Denver,CO,top,2026-10-08,2026-10-09,Fri,2026-10-11,ok,701,701,0,Fri 07:00→08:47,8,
2026-10-07T19:36Z,2026-10-07 14:36,DEN,Denver,CO,top,2026-10-15,2026-10-15,Thu,2026-10-18,ok,701,701,0,Thu 22:00→23:54,2,
2026-10-07T19:36Z,2026-10-07 14:36,DEN,Denver,CO,top,2026-10-15,2026-10-16,Fri,2026-10-18,ok,701,701,0,Fri 07:00→08:47,8,
2026-10-07T19:36Z,2026-10-07 14:36,DEN,Denver,CO,top,2026-10-22,2026-10-22,Thu,2026-10-25,ok,557,557,0,Thu 22:00→23:54,2,
2026-10-07T19:36Z,2026-10-07 14:36,DEN,Denver,CO,top,2026-10-22,2026-10-23,Fri,2026-10-25,ok,557,557,0,Fri 14:30→16:21,8,
2026-10-07T19:36Z,2026-10-07 14:36,DEN,Denver,CO,top,2026-10-29,2026-10-29,Thu,2026-11-01,ok,382,382,0,Thu 21:00→22:44,3,
2026-10-07T19:36Z,2026-10-07 14:36,DEN,Denver,CO,top,2026-10-29,2026-10-30,Fri,2026-11-01,ok,408,408,0,Fri 13:30→15:17,6,
2026-10-07T19:36Z,2026-10-07 14:36,DEN,Denver,CO,top,2026-11-05,2026-11-05,Thu,2026-11-08,ok,352,352,0,Thu 21:00→22:44,3,
2026-10-07T19:36Z,2026-10-07 14:36,DEN,Denver,CO,top,2026-11-05,2026-11-06,Fri,2026-11-08,ok,378,378,0,Fri 13:30→15:17,6,
2026-10-07T19:36Z,2026-10-07 14:36,DEN,Denver,CO,top,2026-11-12,2026-11-12,Thu,2026-11-15,ok,588,,1,Thu 22:00→10:21,2,
2026-10-07T19:36Z,2026-10-07 14:36,DEN,Denver,CO,top,2026-11-12,2026-11-13,Fri,2026-11-15,ok,378,378,0,Fri 13:30→15:17,5,
2026-10-07T19:36Z,2026-10-07 14:36,DEN,Denver,CO,top,2026-11-19,2026-11-19,Thu,2026-11-22,ok,396,396,0,Thu 19:57→21:48,4,
2026-10-07T19:36Z,2026-10-07 14:36,DEN,Denver,CO,top,2026-11-19,2026-11-20,Fri,2026-11-22,ok,396,396,0,Fri 13:30→15:17,6,
2026-10-07T19:36Z,2026-10-07 14:36,DEN,Denver,CO,top,2026-11-26,2026-11-26,Thu,2026-11-29,error,,,,,0,'NoneType' object is not subscriptable
2026-10-07T19:36Z,2026-10-07 14:36,DEN,Denver,CO,top,2026-11-26,2026-11-27,Fri,2026-11-29,ok,606,606,0,Fri 15:56→17:49,3,
2026-10-07T19:36Z,2026-10-07 14:36,DEN,Denver,CO,top,2026-12-03,2026-12-03,Thu,2026-12-06,ok,352,352,0,Thu 20:07→21:59,4,
2026-10-07T19:36Z,2026-10-07 14:36,DEN,Denver,CO,top,2026-12-03,2026-12-04,Fri,2026-12-06,ok,378,378,0,Fri 14:35→16:28,4,
2026-10-07T19:36Z,2026-10-07 14:36,DEN,Denver,CO,top,2026-12-10,2026-12-10,Thu,2026-12-13,ok,352,352,0,Thu 21:30→23:14,3,
2026-10-07T19:36Z,2026-10-07 14:36,DEN,Denver,CO,top,2026-12-10,2026-12-11,Fri,2026-12-13,ok,395,395,0,Fri 17:48→19:45,6,
2026-10-07T19:36Z,2026-10-07 14:36,IAD,Washington Dulles,VA,top,2026-10-08,2026-10-08,Thu,2026-10-11,ok,681,681,0,Thu 21:52→00:58,3,
2026-10-07T19:36Z,2026-10-07 14:36,IAD,Washington Dulles,VA,top,2026-10-08,2026-10-09,Fri,2026-10-11,ok,896,,1,Fri 14:51→20:49,4,
2026-10-07T19:36Z,2026-10-07 14:36,IAD,Washington Dulles,VA,top,2026-10-15,2026-10-15,Thu,2026-10-18,ok,681,681,0,Thu 18:06→21:11,3,
2026-10-07T19:36Z,2026-10-07 14:36,IAD,Washington Dulles,VA,top,2026-10-15,2026-10-16,Fri,2026-10-18,ok,895,,1,Fri 06:55→11:50,4,
2026-10-07T19:36Z,2026-10-07 14:36,IAD,Washington Dulles,VA,top,2026-10-22,2026-10-22,Thu,2026-10-25,ok,571,571,0,Thu 19:47→22:52,3,
2026-10-07T19:36Z,2026-10-07 14:36,IAD,Washington Dulles,VA,top,2026-10-22,2026-10-23,Fri,2026-10-25,ok,874,,1,Fri 06:00→11:25,4,
2026-10-07T19:36Z,2026-10-07 14:36,IAD,Washington Dulles,VA,top,2026-10-29,2026-10-29,Thu,2026-11-01,ok,347,347,0,Thu 21:41→00:30,2,
2026-10-07T19:36Z,2026-10-07 14:36,IAD,Washington Dulles,VA,top,2026-10-29,2026-10-30,Fri,2026-11-01,ok,772,,1,Fri 06:50→11:49,3,
2026-10-07T19:36Z,2026-10-07 14:36,IAD,Washington Dulles,VA,top,2026-11-05,2026-11-05,Thu,2026-11-08,ok,347,347,0,Thu 21:41→00:30,3,
2026-10-07T19:36Z,2026-10-07 14:36,IAD,Washington Dulles,VA,top,2026-11-05,2026-11-06,Fri,2026-11-08,ok,377,377,0,Fri 05:55→08:49,6,
2026-10-07T19:36Z,2026-10-07 14:36,IAD,Washington Dulles,VA,top,2026-11-12,2026-11-12,Thu,2026-11-15,ok,347,347,0,Thu 18:07→21:10,3,
2026-10-07T19:36Z,2026-10-07 14:36,IAD,Washington Dulles,VA,top,2026-11-12,2026-11-13,Fri,2026-11-15,ok,757,,1,Fri 06:50→11:49,3,
2026-10-07T19:36Z,2026-10-07 14:36,IAD,Washington Dulles,VA,top,2026-11-19,2026-11-19,Thu,2026-11-22,ok,383,415,1,Thu 19:50→11:45,3,
2026-10-07T19:36Z,2026-10-07 14:36,IAD,Washington Dulles,VA,top,2026-11-19,2026-11-20,Fri,2026-11-22,ok,689,,1,Fri 06:59→11:40,3,
2026-10-07T19:36Z,2026-10-07 14:36,IAD,Washington Dulles,VA,top,2026-11-26,2026-11-26,Thu,2026-11-29,error,,,,,0,'NoneType' object is not subscriptable
2026-10-07T19:36Z,2026-10-07 14:36,IAD,Washington Dulles,VA,top,2026-11-26,2026-11-27,Fri,2026-11-29,ok,772,,1,Fri 15:45→21:22,4,
2026-10-07T19:36Z,2026-10-07 14:36,IAD,Washington Dulles,VA,top,2026-12-03,2026-12-03,Thu,2026-12-06,ok,347,347,0,Thu 21:35→00:24,3,
2026-10-07T19:36Z,2026-10-07 14:36,IAD,Washington Dulles,VA,top,2026-12-03,2026-12-04,Fri,2026-12-06,ok,377,377,0,Fri 10:35→13:38,4,
2026-10-07T19:36Z,2026-10-07 14:36,IAD,Washington Dulles,VA,top,2026-12-10,2026-12-10,Thu,2026-12-13,ok,347,347,0,Thu 21:35→00:24,3,
2026-10-07T19:36Z,2026-10-07 14:36,IAD,Washington Dulles,VA,top,2026-12-10,2026-12-11,Fri,2026-12-13,ok,377,377,0,Fri 10:35→13:38,4,
2026-10-07T19:36Z,2026-10-07 14:36,BOS,Boston,MA,top,2026-10-08,2026-10-08,Thu,2026-10-11,ok,683,683,0,Thu 18:24→21:59,3,
2026-10-07T19:36Z,2026-10-07 14:36,BOS,Boston,MA,top,2026-10-08,2026-10-09,Fri,2026-10-11,ok,683,683,0,Fri 12:46→16:21,5,
2026-10-07T19:36Z,2026-10-07 14:36,BOS,Boston,MA,top,2026-10-15,2026-10-15,Thu,2026-10-18,ok,683,683,0,Thu 18:24→21:59,3,
2026-10-07T19:36Z,2026-10-07 14:36,BOS,Boston,MA,top,2026-10-15,2026-10-16,Fri,2026-10-18,ok,683,683,0,Fri 10:25→14:07,5,
2026-10-07T19:36Z,2026-10-07 14:36,BOS,Boston,MA,top,2026-10-22,2026-10-22,Thu,2026-10-25,ok,441,441,0,Thu 19:50→23:24,3,
2026-10-07T19:36Z,2026-10-07 14:36,BOS,Boston,MA,top,2026-10-22,2026-10-23,Fri,2026-10-25,ok,425,494,1,Fri 05:00→11:24,6,
2026-10-07T19:36Z,2026-10-07 14:36,BOS,Boston,MA,top,2026-10-29,2026-10-29,Thu,2026-11-01,ok,358,358,0,Thu 20:01→23:29,4,
2026-10-07T19:36Z,2026-10-07 14:36,BOS,Boston,MA,top,2026-10-29,2026-10-30,Fri,2026-11-01,ok,386,386,0,Fri 15:44→19:14,6,
2026-10-07T19:36Z,2026-10-07 14:36,BOS,Boston,MA,top,2026-11-05,2026-11-05,Thu,2026-11-08,ok,358,358,0,Thu 20:07→23:35,4,
2026-10-07T19:36Z,2026-10-07 14:36,BOS,Boston,MA,top,2026-11-05,2026-11-06,Fri,2026-11-08,ok,386,386,0,Fri 12:46→16:11,6,
2026-10-07T19:36Z,2026-10-07 14:36,BOS,Boston,MA,top,2026-11-12,2026-11-12,Thu,2026-11-15,ok,358,358,0,Thu 20:07→23:35,4,
2026-10-07T19:36Z,2026-10-07 14:36,BOS,Boston,MA,top,2026-11-12,2026-11-13,Fri,2026-11-15,ok,386,386,0,Fri 12:46→16:11,5,
2026-10-07T19:36Z,2026-10-07 14:36,BOS,Boston,MA,top,2026-11-19,2026-11-19,Thu,2026-11-22,ok,415,415,0,Thu 21:20→00:46,4,
2026-10-07T19:36Z,2026-10-07 14:36,BOS,Boston,MA,top,2026-11-19,2026-11-20,Fri,2026-11-22,ok,415,415,0,Fri 12:46→16:11,5,
2026-10-07T19:36Z,2026-10-07 14:36,BOS,Boston,MA,top,2026-11-26,2026-11-26,Thu,2026-11-29,error,,,,,0,'NoneType' object is not subscriptable
2026-10-07T19:36Z,2026-10-07 14:36,BOS,Boston,MA,top,2026-11-26,2026-11-27,Fri,2026-11-29,ok,520,520,0,Fri 13:59→17:24,5,
2026-10-07T19:36Z,2026-10-07 14:36,BOS,Boston,MA,top,2026-12-03,2026-12-03,Thu,2026-12-06,ok,429,446,1,Thu 18:15→23:59,2,
2026-10-07T19:36Z,2026-10-07 14:36,BOS,Boston,MA,top,2026-12-03,2026-12-04,Fri,2026-12-06,ok,386,386,0,Fri 07:05→10:31,5,
2026-10-07T19:36Z,2026-10-07 14:36,BOS,Boston,MA,top,2026-12-10,2026-12-10,Thu,2026-12-13,ok,358,358,0,Thu 18:20→21:53,2,
2026-10-07T19:36Z,2026-10-07 14:36,BOS,Boston,MA,top,2026-12-10,2026-12-11,Fri,2026-12-13,ok,386,386,0,Fri 07:05→10:31,5,
2026-10-07T19:36Z,2026-10-07 14:36,PHX,Phoenix,AZ,top,2026-10-08,2026-10-08,Thu,2026-10-11,ok,709,709,0,Thu 20:30→22:24,1,
2026-10-07T19:36Z,2026-10-07 14:36,PHX,Phoenix,AZ,top,2026-10-08,2026-10-09,Fri,2026-10-11,ok,719,757,1,Fri 08:40→14:43,5,
2026-10-07T19:36Z,2026-10-07 14:36,PHX,Phoenix,AZ,top,2026-10-15,2026-10-15,Thu,2026-10-18,ok,709,709,0,Thu 20:30→22:24,1,
2026-10-07T19:36Z,2026-10-07 14:36,PHX,Phoenix,AZ,top,2026-10-15,2026-10-16,Fri,2026-10-18,ok,709,709,0,Fri 07:00→08:54,6,
2026-10-07T19:36Z,2026-10-07 14:36,PHX,Phoenix,AZ,top,2026-10-22,2026-10-22,Thu,2026-10-25,ok,709,709,0,Thu 20:30→22:24,1,
2026-10-07T19:36Z,2026-10-07 14:36,PHX,Phoenix,AZ,top,2026-10-22,2026-10-23,Fri,2026-10-25,ok,709,709,0,Fri 13:56→15:43,3,
2026-10-07T19:36Z,2026-10-07 14:36,PHX,Phoenix,AZ,top,2026-10-29,2026-10-29,Thu,2026-11-01,ok,482,482,0,Thu 21:30→23:31,1,
2026-10-07T19:36Z,2026-10-07 14:36,PHX,Phoenix,AZ,top,2026-10-29,2026-10-30,Fri,2026-11-01,ok,511,511,0,Fri 07:15→09:17,6,
2026-10-07T19:36Z,2026-10-07 14:36,PHX,Phoenix,AZ,top,2026-11-05,2026-11-05,Thu,2026-11-08,ok,508,508,0,Thu 20:37→23:40,1,
2026-10-07T19:36Z,2026-10-07 14:36,PHX,Phoenix,AZ,top,2026-11-05,2026-11-06,Fri,2026-11-08,ok,495,495,0,Fri 12:55→15:57,6,
2026-10-07T19:36Z,2026-10-07 14:36,PHX,Phoenix,AZ,top,2026-11-12,2026-11-12,Thu,2026-11-15,ok,481,481,0,Thu 20:37→23:40,1,
2026-10-07T19:36Z,2026-10-07 14:36,PHX,Phoenix,AZ,top,2026-11-12,2026-11-13,Fri,2026-11-15,ok,510,510,0,Fri 07:15→10:17,5,
2026-10-07T19:36Z,2026-10-07 14:36,PHX,Phoenix,AZ,top,2026-11-19,2026-11-19,Thu,2026-11-22,ok,453,453,0,Thu 20:37→23:40,1,
2026-10-07T19:36Z,2026-10-07 14:36,PHX,Phoenix,AZ,top,2026-11-19,2026-11-20,Fri,2026-11-22,ok,459,475,1,Fri 14:00→21:25,6,
2026-10-07T19:36Z,2026-10-07 14:36,PHX,Phoenix,AZ,top,2026-11-26,2026-11-26,Thu,2026-11-29,error,,,,,0,'NoneType' object is not subscriptable
2026-10-07T19:36Z,2026-10-07 14:36,PHX,Phoenix,AZ,top,2026-11-26,2026-11-27,Fri,2026-11-29,ok,586,586,0,Fri 07:15→10:17,6,
2026-10-07T19:36Z,2026-10-07 14:36,PHX,Phoenix,AZ,top,2026-12-03,2026-12-03,Thu,2026-12-06,ok,397,397,0,Thu 20:30→23:34,1,
2026-10-07T19:36Z,2026-10-07 14:36,PHX,Phoenix,AZ,top,2026-12-03,2026-12-04,Fri,2026-12-06,ok,426,426,0,Fri 12:55→15:57,4,
2026-10-07T19:36Z,2026-10-07 14:36,PHX,Phoenix,AZ,top,2026-12-10,2026-12-10,Thu,2026-12-13,ok,472,472,0,Thu 20:30→23:34,1,
2026-10-07T19:36Z,2026-10-07 14:36,PHX,Phoenix,AZ,top,2026-12-10,2026-12-11,Fri,2026-12-13,ok,426,426,0,Fri 07:15→10:18,5,
2026-10-07T19:36Z,2026-10-07 14:36,ATL,Atlanta,GA,top,2026-10-08,2026-10-08,Thu,2026-10-11,ok,955,955,0,Thu 18:03→21:14,1,
2026-10-07T19:36Z,2026-10-07 14:36,ATL,Atlanta,GA,top,2026-10-08,2026-10-09,Fri,2026-10-11,ok,601,601,0,Fri 07:00→10:12,2,
2026-10-07T19:36Z,2026-10-07 14:36,ATL,Atlanta,GA,top,2026-10-15,2026-10-15,Thu,2026-10-18,ok,611,703,1,Thu 18:06→00:23,3,
2026-10-07T19:36Z,2026-10-07 14:36,ATL,Atlanta,GA,top,2026-10-15,2026-10-16,Fri,2026-10-18,ok,611,889,1,Fri 08:50→14:43,6,
2026-10-07T19:36Z,2026-10-07 14:36,ATL,Atlanta,GA,top,2026-10-22,2026-10-22,Thu,2026-10-25,ok,601,601,0,Thu 18:03→21:14,2,
2026-10-07T19:36Z,2026-10-07 14:36,ATL,Atlanta,GA,top,2026-10-22,2026-10-23,Fri,2026-10-25,ok,601,601,0,Fri 07:00→10:12,2,
2026-10-07T19:36Z,2026-10-07 14:36,ATL,Atlanta,GA,top,2026-10-29,2026-10-29,Thu,2026-11-01,ok,353,353,0,Thu 20:03→23:15,2,
2026-10-07T19:36Z,2026-10-07 14:36,ATL,Atlanta,GA,top,2026-10-29,2026-10-30,Fri,2026-11-01,ok,353,353,0,Fri 06:59→10:09,4,
2026-10-07T19:36Z,2026-10-07 14:36,ATL,Atlanta,GA,top,2026-11-05,2026-11-05,Thu,2026-11-08,ok,306,306,0,Thu 20:03→23:15,2,
2026-10-07T19:36Z,2026-10-07 14:36,ATL,Atlanta,GA,top,2026-11-05,2026-11-06,Fri,2026-11-08,ok,383,383,0,Fri 07:05→10:15,4,
2026-10-07T19:36Z,2026-10-07 14:36,ATL,Atlanta,GA,top,2026-11-12,2026-11-12,Thu,2026-11-15,ok,306,306,0,Thu 20:03→23:15,2,
2026-10-07T19:36Z,2026-10-07 14:36,ATL,Atlanta,GA,top,2026-11-12,2026-11-13,Fri,2026-11-15,ok,306,306,0,Fri 07:05→10:15,4,
2026-10-07T19:36Z,2026-10-07 14:36,ATL,Atlanta,GA,top,2026-11-19,2026-11-19,Thu,2026-11-22,ok,395,395,0,Thu 18:15→21:27,2,
2026-10-07T19:36Z,2026-10-07 14:36,ATL,Atlanta,GA,top,2026-11-19,2026-11-20,Fri,2026-11-22,ok,395,395,0,Fri 07:05→10:15,4,
2026-10-07T19:36Z,2026-10-07 14:36,ATL,Atlanta,GA,top,2026-11-26,2026-11-26,Thu,2026-11-29,error,,,,,0,'NoneType' object is not subscriptable
2026-10-07T19:36Z,2026-10-07 14:36,ATL,Atlanta,GA,top,2026-11-26,2026-11-27,Fri,2026-11-29,ok,426,426,0,Fri 09:00→12:09,3,
2026-10-07T19:36Z,2026-10-07 14:36,ATL,Atlanta,GA,top,2026-12-03,2026-12-03,Thu,2026-12-06,ok,451,451,0,Thu 18:08→21:22,1,
2026-10-07T19:36Z,2026-10-07 14:36,ATL,Atlanta,GA,top,2026-12-03,2026-12-04,Fri,2026-12-06,ok,306,306,0,Fri 06:25→09:29,4,
2026-10-07T19:36Z,2026-10-07 14:36,ATL,Atlanta,GA,top,2026-12-10,2026-12-10,Thu,2026-12-13,ok,435,435,0,Thu 18:08→21:22,1,
2026-10-07T19:36Z,2026-10-07 14:36,ATL,Atlanta,GA,top,2026-12-10,2026-12-11,Fri,2026-12-13,ok,306,306,0,Fri 06:25→09:29,4,
2026-10-07T19:36Z,2026-10-07 14:36,TPA,Tampa,FL,top,2026-10-08,2026-10-08,Thu,2026-10-11,ok,1072,,1,Thu 21:52→11:31,2,
2026-10-07T19:36Z,2026-10-07 14:36,TPA,Tampa,FL,top,2026-10-08,2026-10-09,Fri,2026-10-11,ok,581,581,0,Fri 16:45→20:41,4,
2026-10-07T19:36Z,2026-10-07 14:36,TPA,Tampa,FL,top,2026-10-15,2026-10-15,Thu,2026-10-18,ok,908,,1,Thu 21:35→10:12,3,
2026-10-07T19:36Z,2026-10-07 14:36,TPA,Tampa,FL,top,2026-10-15,2026-10-16,Fri,2026-10-18,ok,581,581,0,Fri 12:59→16:47,6,
2026-10-07T19:36Z,2026-10-07 14:36,TPA,Tampa,FL,top,2026-10-22,2026-10-22,Thu,2026-10-25,ok,892,,1,Thu 21:35→10:12,2,
2026-10-07T19:36Z,2026-10-07 14:36,TPA,Tampa,FL,top,2026-10-22,2026-10-23,Fri,2026-10-25,ok,615,615,0,Fri 13:55→17:43,6,
2026-10-07T19:36Z,2026-10-07 14:36,TPA,Tampa,FL,top,2026-10-29,2026-10-29,Thu,2026-11-01,ok,432,432,0,Thu 20:03→23:59,2,
2026-10-07T19:36Z,2026-10-07 14:36,TPA,Tampa,FL,top,2026-10-29,2026-10-30,Fri,2026-11-01,ok,457,457,0,Fri 11:05→15:02,3,
2026-10-07T19:36Z,2026-10-07 14:36,TPA,Tampa,FL,top,2026-11-05,2026-11-05,Thu,2026-11-08,ok,419,419,0,Thu 20:05→23:59,2,
2026-10-07T19:36Z,2026-10-07 14:36,TPA,Tampa,FL,top,2026-11-05,2026-11-06,Fri,2026-11-08,ok,410,410,0,Fri 17:45→21:43,5,
2026-10-07T19:36Z,2026-10-07 14:36,TPA,Tampa,FL,top,2026-11-12,2026-11-12,Thu,2026-11-15,ok,416,416,0,Thu 20:05→23:59,2,
2026-10-07T19:36Z,2026-10-07 14:36,TPA,Tampa,FL,top,2026-11-12,2026-11-13,Fri,2026-11-15,ok,381,381,0,Fri 07:15→11:10,5,
2026-10-07T19:36Z,2026-10-07 14:36,TPA,Tampa,FL,top,2026-11-19,2026-11-19,Thu,2026-11-22,ok,532,532,0,Thu 20:05→23:59,2,
2026-10-07T19:36Z,2026-10-07 14:36,TPA,Tampa,FL,top,2026-11-19,2026-11-20,Fri,2026-11-22,ok,482,588,1,Fri 06:59→15:41,4,
2026-10-07T19:36Z,2026-10-07 14:36,TPA,Tampa,FL,top,2026-11-26,2026-11-26,Thu,2026-11-29,error,,,,,0,'NoneType' object is not subscriptable
2026-10-07T19:36Z,2026-10-07 14:36,TPA,Tampa,FL,top,2026-11-26,2026-11-27,Fri,2026-11-29,ok,611,611,0,Fri 08:54→12:52,4,
2026-10-07T19:36Z,2026-10-07 14:36,TPA,Tampa,FL,top,2026-12-03,2026-12-03,Thu,2026-12-06,ok,577,,1,Thu 21:34→09:22,2,
2026-10-07T19:36Z,2026-10-07 14:36,TPA,Tampa,FL,top,2026-12-03,2026-12-04,Fri,2026-12-06,ok,381,381,0,Fri 13:55→17:46,3,
2026-10-07T19:36Z,2026-10-07 14:36,TPA,Tampa,FL,top,2026-12-10,2026-12-10,Thu,2026-12-13,ok,607,,1,Thu 21:35→10:34,3,
2026-10-07T19:36Z,2026-10-07 14:36,TPA,Tampa,FL,top,2026-12-10,2026-12-11,Fri,2026-12-13,ok,381,381,0,Fri 13:55→17:46,6,
2026-10-07T19:36Z,2026-10-07 14:36,PDX,Portland,OR,top,2026-10-08,2026-10-08,Thu,2026-10-11,ok,647,647,0,Thu 19:45→22:23,3,
2026-10-07T19:36Z,2026-10-07 14:36,PDX,Portland,OR,top,2026-10-08,2026-10-09,Fri,2026-10-11,ok,657,793,1,Fri 17:51→22:53,3,
2026-10-07T19:36Z,2026-10-07 14:36,PDX,Portland,OR,top,2026-10-15,2026-10-15,Thu,2026-10-18,ok,647,647,0,Thu 19:45→22:23,3,
2026-10-07T19:36Z,2026-10-07 14:36,PDX,Portland,OR,top,2026-10-15,2026-10-16,Fri,2026-10-18,ok,657,793,1,Fri 16:40→22:57,3,
2026-10-07T19:36Z,2026-10-07 14:36,PDX,Portland,OR,top,2026-10-22,2026-10-22,Thu,2026-10-25,ok,647,647,0,Thu 19:45→22:23,2,
2026-10-07T19:36Z,2026-10-07 14:36,PDX,Portland,OR,top,2026-10-22,2026-10-23,Fri,2026-10-25,ok,647,647,0,Fri 07:00→09:31,4,
2026-10-07T19:36Z,2026-10-07 14:36,PDX,Portland,OR,top,2026-10-29,2026-10-29,Thu,2026-11-01,ok,493,493,0,Thu 19:45→22:27,2,
2026-10-07T19:36Z,2026-10-07 14:36,PDX,Portland,OR,top,2026-10-29,2026-10-30,Fri,2026-11-01,ok,526,,1,Fri 13:30→18:09,3,
2026-10-07T19:36Z,2026-10-07 14:36,PDX,Portland,OR,top,2026-11-05,2026-11-05,Thu,2026-11-08,ok,463,463,0,Thu 19:45→22:27,2,
2026-10-07T19:36Z,2026-10-07 14:36,PDX,Portland,OR,top,2026-11-05,2026-11-06,Fri,2026-11-08,ok,496,,1,Fri 06:00→12:22,4,
2026-10-07T19:36Z,2026-10-07 14:36,PDX,Portland,OR,top,2026-11-12,2026-11-12,Thu,2026-11-15,ok,463,463,0,Thu 19:45→22:27,2,
2026-10-07T19:36Z,2026-10-07 14:36,PDX,Portland,OR,top,2026-11-12,2026-11-13,Fri,2026-11-15,ok,486,486,0,Fri 09:05→11:52,6,
2026-10-07T19:36Z,2026-10-07 14:36,PDX,Portland,OR,top,2026-11-19,2026-11-19,Thu,2026-11-22,ok,542,542,0,Thu 19:45→22:27,2,
2026-10-07T19:36Z,2026-10-07 14:36,PDX,Portland,OR,top,2026-11-19,2026-11-20,Fri,2026-11-22,ok,542,542,0,Fri 09:05→11:52,4,
2026-10-07T19:36Z,2026-10-07 14:36,PDX,Portland,OR,top,2026-11-26,2026-11-26,Thu,2026-11-29,error,,,,,0,'NoneType' object is not subscriptable
2026-10-07T19:36Z,2026-10-07 14:36,PDX,Portland,OR,top,2026-11-26,2026-11-27,Fri,2026-11-29,ok,904,,1,Fri 17:48→23:09,3,
2026-10-07T19:36Z,2026-10-07 14:36,PDX,Portland,OR,top,2026-12-03,2026-12-03,Thu,2026-12-06,ok,603,,1,Thu 21:30→09:36,2,
2026-10-07T19:36Z,2026-10-07 14:36,PDX,Portland,OR,top,2026-12-03,2026-12-04,Fri,2026-12-06,ok,496,,1,Fri 12:59→18:07,2,
2026-10-07T19:36Z,2026-10-07 14:36,PDX,Portland,OR,top,2026-12-10,2026-12-10,Thu,2026-12-13,ok,603,,1,Thu 21:30→09:36,2,
2026-10-07T19:36Z,2026-10-07 14:36,PDX,Portland,OR,top,2026-12-10,2026-12-11,Fri,2026-12-13,ok,486,486,0,Fri 08:58→11:41,4,
2026-10-07T19:36Z,2026-10-07 14:36,RDU,Raleigh-Durham,NC,top,2026-10-08,2026-10-08,Thu,2026-10-11,ok,674,674,0,Thu 18:25→21:46,2,
2026-10-07T19:36Z,2026-10-07 14:36,RDU,Raleigh-Durham,NC,top,2026-10-08,2026-10-09,Fri,2026-10-11,ok,639,639,0,Fri 12:55→16:03,5,
2026-10-07T19:36Z,2026-10-07 14:36,RDU,Raleigh-Durham,NC,top,2026-10-15,2026-10-15,Thu,2026-10-18,ok,823,,1,Thu 21:35→12:59,4,
2026-10-07T19:36Z,2026-10-07 14:36,RDU,Raleigh-Durham,NC,top,2026-10-15,2026-10-16,Fri,2026-10-18,ok,639,639,0,Fri 07:25→10:48,5,
2026-10-07T19:36Z,2026-10-07 14:36,RDU,Raleigh-Durham,NC,top,2026-10-22,2026-10-22,Thu,2026-10-25,ok,639,639,0,Thu 18:25→21:46,3,
2026-10-07T19:36Z,2026-10-07 14:36,RDU,Raleigh-Durham,NC,top,2026-10-22,2026-10-23,Fri,2026-10-25,ok,639,639,0,Fri 12:55→16:03,4,
2026-10-07T19:36Z,2026-10-07 14:36,RDU,Raleigh-Durham,NC,top,2026-10-29,2026-10-29,Thu,2026-11-01,ok,471,471,0,Thu 18:25→21:39,2,
2026-10-07T19:36Z,2026-10-07 14:36,RDU,Raleigh-Durham,NC,top,2026-10-29,2026-10-30,Fri,2026-11-01,ok,486,486,0,Fri 07:30→10:44,4,
2026-10-07T19:36Z,2026-10-07 14:36,RDU,Raleigh-Durham,NC,top,2026-11-05,2026-11-05,Thu,2026-11-08,ok,495,495,0,Thu 18:25→21:39,4,
2026-10-07T19:36Z,2026-10-07 14:36,RDU,Raleigh-Durham,NC,top,2026-11-05,2026-11-06,Fri,2026-11-08,ok,443,443,0,Fri 07:30→10:44,5,
2026-10-07T19:36Z,2026-10-07 14:36,RDU,Raleigh-Durham,NC,top,2026-11-12,2026-11-12,Thu,2026-11-15,ok,475,475,0,Thu 18:25→21:39,3,
2026-10-07T19:36Z,2026-10-07 14:36,RDU,Raleigh-Durham,NC,top,2026-11-12,2026-11-13,Fri,2026-11-15,ok,443,443,0,Fri 07:30→10:44,4,
2026-10-07T19:36Z,2026-10-07 14:36,RDU,Raleigh-Durham,NC,top,2026-11-19,2026-11-19,Thu,2026-11-22,ok,431,431,0,Thu 18:25→21:39,3,
2026-10-07T19:36Z,2026-10-07 14:36,RDU,Raleigh-Durham,NC,top,2026-11-19,2026-11-20,Fri,2026-11-22,ok,431,431,0,Fri 07:30→10:44,5,
2026-10-07T19:36Z,2026-10-07 14:36,RDU,Raleigh-Durham,NC,top,2026-11-26,2026-11-26,Thu,2026-11-29,error,,,,,0,'NoneType' object is not subscriptable
2026-10-07T19:36Z,2026-10-07 14:36,RDU,Raleigh-Durham,NC,top,2026-11-26,2026-11-27,Fri,2026-11-29,ok,554,554,0,Fri 07:30→10:44,6,
2026-10-07T19:36Z,2026-10-07 14:36,RDU,Raleigh-Durham,NC,top,2026-12-03,2026-12-03,Thu,2026-12-06,ok,475,475,0,Thu 18:25→21:39,3,
2026-10-07T19:36Z,2026-10-07 14:36,RDU,Raleigh-Durham,NC,top,2026-12-03,2026-12-04,Fri,2026-12-06,ok,443,443,0,Fri 07:35→10:49,5,
2026-10-07T19:36Z,2026-10-07 14:36,RDU,Raleigh-Durham,NC,top,2026-12-10,2026-12-10,Thu,2026-12-13,ok,409,409,0,Thu 18:25→21:39,3,
2026-10-07T19:36Z,2026-10-07 14:36,RDU,Raleigh-Durham,NC,top,2026-12-10,2026-12-11,Fri,2026-12-13,ok,443,443,0,Fri 07:35→10:49,4,
2026-10-07T19:36Z,2026-10-07 14:36,CMH,Columbus,OH,top,2026-10-08,2026-10-08,Thu,2026-10-11,ok,649,649,0,Thu 21:25→23:54,3,
2026-10-07T19:36Z,2026-10-07 14:36,CMH,Columbus,OH,top,2026-10-08,2026-10-09,Fri,2026-10-11,ok,649,649,0,Fri 14:30→17:05,6,
2026-10-07T19:36Z,2026-10-07 14:36,CMH,Columbus,OH,top,2026-10-15,2026-10-15,Thu,2026-10-18,ok,649,649,0,Thu 19:50→22:28,3,
2026-10-07T19:36Z,2026-10-07 14:36,CMH,Columbus,OH,top,2026-10-15,2026-10-16,Fri,2026-10-18,ok,680,680,0,Fri 16:30→19:09,4,
2026-10-07T19:36Z,2026-10-07 14:36,CMH,Columbus,OH,top,2026-10-22,2026-10-22,Thu,2026-10-25,ok,579,579,0,Thu 19:50→22:28,3,
2026-10-07T19:36Z,2026-10-07 14:36,CMH,Columbus,OH,top,2026-10-22,2026-10-23,Fri,2026-10-25,ok,579,579,0,Fri 12:53→15:27,4,
2026-10-07T19:36Z,2026-10-07 14:36,CMH,Columbus,OH,top,2026-10-29,2026-10-29,Thu,2026-11-01,ok,404,404,0,Thu 19:55→22:27,2,
2026-10-07T19:36Z,2026-10-07 14:36,CMH,Columbus,OH,top,2026-10-29,2026-10-30,Fri,2026-11-01,ok,436,436,0,Fri 07:29→10:00,6,
2026-10-07T19:36Z,2026-10-07 14:36,CMH,Columbus,OH,top,2026-11-05,2026-11-05,Thu,2026-11-08,ok,414,414,0,Thu 18:00→20:33,4,
2026-10-07T19:36Z,2026-10-07 14:36,CMH,Columbus,OH,top,2026-11-05,2026-11-06,Fri,2026-11-08,ok,484,484,0,Fri 12:29→15:04,5,
2026-10-07T19:36Z,2026-10-07 14:36,CMH,Columbus,OH,top,2026-11-12,2026-11-12,Thu,2026-11-15,ok,393,393,0,Thu 18:00→20:33,4,
2026-10-07T19:36Z,2026-10-07 14:36,CMH,Columbus,OH,top,2026-11-12,2026-11-13,Fri,2026-11-15,ok,425,425,0,Fri 07:29→10:00,5,
2026-10-07T19:36Z,2026-10-07 14:36,CMH,Columbus,OH,top,2026-11-19,2026-11-19,Thu,2026-11-22,ok,443,443,0,Thu 18:00→20:33,4,
2026-10-07T19:36Z,2026-10-07 14:36,CMH,Columbus,OH,top,2026-11-19,2026-11-20,Fri,2026-11-22,ok,443,443,0,Fri 07:29→10:00,6,
2026-10-07T19:36Z,2026-10-07 14:36,CMH,Columbus,OH,top,2026-11-26,2026-11-26,Thu,2026-11-29,error,,,,,0,'NoneType' object is not subscriptable
2026-10-07T19:36Z,2026-10-07 14:36,CMH,Columbus,OH,top,2026-11-26,2026-11-27,Fri,2026-11-29,ok,634,634,0,Fri 10:38→13:10,4,
2026-10-07T19:36Z,2026-10-07 14:36,CMH,Columbus,OH,top,2026-12-03,2026-12-03,Thu,2026-12-06,ok,393,393,0,Thu 18:05→20:38,3,
2026-10-07T19:36Z,2026-10-07 14:36,CMH,Columbus,OH,top,2026-12-03,2026-12-04,Fri,2026-12-06,ok,425,425,0,Fri 12:29→15:02,3,
2026-10-07T19:36Z,2026-10-07 14:36,CMH,Columbus,OH,top,2026-12-10,2026-12-10,Thu,2026-12-13,ok,393,393,0,Thu 18:05→20:38,3,
2026-10-07T19:36Z,2026-10-07 14:36,CMH,Columbus,OH,top,2026-12-10,2026-12-11,Fri,2026-12-13,ok,425,425,0,Fri 12:29→15:02,3,
2026-10-07T19:36Z,2026-10-07 14:36,SAT,San Antonio,TX,top,2026-10-08,2026-10-08,Thu,2026-10-11,ok,721,721,0,Thu 19:50→22:50,1,
2026-10-07T19:36Z,2026-10-07 14:36,SAT,San Antonio,TX,top,2026-10-08,2026-10-09,Fri,2026-10-11,ok,731,,1,Fri 05:30→10:43,4,
2026-10-07T19:36Z,2026-10-07 14:36,SAT,San Antonio,TX,top,2026-10-15,2026-10-15,Thu,2026-10-18,ok,721,721,0,Thu 19:50→22:50,2,
2026-10-07T19:36Z,2026-10-07 14:36,SAT,San Antonio,TX,top,2026-10-15,2026-10-16,Fri,2026-10-18,ok,731,,1,Fri 05:30→10:43,4,
2026-10-07T19:36Z,2026-10-07 14:36,SAT,San Antonio,TX,top,2026-10-22,2026-10-22,Thu,2026-10-25,ok,713,713,0,Thu 19:50→22:50,2,
2026-10-07T19:36Z,2026-10-07 14:36,SAT,San Antonio,TX,top,2026-10-22,2026-10-23,Fri,2026-10-25,ok,723,,1,Fri 06:25→13:24,5,
2026-10-07T19:36Z,2026-10-07 14:36,SAT,San Antonio,TX,top,2026-10-29,2026-10-29,Thu,2026-11-01,ok,524,524,0,Thu 20:27→23:35,2,
2026-10-07T19:36Z,2026-10-07 14:36,SAT,San Antonio,TX,top,2026-10-29,2026-10-30,Fri,2026-11-01,ok,573,,1,Fri 14:30→20:53,3,
2026-10-07T19:36Z,2026-10-07 14:36,SAT,San Antonio,TX,top,2026-11-05,2026-11-05,Thu,2026-11-08,ok,487,487,0,Thu 20:30→23:37,2,
2026-10-07T19:36Z,2026-10-07 14:36,SAT,San Antonio,TX,top,2026-11-05,2026-11-06,Fri,2026-11-08,ok,536,,1,Fri 07:29→15:38,5,
2026-10-07T19:36Z,2026-10-07 14:36,SAT,San Antonio,TX,top,2026-11-12,2026-11-12,Thu,2026-11-15,ok,487,487,0,Thu 20:30→23:37,2,
2026-10-07T19:36Z,2026-10-07 14:36,SAT,San Antonio,TX,top,2026-11-12,2026-11-13,Fri,2026-11-15,ok,536,,1,Fri 05:30→10:46,4,
2026-10-07T19:36Z,2026-10-07 14:36,SAT,San Antonio,TX,top,2026-11-19,2026-11-19,Thu,2026-11-22,ok,500,500,0,Thu 20:30→23:37,2,
2026-10-07T19:36Z,2026-10-07 14:36,SAT,San Antonio,TX,top,2026-11-19,2026-11-20,Fri,2026-11-22,ok,557,577,1,Fri 09:21→15:38,6,
2026-10-07T19:36Z,2026-10-07 14:36,SAT,San Antonio,TX,top,2026-11-26,2026-11-26,Thu,2026-11-29,error,,,,,0,'NoneType' object is not subscriptable
2026-10-07T19:36Z,2026-10-07 14:36,SAT,San Antonio,TX,top,2026-11-26,2026-11-27,Fri,2026-11-29,ok,623,623,0,Fri 13:30→16:49,4,
2026-10-07T19:36Z,2026-10-07 14:36,SAT,San Antonio,TX,top,2026-12-03,2026-12-03,Thu,2026-12-06,ok,487,487,0,Thu 19:45→22:52,2,
2026-10-07T19:36Z,2026-10-07 14:36,SAT,San Antonio,TX,top,2026-12-03,2026-12-04,Fri,2026-12-06,ok,536,,1,Fri 10:30→15:48,5,
2026-10-07T19:36Z,2026-10-07 14:36,SAT,San Antonio,TX,top,2026-12-10,2026-12-10,Thu,2026-12-13,ok,487,487,0,Thu 19:45→22:52,2,
2026-10-07T19:36Z,2026-10-07 14:36,SAT,San Antonio,TX,top,2026-12-10,2026-12-11,Fri,2026-12-13,ok,536,,1,Fri 10:30→15:48,3,
2026-10-07T19:36Z,2026-10-07 14:36,OGG,Maui,HI,top,2026-10-08,2026-10-08,Thu,2026-10-11,ok,991,,2,Thu 22:00→10:48,4,
2026-10-07T19:36Z,2026-10-07 14:36,OGG,Maui,HI,top,2026-10-08,2026-10-09,Fri,2026-10-11,ok,1218,,1,Fri 16:40→11:47,1,
2026-10-07T19:36Z,2026-10-07 14:36,OGG,Maui,HI,top,2026-10-15,2026-10-15,Thu,2026-10-18,ok,990,,1,Thu 21:40→10:48,2,
2026-10-07T19:36Z,2026-10-07 14:36,OGG,Maui,HI,top,2026-10-15,2026-10-16,Fri,2026-10-18,ok,1016,,1,Fri 07:00→15:05,2,
2026-10-07T19:36Z,2026-10-07 14:36,OGG,Maui,HI,top,2026-10-22,2026-10-22,Thu,2026-10-25,ok,940,,1,Thu 21:40→10:48,3,
2026-10-07T19:36Z,2026-10-07 14:36,OGG,Maui,HI,top,2026-10-22,2026-10-23,Fri,2026-10-25,ok,920,,1,Fri 07:00→15:05,2,
2026-10-07T19:36Z,2026-10-07 14:36,OGG,Maui,HI,top,2026-10-29,2026-10-29,Thu,2026-11-01,ok,815,,2,Thu 20:02→12:00,3,
2026-10-07T19:36Z,2026-10-07 14:36,OGG,Maui,HI,top,2026-10-29,2026-10-30,Fri,2026-11-01,ok,815,,2,Fri 07:00→19:22,4,
2026-10-07T19:36Z,2026-10-07 14:36,OGG,Maui,HI,top,2026-11-05,2026-11-05,Thu,2026-11-08,ok,815,,2,Thu 20:02→13:00,3,
2026-10-07T19:36Z,2026-10-07 14:36,OGG,Maui,HI,top,2026-11-05,2026-11-06,Fri,2026-11-08,ok,849,,1,Fri 17:52→13:02,3,
2026-10-07T19:36Z,2026-10-07 14:36,OGG,Maui,HI,top,2026-11-12,2026-11-12,Thu,2026-11-15,ok,844,,2,Thu 21:47→11:47,3,
2026-10-07T19:36Z,2026-10-07 14:36,OGG,Maui,HI,top,2026-11-12,2026-11-13,Fri,2026-11-15,ok,862,,2,Fri 12:40→13:02,5,
2026-10-07T19:36Z,2026-10-07 14:36,OGG,Maui,HI,top,2026-11-19,2026-11-19,Thu,2026-11-22,ok,1204,,1,Thu 21:47→16:37,3,
2026-10-07T19:36Z,2026-10-07 14:36,OGG,Maui,HI,top,2026-11-19,2026-11-20,Fri,2026-11-22,ok,1120,,1,Fri 08:40→20:44,4,
2026-10-07T19:36Z,2026-10-07 14:36,OGG,Maui,HI,top,2026-11-26,2026-11-26,Thu,2026-11-29,error,,,,,0,'NoneType' object is not subscriptable
2026-10-07T19:36Z,2026-10-07 14:36,OGG,Maui,HI,top,2026-11-26,2026-11-27,Fri,2026-11-29,ok,1173,,1,Fri 15:00→22:45,2,
2026-10-07T19:36Z,2026-10-07 14:36,OGG,Maui,HI,top,2026-12-03,2026-12-03,Thu,2026-12-06,ok,817,,2,Thu 22:00→16:37,4,
2026-10-07T19:36Z,2026-10-07 14:36,OGG,Maui,HI,top,2026-12-03,2026-12-04,Fri,2026-12-06,ok,850,,1,Fri 16:29→13:00,4,
2026-10-07T19:36Z,2026-10-07 14:36,OGG,Maui,HI,top,2026-12-10,2026-12-10,Thu,2026-12-13,ok,847,,2,Thu 21:35→13:00,5,
2026-10-07T19:36Z,2026-10-07 14:36,OGG,Maui,HI,top,2026-12-10,2026-12-11,Fri,2026-12-13,ok,850,,1,Fri 16:30→13:00,2,
2026-10-07T19:36Z,2026-10-07 14:36,JAX,Jacksonville,FL,top,2026-10-08,2026-10-08,Thu,2026-10-11,ok,691,691,0,Thu 18:05→21:47,4,
2026-10-07T19:36Z,2026-10-07 14:36,JAX,Jacksonville,FL,top,2026-10-08,2026-10-09,Fri,2026-10-11,ok,701,,1,Fri 16:11→23:20,2,
2026-10-07T19:36Z,2026-10-07 14:36,JAX,Jacksonville,FL,top,2026-10-15,2026-10-15,Thu,2026-10-18,ok,691,691,0,Thu 18:05→21:47,4,
2026-10-07T19:36Z,2026-10-07 14:36,JAX,Jacksonville,FL,top,2026-10-15,2026-10-16,Fri,2026-10-18,ok,691,691,0,Fri 07:05→10:51,4,
2026-10-07T19:36Z,2026-10-07 14:36,JAX,Jacksonville,FL,top,2026-10-22,2026-10-22,Thu,2026-10-25,ok,663,663,0,Thu 18:05→21:47,4,
2026-10-07T19:36Z,2026-10-07 14:36,JAX,Jacksonville,FL,top,2026-10-22,2026-10-23,Fri,2026-10-25,ok,719,,1,Fri 10:55→18:01,2,
2026-10-07T19:36Z,2026-10-07 14:36,JAX,Jacksonville,FL,top,2026-10-29,2026-10-29,Thu,2026-11-01,ok,466,466,0,Thu 20:00→23:42,3,
2026-10-07T19:36Z,2026-10-07 14:36,JAX,Jacksonville,FL,top,2026-10-29,2026-10-30,Fri,2026-11-01,ok,477,477,0,Fri 07:45→11:26,3,
2026-10-07T19:36Z,2026-10-07 14:36,JAX,Jacksonville,FL,top,2026-11-05,2026-11-05,Thu,2026-11-08,ok,486,486,0,Thu 20:00→23:42,3,
2026-10-07T19:36Z,2026-10-07 14:36,JAX,Jacksonville,FL,top,2026-11-05,2026-11-06,Fri,2026-11-08,ok,587,,1,Fri 14:30→22:10,2,
2026-10-07T19:36Z,2026-10-07 14:36,JAX,Jacksonville,FL,top,2026-11-12,2026-11-12,Thu,2026-11-15,ok,456,456,0,Thu 20:00→23:42,2,
2026-10-07T19:36Z,2026-10-07 14:36,JAX,Jacksonville,FL,top,2026-11-12,2026-11-13,Fri,2026-11-15,ok,467,467,0,Fri 07:47→11:28,4,
2026-10-07T19:36Z,2026-10-07 14:36,JAX,Jacksonville,FL,top,2026-11-19,2026-11-19,Thu,2026-11-22,ok,481,481,0,Thu 20:00→23:42,3,
2026-10-07T19:36Z,2026-10-07 14:36,JAX,Jacksonville,FL,top,2026-11-19,2026-11-20,Fri,2026-11-22,ok,481,481,0,Fri 10:44→14:20,4,
2026-10-07T19:36Z,2026-10-07 14:36,JAX,Jacksonville,FL,top,2026-11-26,2026-11-26,Thu,2026-11-29,error,,,,,0,'NoneType' object is not subscriptable
2026-10-07T19:36Z,2026-10-07 14:36,JAX,Jacksonville,FL,top,2026-11-26,2026-11-27,Fri,2026-11-29,ok,807,,1,Fri 14:30→22:10,2,
2026-10-07T19:36Z,2026-10-07 14:36,JAX,Jacksonville,FL,top,2026-12-03,2026-12-03,Thu,2026-12-06,ok,640,,1,Thu 21:34→09:06,2,
2026-10-07T19:36Z,2026-10-07 14:36,JAX,Jacksonville,FL,top,2026-12-03,2026-12-04,Fri,2026-12-06,ok,467,467,0,Fri 07:30→11:11,4,
2026-10-07T19:36Z,2026-10-07 14:36,JAX,Jacksonville,FL,top,2026-12-10,2026-12-10,Thu,2026-12-13,ok,645,,1,Thu 21:35→10:44,3,
2026-10-07T19:36Z,2026-10-07 14:36,JAX,Jacksonville,FL,top,2026-12-10,2026-12-11,Fri,2026-12-13,ok,467,467,0,Fri 14:25→17:58,4,
2026-10-07T19:36Z,2026-10-07 14:36,BZN,Bozeman,MT,top,2026-10-08,2026-10-08,Thu,2026-10-11,ok,970,,2,Thu 22:00→09:46,4,
2026-10-07T19:36Z,2026-10-07 14:36,BZN,Bozeman,MT,top,2026-10-08,2026-10-09,Fri,2026-10-11,ok,687,,1,Fri 08:40→15:14,4,
2026-10-07T19:36Z,2026-10-07 14:36,BZN,Bozeman,MT,top,2026-10-15,2026-10-15,Thu,2026-10-18,ok,1052,,2,Thu 21:25→09:46,4,
2026-10-07T19:36Z,2026-10-07 14:36,BZN,Bozeman,MT,top,2026-10-15,2026-10-16,Fri,2026-10-18,ok,769,,1,Fri 10:55→15:28,3,
2026-10-07T19:36Z,2026-10-07 14:36,BZN,Bozeman,MT,top,2026-10-22,2026-10-22,Thu,2026-10-25,ok,972,,1,Thu 21:35→10:25,3,
2026-10-07T19:36Z,2026-10-07 14:36,BZN,Bozeman,MT,top,2026-10-22,2026-10-23,Fri,2026-10-25,ok,779,793,1,Fri 07:00→15:17,6,
2026-10-07T19:36Z,2026-10-07 14:36,BZN,Bozeman,MT,top,2026-10-29,2026-10-29,Thu,2026-11-01,ok,588,,1,Thu 21:47→09:52,2,
2026-10-07T19:36Z,2026-10-07 14:36,BZN,Bozeman,MT,top,2026-10-29,2026-10-30,Fri,2026-11-01,ok,574,,1,Fri 17:48→09:52,2,
2026-10-07T19:36Z,2026-10-07 14:36,BZN,Bozeman,MT,top,2026-11-05,2026-11-05,Thu,2026-11-08,ok,598,,1,Thu 21:47→09:52,2,
2026-10-07T19:36Z,2026-10-07 14:36,BZN,Bozeman,MT,top,2026-11-05,2026-11-06,Fri,2026-11-08,ok,469,,1,Fri 14:30→21:30,5,
2026-10-07T19:36Z,2026-10-07 14:36,BZN,Bozeman,MT,top,2026-11-12,2026-11-12,Thu,2026-11-15,ok,588,,1,Thu 21:47→09:52,2,
2026-10-07T19:36Z,2026-10-07 14:36,BZN,Bozeman,MT,top,2026-11-12,2026-11-13,Fri,2026-11-15,ok,574,,1,Fri 17:48→09:52,2,
2026-10-07T19:36Z,2026-10-07 14:36,BZN,Bozeman,MT,top,2026-11-19,2026-11-19,Thu,2026-11-22,ok,806,,1,Thu 21:47→09:52,2,
2026-10-07T19:36Z,2026-10-07 14:36,BZN,Bozeman,MT,top,2026-11-19,2026-11-20,Fri,2026-11-22,ok,701,,1,Fri 10:55→15:30,4,
2026-10-07T19:36Z,2026-10-07 14:36,BZN,Bozeman,MT,top,2026-11-26,2026-11-26,Thu,2026-11-29,error,,,,,0,'NoneType' object is not subscriptable
2026-10-07T19:36Z,2026-10-07 14:36,BZN,Bozeman,MT,top,2026-11-26,2026-11-27,Fri,2026-11-29,ok,975,,1,Fri 13:30→21:30,5,
2026-10-07T19:36Z,2026-10-07 14:36,BZN,Bozeman,MT,top,2026-12-03,2026-12-03,Thu,2026-12-06,ok,588,,1,Thu 21:30→09:45,1,
2026-10-07T19:36Z,2026-10-07 14:36,BZN,Bozeman,MT,top,2026-12-03,2026-12-04,Fri,2026-12-06,ok,449,449,0,Fri 08:59→11:33,4,
2026-10-07T19:36Z,2026-10-07 14:36,BZN,Bozeman,MT,top,2026-12-10,2026-12-10,Thu,2026-12-13,ok,598,,1,Thu 21:30→09:45,1,
2026-10-07T19:36Z,2026-10-07 14:36,BZN,Bozeman,MT,top,2026-12-10,2026-12-11,Fri,2026-12-13,ok,459,459,0,Fri 08:59→11:33,4,
2026-10-07T19:36Z,2026-10-07 14:36,BOI,Boise,ID,state,2026-10-08,2026-10-08,Thu,2026-10-11,ok,639,639,0,Thu 19:55→22:58,2,
2026-10-07T19:36Z,2026-10-07 14:36,BOI,Boise,ID,state,2026-10-08,2026-10-09,Fri,2026-10-11,ok,649,,1,Fri 05:00→09:34,5,
2026-10-07T19:36Z,2026-10-07 14:36,BOI,Boise,ID,state,2026-10-15,2026-10-15,Thu,2026-10-18,ok,717,717,0,Thu 19:55→22:58,2,
2026-10-07T19:36Z,2026-10-07 14:36,BOI,Boise,ID,state,2026-10-15,2026-10-16,Fri,2026-10-18,ok,653,,1,Fri 10:39→19:29,5,
2026-10-07T19:36Z,2026-10-07 14:36,BOI,Boise,ID,state,2026-10-22,2026-10-22,Thu,2026-10-25,ok,594,594,0,Thu 19:55→22:58,2,
2026-10-07T19:36Z,2026-10-07 14:36,BOI,Boise,ID,state,2026-10-22,2026-10-23,Fri,2026-10-25,ok,572,,1,Fri 10:39→19:29,5,
2026-10-07T19:36Z,2026-10-07 14:36,BOI,Boise,ID,state,2026-10-29,2026-10-29,Thu,2026-11-01,ok,538,538,0,Thu 19:45→22:51,3,
2026-10-07T19:36Z,2026-10-07 14:36,BOI,Boise,ID,state,2026-10-29,2026-10-30,Fri,2026-11-01,ok,489,,1,Fri 13:00→18:03,6,
2026-10-07T19:36Z,2026-10-07 14:36,BOI,Boise,ID,state,2026-11-05,2026-11-05,Thu,2026-11-08,ok,498,498,0,Thu 19:45→22:51,4,
2026-10-07T19:36Z,2026-10-07 14:36,BOI,Boise,ID,state,2026-11-05,2026-11-06,Fri,2026-11-08,ok,479,,1,Fri 14:30→21:15,5,
2026-10-07T19:36Z,2026-10-07 14:36,BOI,Boise,ID,state,2026-11-12,2026-11-12,Thu,2026-11-15,ok,538,538,0,Thu 19:45→22:51,3,
2026-10-07T19:36Z,2026-10-07 14:36,BOI,Boise,ID,state,2026-11-12,2026-11-13,Fri,2026-11-15,ok,489,,1,Fri 16:20→21:32,5,
2026-10-07T19:36Z,2026-10-07 14:36,BOI,Boise,ID,state,2026-11-19,2026-11-19,Thu,2026-11-22,ok,585,585,0,Thu 19:45→22:51,3,
2026-10-07T19:36Z,2026-10-07 14:36,BOI,Boise,ID,state,2026-11-19,2026-11-20,Fri,2026-11-22,ok,668,,1,Fri 14:30→23:33,3,
2026-10-07T19:36Z,2026-10-07 14:36,BOI,Boise,ID,state,2026-11-26,2026-11-26,Thu,2026-11-29,error,,,,,0,'NoneType' object is not subscriptable
2026-10-07T19:36Z,2026-10-07 14:36,BOI,Boise,ID,state,2026-11-26,2026-11-27,Fri,2026-11-29,ok,1082,,1,Fri 13:30→21:32,3,
2026-10-07T19:36Z,2026-10-07 14:36,BOI,Boise,ID,state,2026-12-03,2026-12-03,Thu,2026-12-06,ok,575,587,1,Thu 21:30→09:59,2,
2026-10-07T19:36Z,2026-10-07 14:36,BOI,Boise,ID,state,2026-12-03,2026-12-04,Fri,2026-12-06,ok,535,,1,Fri 08:45→16:50,5,
2026-10-07T19:36Z,2026-10-07 14:36,BOI,Boise,ID,state,2026-12-10,2026-12-10,Thu,2026-12-13,ok,565,795,1,Thu 21:30→09:59,2,
2026-10-07T19:36Z,2026-10-07 14:36,BOI,Boise,ID,state,2026-12-10,2026-12-11,Fri,2026-12-13,ok,596,,1,Fri 17:48→09:59,4,
2026-10-07T19:36Z,2026-10-07 14:36,PWM,Portland,ME,state,2026-10-08,2026-10-08,Thu,2026-10-11,ok,1034,,1,Thu 19:45→10:02,5,
2026-10-07T19:36Z,2026-10-07 14:36,PWM,Portland,ME,state,2026-10-08,2026-10-09,Fri,2026-10-11,ok,627,,1,Fri 16:00→23:28,2,
2026-10-07T19:36Z,2026-10-07 14:36,PWM,Portland,ME,state,2026-10-15,2026-10-15,Thu,2026-10-18,ok,617,617,0,Thu 18:10→21:46,4,
2026-10-07T19:36Z,2026-10-07 14:36,PWM,Portland,ME,state,2026-10-15,2026-10-16,Fri,2026-10-18,ok,617,617,0,Fri 06:59→10:40,4,
2026-10-07T19:36Z,2026-10-07 14:36,PWM,Portland,ME,state,2026-10-22,2026-10-22,Thu,2026-10-25,ok,595,595,0,Thu 18:10→21:46,3,
2026-10-07T19:36Z,2026-10-07 14:36,PWM,Portland,ME,state,2026-10-22,2026-10-23,Fri,2026-10-25,ok,617,617,0,Fri 06:59→10:40,4,
2026-10-07T19:36Z,2026-10-07 14:36,PWM,Portland,ME,state,2026-10-29,2026-10-29,Thu,2026-11-01,ok,471,471,0,Thu 18:18→21:51,2,
2026-10-07T19:36Z,2026-10-07 14:36,PWM,Portland,ME,state,2026-10-29,2026-10-30,Fri,2026-11-01,ok,514,,1,Fri 17:30→23:21,5,
2026-10-07T19:36Z,2026-10-07 14:36,PWM,Portland,ME,state,2026-11-05,2026-11-05,Thu,2026-11-08,ok,471,471,0,Thu 18:18→21:51,4,
2026-10-07T19:36Z,2026-10-07 14:36,PWM,Portland,ME,state,2026-11-05,2026-11-06,Fri,2026-11-08,ok,481,,1,Fri 17:29→23:21,6,
2026-10-07T19:36Z,2026-10-07 14:36,PWM,Portland,ME,state,2026-11-12,2026-11-12,Thu,2026-11-15,ok,564,564,0,Thu 18:18→21:51,2,
2026-10-07T19:36Z,2026-10-07 14:36,PWM,Portland,ME,state,2026-11-12,2026-11-13,Fri,2026-11-15,ok,481,,1,Fri 13:30→19:02,4,
2026-10-07T19:36Z,2026-10-07 14:36,PWM,Portland,ME,state,2026-11-19,2026-11-19,Thu,2026-11-22,ok,520,520,0,Thu 18:18→21:51,3,
2026-10-07T19:36Z,2026-10-07 14:36,PWM,Portland,ME,state,2026-11-19,2026-11-20,Fri,2026-11-22,ok,530,,1,Fri 15:00→23:59,5,
2026-10-07T19:36Z,2026-10-07 14:36,PWM,Portland,ME,state,2026-11-26,2026-11-26,Thu,2026-11-29,error,,,,,0,'NoneType' object is not subscriptable
2026-10-07T19:36Z,2026-10-07 14:36,PWM,Portland,ME,state,2026-11-26,2026-11-27,Fri,2026-11-29,ok,720,,1,Fri 16:40→23:21,5,
2026-10-07T19:36Z,2026-10-07 14:36,PWM,Portland,ME,state,2026-12-03,2026-12-03,Thu,2026-12-06,ok,780,,1,Thu 21:35→14:37,2,
2026-10-07T19:36Z,2026-10-07 14:36,PWM,Portland,ME,state,2026-12-03,2026-12-04,Fri,2026-12-06,ok,543,,1,Fri 16:37→23:24,5,
2026-10-07T19:36Z,2026-10-07 14:36,PWM,Portland,ME,state,2026-12-10,2026-12-10,Thu,2026-12-13,ok,682,,1,Thu 21:34→09:05,2,
2026-10-07T19:36Z,2026-10-07 14:36,PWM,Portland,ME,state,2026-12-10,2026-12-11,Fri,2026-12-13,ok,543,,1,Fri 05:55→14:37,5,
2026-10-07T19:36Z,2026-10-07 14:36,ABQ,Albuquerque,NM,state,2026-10-08,2026-10-08,Thu,2026-10-11,ok,709,709,0,Thu 20:10→22:25,2,
2026-10-07T19:36Z,2026-10-07 14:36,ABQ,Albuquerque,NM,state,2026-10-08,2026-10-09,Fri,2026-10-11,ok,719,,1,Fri 06:00→12:37,5,
2026-10-07T19:36Z,2026-10-07 14:36,ABQ,Albuquerque,NM,state,2026-10-15,2026-10-15,Thu,2026-10-18,ok,706,706,0,Thu 20:10→22:25,2,
2026-10-07T19:36Z,2026-10-07 14:36,ABQ,Albuquerque,NM,state,2026-10-15,2026-10-16,Fri,2026-10-18,ok,685,,1,Fri 12:45→17:56,5,
2026-10-07T19:36Z,2026-10-07 14:36,ABQ,Albuquerque,NM,state,2026-10-22,2026-10-22,Thu,2026-10-25,ok,651,651,0,Thu 20:10→22:25,2,
2026-10-07T19:36Z,2026-10-07 14:36,ABQ,Albuquerque,NM,state,2026-10-22,2026-10-23,Fri,2026-10-25,ok,703,,1,Fri 12:45→17:56,4,
2026-10-07T19:36Z,2026-10-07 14:36,ABQ,Albuquerque,NM,state,2026-10-29,2026-10-29,Thu,2026-11-01,ok,618,,1,Thu 21:47→09:41,1,
2026-10-07T19:36Z,2026-10-07 14:36,ABQ,Albuquerque,NM,state,2026-10-29,2026-10-30,Fri,2026-11-01,ok,576,,1,Fri 05:30→11:15,2,
2026-10-07T19:36Z,2026-10-07 14:36,ABQ,Albuquerque,NM,state,2026-11-05,2026-11-05,Thu,2026-11-08,ok,602,,1,Thu 21:47→09:41,1,
2026-10-07T19:36Z,2026-10-07 14:36,ABQ,Albuquerque,NM,state,2026-11-05,2026-11-06,Fri,2026-11-08,ok,595,,1,Fri 10:34→18:23,5,
2026-10-07T19:36Z,2026-10-07 14:36,ABQ,Albuquerque,NM,state,2026-11-12,2026-11-12,Thu,2026-11-15,ok,602,,1,Thu 21:47→09:41,1,
2026-10-07T19:36Z,2026-10-07 14:36,ABQ,Albuquerque,NM,state,2026-11-12,2026-11-13,Fri,2026-11-15,ok,560,,1,Fri 05:30→11:15,5,
2026-10-07T19:36Z,2026-10-07 14:36,ABQ,Albuquerque,NM,state,2026-11-19,2026-11-19,Thu,2026-11-22,ok,612,,1,Thu 21:47→09:41,1,
2026-10-07T19:36Z,2026-10-07 14:36,ABQ,Albuquerque,NM,state,2026-11-19,2026-11-20,Fri,2026-11-22,ok,543,,1,Fri 05:30→11:15,5,
2026-10-07T19:36Z,2026-10-07 14:36,ABQ,Albuquerque,NM,state,2026-11-26,2026-11-26,Thu,2026-11-29,error,,,,,0,'NoneType' object is not subscriptable
2026-10-07T19:36Z,2026-10-07 14:36,ABQ,Albuquerque,NM,state,2026-11-26,2026-11-27,Fri,2026-11-29,ok,814,,1,Fri 14:30→21:00,6,
2026-10-07T19:36Z,2026-10-07 14:36,ABQ,Albuquerque,NM,state,2026-12-03,2026-12-03,Thu,2026-12-06,ok,602,,1,Thu 21:30→09:41,2,
2026-10-07T19:36Z,2026-10-07 14:36,ABQ,Albuquerque,NM,state,2026-12-03,2026-12-04,Fri,2026-12-06,ok,560,,1,Fri 05:45→11:32,5,
2026-10-07T19:36Z,2026-10-07 14:36,ABQ,Albuquerque,NM,state,2026-12-10,2026-12-10,Thu,2026-12-13,ok,602,,1,Thu 21:30→09:41,2,
2026-10-07T19:36Z,2026-10-07 14:36,ABQ,Albuquerque,NM,state,2026-12-10,2026-12-11,Fri,2026-12-13,ok,560,,1,Fri 05:45→11:32,5,
2026-10-07T19:36Z,2026-10-07 14:36,CHS,Charleston,SC,state,2026-10-08,2026-10-08,Thu,2026-10-11,ok,695,695,0,Thu 18:10→21:33,2,
2026-10-07T19:36Z,2026-10-07 14:36,CHS,Charleston,SC,state,2026-10-08,2026-10-09,Fri,2026-10-11,ok,667,,1,Fri 06:25→16:17,4,
2026-10-07T19:36Z,2026-10-07 14:36,CHS,Charleston,SC,state,2026-10-15,2026-10-15,Thu,2026-10-18,ok,667,695,1,Thu 18:06→00:15,4,
2026-10-07T19:36Z,2026-10-07 14:36,CHS,Charleston,SC,state,2026-10-15,2026-10-16,Fri,2026-10-18,ok,667,690,1,Fri 07:00→15:10,6,
2026-10-07T19:36Z,2026-10-07 14:36,CHS,Charleston,SC,state,2026-10-22,2026-10-22,Thu,2026-10-25,ok,830,830,0,Thu 18:10→21:33,3,
2026-10-07T19:36Z,2026-10-07 14:36,CHS,Charleston,SC,state,2026-10-22,2026-10-23,Fri,2026-10-25,ok,788,788,0,Fri 14:25→18:02,4,
2026-10-07T19:36Z,2026-10-07 14:36,CHS,Charleston,SC,state,2026-10-29,2026-10-29,Thu,2026-11-01,ok,694,806,1,Thu 21:48→09:12,2,
2026-10-07T19:36Z,2026-10-07 14:36,CHS,Charleston,SC,state,2026-10-29,2026-10-30,Fri,2026-11-01,ok,495,,1,Fri 08:50→14:38,2,
2026-10-07T19:36Z,2026-10-07 14:36,CHS,Charleston,SC,state,2026-11-05,2026-11-05,Thu,2026-11-08,ok,847,924,1,Thu 21:41→10:06,3,
2026-10-07T19:36Z,2026-10-07 14:36,CHS,Charleston,SC,state,2026-11-05,2026-11-06,Fri,2026-11-08,ok,622,622,0,Fri 14:32→18:06,4,
2026-10-07T19:36Z,2026-10-07 14:36,CHS,Charleston,SC,state,2026-11-12,2026-11-12,Thu,2026-11-15,ok,623,623,0,Thu 18:17→22:00,3,
2026-10-07T19:36Z,2026-10-07 14:36,CHS,Charleston,SC,state,2026-11-12,2026-11-13,Fri,2026-11-15,ok,557,557,0,Fri 07:47→11:21,4,
2026-10-07T19:36Z,2026-10-07 14:36,CHS,Charleston,SC,state,2026-11-19,2026-11-19,Thu,2026-11-22,ok,571,571,0,Thu 18:17→22:00,2,
2026-10-07T19:36Z,2026-10-07 14:36,CHS,Charleston,SC,state,2026-11-19,2026-11-20,Fri,2026-11-22,ok,479,479,0,Fri 07:47→11:21,4,
2026-10-07T19:36Z,2026-10-07 14:36,CHS,Charleston,SC,state,2026-11-26,2026-11-26,Thu,2026-11-29,error,,,,,0,'NoneType' object is not subscriptable
2026-10-07T19:36Z,2026-10-07 14:36,CHS,Charleston,SC,state,2026-11-26,2026-11-27,Fri,2026-11-29,ok,729,729,0,Fri 10:40→13:56,3,
2026-10-07T19:36Z,2026-10-07 14:36,CHS,Charleston,SC,state,2026-12-03,2026-12-03,Thu,2026-12-06,ok,646,,1,Thu 21:34→09:17,1,
2026-10-07T19:36Z,2026-10-07 14:36,CHS,Charleston,SC,state,2026-12-03,2026-12-04,Fri,2026-12-06,ok,524,,1,Fri 10:55→19:15,2,
2026-10-07T19:36Z,2026-10-07 14:36,CHS,Charleston,SC,state,2026-12-10,2026-12-10,Thu,2026-12-13,ok,705,,1,Thu 21:34→09:17,1,
2026-10-07T19:36Z,2026-10-07 14:36,CHS,Charleston,SC,state,2026-12-10,2026-12-11,Fri,2026-12-13,ok,465,465,0,Fri 10:38→14:00,4,
2026-10-07T19:36Z,2026-10-07 14:36,MKE,Milwaukee,WI,state,2026-10-08,2026-10-08,Thu,2026-10-11,ok,609,609,0,Thu 18:00→19:10,3,
2026-10-07T19:36Z,2026-10-07 14:36,MKE,Milwaukee,WI,state,2026-10-08,2026-10-09,Fri,2026-10-11,ok,609,609,0,Fri 05:59→07:07,5,
2026-10-07T19:36Z,2026-10-07 14:36,MKE,Milwaukee,WI,state,2026-10-15,2026-10-15,Thu,2026-10-18,ok,609,609,0,Thu 18:00→19:10,3,
2026-10-07T19:36Z,2026-10-07 14:36,MKE,Milwaukee,WI,state,2026-10-15,2026-10-16,Fri,2026-10-18,ok,619,619,0,Fri 16:30→17:40,4,
2026-10-07T19:36Z,2026-10-07 14:36,MKE,Milwaukee,WI,state,2026-10-22,2026-10-22,Thu,2026-10-25,ok,407,407,0,Thu 22:00→22:59,3,
2026-10-07T19:36Z,2026-10-07 14:36,MKE,Milwaukee,WI,state,2026-10-22,2026-10-23,Fri,2026-10-25,ok,397,397,0,Fri 05:59→07:07,6,
2026-10-07T19:36Z,2026-10-07 14:36,MKE,Milwaukee,WI,state,2026-10-29,2026-10-29,Thu,2026-11-01,ok,295,295,0,Thu 21:20→22:15,3,
2026-10-07T19:36Z,2026-10-07 14:36,MKE,Milwaukee,WI,state,2026-10-29,2026-10-30,Fri,2026-11-01,ok,317,317,0,Fri 15:59→17:02,3,
2026-10-07T19:36Z,2026-10-07 14:36,MKE,Milwaukee,WI,state,2026-11-05,2026-11-05,Thu,2026-11-08,ok,295,295,0,Thu 21:20→22:15,2,
2026-10-07T19:36Z,2026-10-07 14:36,MKE,Milwaukee,WI,state,2026-11-05,2026-11-06,Fri,2026-11-08,ok,317,317,0,Fri 07:29→08:35,8,
2026-10-07T19:36Z,2026-10-07 14:36,MKE,Milwaukee,WI,state,2026-11-12,2026-11-12,Thu,2026-11-15,ok,295,295,0,Thu 21:20→22:15,3,
2026-10-07T19:36Z,2026-10-07 14:36,MKE,Milwaukee,WI,state,2026-11-12,2026-11-13,Fri,2026-11-15,ok,317,317,0,Fri 16:00→17:03,5,
2026-10-07T19:36Z,2026-10-07 14:36,MKE,Milwaukee,WI,state,2026-11-19,2026-11-19,Thu,2026-11-22,ok,329,329,0,Thu 19:45→20:50,3,
2026-10-07T19:36Z,2026-10-07 14:36,MKE,Milwaukee,WI,state,2026-11-19,2026-11-20,Fri,2026-11-22,ok,329,329,0,Fri 16:00→17:03,5,
2026-10-07T19:36Z,2026-10-07 14:36,MKE,Milwaukee,WI,state,2026-11-26,2026-11-26,Thu,2026-11-29,error,,,,,0,'NoneType' object is not subscriptable
2026-10-07T19:36Z,2026-10-07 14:36,MKE,Milwaukee,WI,state,2026-11-26,2026-11-27,Fri,2026-11-29,ok,317,317,0,Fri 09:02→10:13,4,
2026-10-07T19:36Z,2026-10-07 14:36,MKE,Milwaukee,WI,state,2026-12-03,2026-12-03,Thu,2026-12-06,ok,295,295,0,Thu 19:50→20:55,3,
2026-10-07T19:36Z,2026-10-07 14:36,MKE,Milwaukee,WI,state,2026-12-03,2026-12-04,Fri,2026-12-06,ok,317,317,0,Fri 06:29→07:35,6,
2026-10-07T19:36Z,2026-10-07 14:36,MKE,Milwaukee,WI,state,2026-12-10,2026-12-10,Thu,2026-12-13,ok,295,295,0,Thu 19:50→20:55,3,
2026-10-07T19:36Z,2026-10-07 14:36,MKE,Milwaukee,WI,state,2026-12-10,2026-12-11,Fri,2026-12-13,ok,317,317,0,Fri 06:29→07:35,6,
2026-10-07T19:36Z,2026-10-07 14:36,IAH,Houston,TX,top,2026-10-08,2026-10-08,Thu,2026-10-11,ok,701,701,0,Thu 18:29→21:20,3,
2026-10-07T19:36Z,2026-10-07 14:36,IAH,Houston,TX,top,2026-10-08,2026-10-09,Fri,2026-10-11,ok,701,701,0,Fri 05:30→08:19,6,
2026-10-07T19:36Z,2026-10-07 14:36,IAH,Houston,TX,top,2026-10-15,2026-10-15,Thu,2026-10-18,ok,701,701,0,Thu 18:29→21:20,4,
2026-10-07T19:36Z,2026-10-07 14:36,IAH,Houston,TX,top,2026-10-15,2026-10-16,Fri,2026-10-18,ok,701,701,0,Fri 05:30→08:19,6,
2026-10-07T19:36Z,2026-10-07 14:36,IAH,Houston,TX,top,2026-10-22,2026-10-22,Thu,2026-10-25,ok,679,679,0,Thu 18:29→21:20,4,
2026-10-07T19:36Z,2026-10-07 14:36,IAH,Houston,TX,top,2026-10-22,2026-10-23,Fri,2026-10-25,ok,679,679,0,Fri 05:30→08:19,6,
2026-10-07T19:36Z,2026-10-07 14:36,IAH,Houston,TX,top,2026-10-29,2026-10-29,Thu,2026-11-01,ok,460,460,0,Thu 19:55→22:53,4,
2026-10-07T19:36Z,2026-10-07 14:36,IAH,Houston,TX,top,2026-10-29,2026-10-30,Fri,2026-11-01,ok,490,490,0,Fri 07:29→10:32,6,
2026-10-07T19:36Z,2026-10-07 14:36,IAH,Houston,TX,top,2026-11-05,2026-11-05,Thu,2026-11-08,ok,398,398,0,Thu 18:30→21:35,4,
2026-10-07T19:36Z,2026-10-07 14:36,IAH,Houston,TX,top,2026-11-05,2026-11-06,Fri,2026-11-08,ok,428,428,0,Fri 17:30→20:30,5,
2026-10-07T19:36Z,2026-10-07 14:36,IAH,Houston,TX,top,2026-11-12,2026-11-12,Thu,2026-11-15,ok,563,,1,Thu 21:47→08:33,2,
2026-10-07T19:36Z,2026-10-07 14:36,IAH,Houston,TX,top,2026-11-12,2026-11-13,Fri,2026-11-15,ok,428,428,0,Fri 05:30→08:26,6,
2026-10-07T19:36Z,2026-10-07 14:36,IAH,Houston,TX,top,2026-11-19,2026-11-19,Thu,2026-11-22,ok,424,424,0,Thu 18:30→21:35,3,
2026-10-07T19:36Z,2026-10-07 14:36,IAH,Houston,TX,top,2026-11-19,2026-11-20,Fri,2026-11-22,ok,450,450,0,Fri 16:07→19:10,4,
2026-10-07T19:36Z,2026-10-07 14:36,IAH,Houston,TX,top,2026-11-26,2026-11-26,Thu,2026-11-29,error,,,,,0,no flights found; received error
2026-10-07T19:36Z,2026-10-07 14:36,IAH,Houston,TX,top,2026-11-26,2026-11-27,Fri,2026-11-29,ok,502,502,0,Fri 10:34→13:35,6,
2026-10-07T19:36Z,2026-10-07 14:36,IAH,Houston,TX,top,2026-12-03,2026-12-03,Thu,2026-12-06,ok,398,398,0,Thu 19:50→22:48,4,
2026-10-07T19:36Z,2026-10-07 14:36,IAH,Houston,TX,top,2026-12-03,2026-12-04,Fri,2026-12-06,ok,428,428,0,Fri 05:45→08:41,6,
2026-10-07T19:36Z,2026-10-07 14:36,IAH,Houston,TX,top,2026-12-10,2026-12-10,Thu,2026-12-13,ok,398,398,0,Thu 21:35→00:30,3,
2026-10-07T19:36Z,2026-10-07 14:36,IAH,Houston,TX,top,2026-12-10,2026-12-11,Fri,2026-12-13,ok,428,428,0,Fri 07:30→10:33,5,
2026-10-07T19:36Z,2026-10-07 14:36,LAX,Los Angeles,CA,top,2026-10-08,2026-10-08,Thu,2026-10-11,ok,705,705,0,Thu 18:06→20:39,3,
2026-10-07T19:36Z,2026-10-07 14:36,LAX,Los Angeles,CA,top,2026-10-08,2026-10-09,Fri,2026-10-11,ok,705,705,0,Fri 13:00→15:32,5,
2026-10-07T19:36Z,2026-10-07 14:36,LAX,Los Angeles,CA,top,2026-10-15,2026-10-15,Thu,2026-10-18,ok,705,705,0,Thu 18:06→20:39,3,
2026-10-07T19:36Z,2026-10-07 14:36,LAX,Los Angeles,CA,top,2026-10-15,2026-10-16,Fri,2026-10-18,ok,705,705,0,Fri 13:00→15:32,5,
2026-10-07T19:36Z,2026-10-07 14:36,LAX,Los Angeles,CA,top,2026-10-22,2026-10-22,Thu,2026-10-25,ok,555,555,0,Thu 19:45→22:20,4,
2026-10-07T19:36Z,2026-10-07 14:36,LAX,Los Angeles,CA,top,2026-10-22,2026-10-23,Fri,2026-10-25,ok,599,599,0,Fri 15:50→18:27,5,
2026-10-07T19:36Z,2026-10-07 14:36,LAX,Los Angeles,CA,top,2026-10-29,2026-10-29,Thu,2026-11-01,ok,410,410,0,Thu 20:05→22:49,3,
2026-10-07T19:36Z,2026-10-07 14:36,LAX,Los Angeles,CA,top,2026-10-29,2026-10-30,Fri,2026-11-01,ok,337,337,0,Fri 14:40→17:20,7,
2026-10-07T19:36Z,2026-10-07 14:36,LAX,Los Angeles,CA,top,2026-11-05,2026-11-05,Thu,2026-11-08,ok,387,387,0,Thu 20:11→22:55,2,
2026-10-07T19:36Z,2026-10-07 14:36,LAX,Los Angeles,CA,top,2026-11-05,2026-11-06,Fri,2026-11-08,ok,307,307,0,Fri 14:00→16:40,7,
2026-10-07T19:36Z,2026-10-07 14:36,LAX,Los Angeles,CA,top,2026-11-12,2026-11-12,Thu,2026-11-15,ok,362,362,0,Thu 20:11→22:55,2,
2026-10-07T19:36Z,2026-10-07 14:36,LAX,Los Angeles,CA,top,2026-11-12,2026-11-13,Fri,2026-11-15,ok,307,307,0,Fri 15:00→17:35,5,
2026-10-07T19:36Z,2026-10-07 14:36,LAX,Los Angeles,CA,top,2026-11-19,2026-11-19,Thu,2026-11-22,ok,535,535,0,Thu 20:11→22:55,2,
2026-10-07T19:36Z,2026-10-07 14:36,LAX,Los Angeles,CA,top,2026-11-19,2026-11-20,Fri,2026-11-22,ok,535,535,0,Fri 10:25→13:09,7,
2026-10-07T19:36Z,2026-10-07 14:36,LAX,Los Angeles,CA,top,2026-11-26,2026-11-26,Thu,2026-11-29,error,,,,,0,'NoneType' object is not subscriptable
2026-10-07T19:36Z,2026-10-07 14:36,LAX,Los Angeles,CA,top,2026-11-26,2026-11-27,Fri,2026-11-29,ok,665,665,0,Fri 15:00→17:35,4,
2026-10-07T19:36Z,2026-10-07 14:36,LAX,Los Angeles,CA,top,2026-12-03,2026-12-03,Thu,2026-12-06,ok,433,433,0,Thu 20:15→22:59,2,
2026-10-07T19:36Z,2026-10-07 14:36,LAX,Los Angeles,CA,top,2026-12-03,2026-12-04,Fri,2026-12-06,ok,317,317,0,Fri 14:29→17:09,6,
2026-10-07T19:36Z,2026-10-07 14:36,LAX,Los Angeles,CA,top,2026-12-10,2026-12-10,Thu,2026-12-13,ok,336,336,0,Thu 20:15→22:59,3,
2026-10-07T19:36Z,2026-10-07 14:36,LAX,Los Angeles,CA,top,2026-12-10,2026-12-11,Fri,2026-12-13,ok,317,317,0,Fri 14:29→17:09,6,
2026-10-07T19:36Z,2026-10-07 14:36,LAS,Las Vegas,NV,top,2026-10-08,2026-10-08,Thu,2026-10-11,ok,577,577,0,Thu 20:05→22:13,3,
2026-10-07T19:36Z,2026-10-07 14:36,LAS,Las Vegas,NV,top,2026-10-08,2026-10-09,Fri,2026-10-11,ok,587,758,1,Fri 08:50→13:59,8,
2026-10-07T19:36Z,2026-10-07 14:36,LAS,Las Vegas,NV,top,2026-10-15,2026-10-15,Thu,2026-10-18,ok,577,577,0,Thu 18:20→20:28,2,
2026-10-07T19:36Z,2026-10-07 14:36,LAS,Las Vegas,NV,top,2026-10-15,2026-10-16,Fri,2026-10-18,ok,587,613,1,Fri 05:00→08:36,3,
2026-10-07T19:36Z,2026-10-07 14:36,LAS,Las Vegas,NV,top,2026-10-22,2026-10-22,Thu,2026-10-25,ok,577,577,0,Thu 18:20→20:28,3,
2026-10-07T19:36Z,2026-10-07 14:36,LAS,Las Vegas,NV,top,2026-10-22,2026-10-23,Fri,2026-10-25,ok,577,577,0,Fri 15:40→17:49,5,
2026-10-07T19:36Z,2026-10-07 14:36,LAS,Las Vegas,NV,top,2026-10-29,2026-10-29,Thu,2026-11-01,ok,439,439,0,Thu 18:07→20:23,2,
2026-10-07T19:36Z,2026-10-07 14:36,LAS,Las Vegas,NV,top,2026-10-29,2026-10-30,Fri,2026-11-01,ok,469,469,0,Fri 14:30→16:43,4,
2026-10-07T19:36Z,2026-10-07 14:36,LAS,Las Vegas,NV,top,2026-11-05,2026-11-05,Thu,2026-11-08,ok,423,423,0,Thu 20:19→22:31,3,
2026-10-07T19:36Z,2026-10-07 14:36,LAS,Las Vegas,NV,top,2026-11-05,2026-11-06,Fri,2026-11-08,ok,463,546,1,Fri 10:25→15:12,4,
2026-10-07T19:36Z,2026-10-07 14:36,LAS,Las Vegas,NV,top,2026-11-12,2026-11-12,Thu,2026-11-15,ok,480,480,0,Thu 20:19→22:31,3,
2026-10-07T19:36Z,2026-10-07 14:36,LAS,Las Vegas,NV,top,2026-11-12,2026-11-13,Fri,2026-11-15,ok,520,603,1,Fri 16:20→20:45,6,
2026-10-07T19:36Z,2026-10-07 14:36,LAS,Las Vegas,NV,top,2026-11-19,2026-11-19,Thu,2026-11-22,ok,541,541,0,Thu 18:07→20:23,3,
2026-10-07T19:36Z,2026-10-07 14:36,LAS,Las Vegas,NV,top,2026-11-19,2026-11-20,Fri,2026-11-22,ok,541,541,0,Fri 15:00→17:13,5,
2026-10-07T19:36Z,2026-10-07 14:36,LAS,Las Vegas,NV,top,2026-11-26,2026-11-26,Thu,2026-11-29,error,,,,,0,'NoneType' object is not subscriptable
2026-10-07T19:36Z,2026-10-07 14:36,LAS,Las Vegas,NV,top,2026-11-26,2026-11-27,Fri,2026-11-29,ok,556,556,0,Fri 15:00→17:13,6,
2026-10-07T19:36Z,2026-10-07 14:36,LAS,Las Vegas,NV,top,2026-12-03,2026-12-03,Thu,2026-12-06,ok,416,416,0,Thu 20:42→22:53,2,
2026-10-07T19:36Z,2026-10-07 14:36,LAS,Las Vegas,NV,top,2026-12-03,2026-12-04,Fri,2026-12-06,ok,456,510,1,Fri 12:55→18:07,5,
2026-10-07T19:36Z,2026-10-07 14:36,LAS,Las Vegas,NV,top,2026-12-10,2026-12-10,Thu,2026-12-13,ok,416,416,0,Thu 20:42→22:53,2,
2026-10-07T19:36Z,2026-10-07 14:36,LAS,Las Vegas,NV,top,2026-12-10,2026-12-11,Fri,2026-12-13,ok,446,446,0,Fri 17:59→20:10,4,
2026-10-07T19:36Z,2026-10-07 14:36,SAN,San Diego,CA,top,2026-10-08,2026-10-08,Thu,2026-10-11,ok,743,743,0,Thu 20:16→22:41,1,
2026-10-07T19:36Z,2026-10-07 14:36,SAN,San Diego,CA,top,2026-10-08,2026-10-09,Fri,2026-10-11,ok,743,743,0,Fri 07:05→09:32,5,
2026-10-07T19:36Z,2026-10-07 14:36,SAN,San Diego,CA,top,2026-10-15,2026-10-15,Thu,2026-10-18,ok,743,743,0,Thu 20:16→22:41,2,
2026-10-07T19:36Z,2026-10-07 14:36,SAN,San Diego,CA,top,2026-10-15,2026-10-16,Fri,2026-10-18,ok,753,,1,Fri 05:00→09:05,5,
2026-10-07T19:36Z,2026-10-07 14:36,SAN,San Diego,CA,top,2026-10-22,2026-10-22,Thu,2026-10-25,ok,539,539,0,Thu 20:16→22:41,2,
2026-10-07T19:36Z,2026-10-07 14:36,SAN,San Diego,CA,top,2026-10-22,2026-10-23,Fri,2026-10-25,ok,607,607,0,Fri 07:05→09:32,6,
2026-10-07T19:36Z,2026-10-07 14:36,SAN,San Diego,CA,top,2026-10-29,2026-10-29,Thu,2026-11-01,ok,434,434,0,Thu 20:02→22:40,2,
2026-10-07T19:36Z,2026-10-07 14:36,SAN,San Diego,CA,top,2026-10-29,2026-10-30,Fri,2026-11-01,ok,434,434,0,Fri 07:00→09:27,5,
2026-10-07T19:36Z,2026-10-07 14:36,SAN,San Diego,CA,top,2026-11-05,2026-11-05,Thu,2026-11-08,ok,394,394,0,Thu 20:02→22:40,2,
2026-10-07T19:36Z,2026-10-07 14:36,SAN,San Diego,CA,top,2026-11-05,2026-11-06,Fri,2026-11-08,ok,404,,1,Fri 13:00→17:17,4,
2026-10-07T19:36Z,2026-10-07 14:36,SAN,San Diego,CA,top,2026-11-12,2026-11-12,Thu,2026-11-15,ok,394,394,0,Thu 20:02→22:40,2,
2026-10-07T19:36Z,2026-10-07 14:36,SAN,San Diego,CA,top,2026-11-12,2026-11-13,Fri,2026-11-15,ok,394,394,0,Fri 07:00→09:27,6,
2026-10-07T19:36Z,2026-10-07 14:36,SAN,San Diego,CA,top,2026-11-19,2026-11-19,Thu,2026-11-22,ok,497,497,0,Thu 20:02→22:40,2,
2026-10-07T19:36Z,2026-10-07 14:36,SAN,San Diego,CA,top,2026-11-19,2026-11-20,Fri,2026-11-22,ok,497,497,0,Fri 07:00→09:27,5,
2026-10-07T19:36Z,2026-10-07 14:36,SAN,San Diego,CA,top,2026-11-26,2026-11-26,Thu,2026-11-29,error,,,,,0,'NoneType' object is not subscriptable
2026-10-07T19:36Z,2026-10-07 14:36,SAN,San Diego,CA,top,2026-11-26,2026-11-27,Fri,2026-11-29,ok,747,,1,Fri 13:00→17:17,3,
2026-10-07T19:36Z,2026-10-07 14:36,SAN,San Diego,CA,top,2026-12-03,2026-12-03,Thu,2026-12-06,ok,590,590,0,Thu 19:55→22:33,1,
2026-10-07T19:36Z,2026-10-07 14:36,SAN,San Diego,CA,top,2026-12-03,2026-12-04,Fri,2026-12-06,ok,404,,1,Fri 05:59→11:15,3,
2026-10-07T19:36Z,2026-10-07 14:36,SAN,San Diego,CA,top,2026-12-10,2026-12-10,Thu,2026-12-13,ok,394,394,0,Thu 19:55→22:33,2,
2026-10-07T19:36Z,2026-10-07 14:36,SAN,San Diego,CA,top,2026-12-10,2026-12-11,Fri,2026-12-13,ok,404,,1,Fri 07:00→11:15,5,
2026-10-07T19:36Z,2026-10-07 14:36,MSP,Minneapolis,MN,top,2026-10-08,2026-10-08,Thu,2026-10-11,ok,647,647,0,Thu 18:27→20:02,3,
2026-10-07T19:36Z,2026-10-07 14:36,MSP,Minneapolis,MN,top,2026-10-08,2026-10-09,Fri,2026-10-11,ok,647,647,0,Fri 07:01→08:41,4,
2026-10-07T19:36Z,2026-10-07 14:36,MSP,Minneapolis,MN,top,2026-10-15,2026-10-15,Thu,2026-10-18,ok,647,647,0,Thu 18:27→20:02,3,
2026-10-07T19:36Z,2026-10-07 14:36,MSP,Minneapolis,MN,top,2026-10-15,2026-10-16,Fri,2026-10-18,ok,647,647,0,Fri 07:01→08:41,6,
2026-10-07T19:36Z,2026-10-07 14:36,MSP,Minneapolis,MN,top,2026-10-22,2026-10-22,Thu,2026-10-25,ok,583,583,0,Thu 18:27→20:02,3,
2026-10-07T19:36Z,2026-10-07 14:36,MSP,Minneapolis,MN,top,2026-10-22,2026-10-23,Fri,2026-10-25,ok,583,583,0,Fri 07:01→08:41,4,
2026-10-07T19:36Z,2026-10-07 14:36,MSP,Minneapolis,MN,top,2026-10-29,2026-10-29,Thu,2026-11-01,ok,389,389,0,Thu 21:25→22:59,3,
2026-10-07T19:36Z,2026-10-07 14:36,MSP,Minneapolis,MN,top,2026-10-29,2026-10-30,Fri,2026-11-01,ok,418,418,0,Fri 07:00→08:33,5,
2026-10-07T19:36Z,2026-10-07 14:36,MSP,Minneapolis,MN,top,2026-11-05,2026-11-05,Thu,2026-11-08,ok,376,376,0,Thu 21:25→22:59,3,
2026-10-07T19:36Z,2026-10-07 14:36,MSP,Minneapolis,MN,top,2026-11-05,2026-11-06,Fri,2026-11-08,ok,405,405,0,Fri 07:00→08:33,3,
2026-10-07T19:36Z,2026-10-07 14:36,MSP,Minneapolis,MN,top,2026-11-12,2026-11-12,Thu,2026-11-15,ok,376,376,0,Thu 21:25→22:59,2,
2026-10-07T19:36Z,2026-10-07 14:36,MSP,Minneapolis,MN,top,2026-11-12,2026-11-13,Fri,2026-11-15,ok,405,405,0,Fri 07:00→08:33,5,
2026-10-07T19:36Z,2026-10-07 14:36,MSP,Minneapolis,MN,top,2026-11-19,2026-11-19,Thu,2026-11-22,ok,358,358,0,Thu 18:06→19:45,2,
2026-10-07T19:36Z,2026-10-07 14:36,MSP,Minneapolis,MN,top,2026-11-19,2026-11-20,Fri,2026-11-22,ok,358,358,0,Fri 07:00→08:33,5,
2026-10-07T19:36Z,2026-10-07 14:36,MSP,Minneapolis,MN,top,2026-11-26,2026-11-26,Thu,2026-11-29,error,,,,,0,'NoneType' object is not subscriptable
2026-10-07T19:36Z,2026-10-07 14:36,MSP,Minneapolis,MN,top,2026-11-26,2026-11-27,Fri,2026-11-29,ok,405,405,0,Fri 07:00→08:33,6,
2026-10-07T19:36Z,2026-10-07 14:36,MSP,Minneapolis,MN,top,2026-12-03,2026-12-03,Thu,2026-12-06,ok,376,376,0,Thu 21:55→23:30,2,
2026-10-07T19:36Z,2026-10-07 14:36,MSP,Minneapolis,MN,top,2026-12-03,2026-12-04,Fri,2026-12-06,ok,405,405,0,Fri 07:15→08:53,5,
2026-10-07T19:36Z,2026-10-07 14:36,MSP,Minneapolis,MN,top,2026-12-10,2026-12-10,Thu,2026-12-13,ok,376,376,0,Thu 21:55→23:30,2,
2026-10-07T19:36Z,2026-10-07 14:36,MSP,Minneapolis,MN,top,2026-12-10,2026-12-11,Fri,2026-12-13,ok,405,405,0,Fri 07:15→08:53,4,
2026-10-07T19:36Z,2026-10-07 14:36,FLL,Fort Lauderdale,FL,top,2026-10-08,2026-10-08,Thu,2026-10-11,ok,870,,1,Thu 21:30→10:18,1,
2026-10-07T19:36Z,2026-10-07 14:36,FLL,Fort Lauderdale,FL,top,2026-10-08,2026-10-09,Fri,2026-10-11,ok,577,672,1,Fri 07:15→14:29,5,
2026-10-07T19:36Z,2026-10-07 14:36,FLL,Fort Lauderdale,FL,top,2026-10-15,2026-10-15,Thu,2026-10-18,ok,779,,1,Thu 21:30→10:18,3,
2026-10-07T19:36Z,2026-10-07 14:36,FLL,Fort Lauderdale,FL,top,2026-10-15,2026-10-16,Fri,2026-10-18,ok,547,,1,Fri 07:15→14:29,3,
2026-10-07T19:36Z,2026-10-07 14:36,FLL,Fort Lauderdale,FL,top,2026-10-22,2026-10-22,Thu,2026-10-25,ok,741,,1,Thu 21:30→10:18,2,
2026-10-07T19:36Z,2026-10-07 14:36,FLL,Fort Lauderdale,FL,top,2026-10-22,2026-10-23,Fri,2026-10-25,ok,550,,1,Fri 07:15→14:29,3,
2026-10-07T19:36Z,2026-10-07 14:36,FLL,Fort Lauderdale,FL,top,2026-10-29,2026-10-29,Thu,2026-11-01,ok,502,,1,Thu 21:35→10:52,3,
2026-10-07T19:36Z,2026-10-07 14:36,FLL,Fort Lauderdale,FL,top,2026-10-29,2026-10-30,Fri,2026-11-01,ok,374,401,1,Fri 15:40→23:44,4,
2026-10-07T19:36Z,2026-10-07 14:36,FLL,Fort Lauderdale,FL,top,2026-11-05,2026-11-05,Thu,2026-11-08,ok,556,,1,Thu 21:35→10:52,4,
2026-10-07T19:36Z,2026-10-07 14:36,FLL,Fort Lauderdale,FL,top,2026-11-05,2026-11-06,Fri,2026-11-08,ok,399,399,0,Fri 15:37→19:46,4,
2026-10-07T19:36Z,2026-10-07 14:36,FLL,Fort Lauderdale,FL,top,2026-11-12,2026-11-12,Thu,2026-11-15,ok,552,,1,Thu 21:36→09:54,3,
2026-10-07T19:36Z,2026-10-07 14:36,FLL,Fort Lauderdale,FL,top,2026-11-12,2026-11-13,Fri,2026-11-15,ok,374,,1,Fri 14:30→22:30,4,
2026-10-07T19:36Z,2026-10-07 14:36,FLL,Fort Lauderdale,FL,top,2026-11-19,2026-11-19,Thu,2026-11-22,ok,447,447,0,Thu 19:45→23:59,4,
2026-10-07T19:36Z,2026-10-07 14:36,FLL,Fort Lauderdale,FL,top,2026-11-19,2026-11-20,Fri,2026-11-22,ok,457,511,1,Fri 06:59→15:55,6,
2026-10-07T19:36Z,2026-10-07 14:36,FLL,Fort Lauderdale,FL,top,2026-11-26,2026-11-26,Thu,2026-11-29,error,,,,,0,'NoneType' object is not subscriptable
2026-10-07T19:36Z,2026-10-07 14:36,FLL,Fort Lauderdale,FL,top,2026-11-26,2026-11-27,Fri,2026-11-29,ok,739,739,0,Fri 10:52→15:05,4,
2026-10-07T19:36Z,2026-10-07 14:36,FLL,Fort Lauderdale,FL,top,2026-12-03,2026-12-03,Thu,2026-12-06,ok,426,426,0,Thu 19:45→23:59,3,
2026-10-07T19:36Z,2026-10-07 14:36,FLL,Fort Lauderdale,FL,top,2026-12-03,2026-12-04,Fri,2026-12-06,ok,426,426,0,Fri 12:40→16:53,5,
2026-10-07T19:36Z,2026-10-07 14:36,FLL,Fort Lauderdale,FL,top,2026-12-10,2026-12-10,Thu,2026-12-13,ok,450,450,0,Thu 18:15→22:36,3,
2026-10-07T19:36Z,2026-10-07 14:36,FLL,Fort Lauderdale,FL,top,2026-12-10,2026-12-11,Fri,2026-12-13,ok,496,723,1,Fri 07:00→16:00,7,
2026-10-07T19:36Z,2026-10-07 14:36,SLC,Salt Lake City,UT,top,2026-10-08,2026-10-08,Thu,2026-10-11,ok,653,653,0,Thu 20:10→22:48,2,
2026-10-07T19:36Z,2026-10-07 14:36,SLC,Salt Lake City,UT,top,2026-10-08,2026-10-09,Fri,2026-10-11,ok,659,,1,Fri 15:50→21:11,5,
2026-10-07T19:36Z,2026-10-07 14:36,SLC,Salt Lake City,UT,top,2026-10-15,2026-10-15,Thu,2026-10-18,ok,772,772,0,Thu 20:10→22:48,2,
2026-10-07T19:36Z,2026-10-07 14:36,SLC,Salt Lake City,UT,top,2026-10-15,2026-10-16,Fri,2026-10-18,ok,800,,1,Fri 05:30→12:14,5,
2026-10-07T19:36Z,2026-10-07 14:36,SLC,Salt Lake City,UT,top,2026-10-22,2026-10-22,Thu,2026-10-25,ok,653,653,0,Thu 20:10→22:48,2,
2026-10-07T19:36Z,2026-10-07 14:36,SLC,Salt Lake City,UT,top,2026-10-22,2026-10-23,Fri,2026-10-25,ok,659,,1,Fri 15:50→21:11,4,
2026-10-07T19:36Z,2026-10-07 14:36,SLC,Salt Lake City,UT,top,2026-10-29,2026-10-29,Thu,2026-11-01,ok,478,478,0,Thu 19:57→22:39,2,
2026-10-07T19:36Z,2026-10-07 14:36,SLC,Salt Lake City,UT,top,2026-10-29,2026-10-30,Fri,2026-11-01,ok,488,,1,Fri 15:56→21:19,4,
2026-10-07T19:36Z,2026-10-07 14:36,SLC,Salt Lake City,UT,top,2026-11-05,2026-11-05,Thu,2026-11-08,ok,513,513,0,Thu 19:57→22:39,2,
2026-10-07T19:36Z,2026-10-07 14:36,SLC,Salt Lake City,UT,top,2026-11-05,2026-11-06,Fri,2026-11-08,ok,524,,1,Fri 15:56→21:19,5,
2026-10-07T19:36Z,2026-10-07 14:36,SLC,Salt Lake City,UT,top,2026-11-12,2026-11-12,Thu,2026-11-15,ok,513,513,0,Thu 19:57→22:39,2,
2026-10-07T19:36Z,2026-10-07 14:36,SLC,Salt Lake City,UT,top,2026-11-12,2026-11-13,Fri,2026-11-15,ok,524,,1,Fri 15:56→21:19,5,
2026-10-07T19:36Z,2026-10-07 14:36,SLC,Salt Lake City,UT,top,2026-11-19,2026-11-19,Thu,2026-11-22,ok,552,552,0,Thu 19:57→22:39,2,
2026-10-07T19:36Z,2026-10-07 14:36,SLC,Salt Lake City,UT,top,2026-11-19,2026-11-20,Fri,2026-11-22,ok,558,,1,Fri 15:56→21:19,3,
2026-10-07T19:36Z,2026-10-07 14:36,SLC,Salt Lake City,UT,top,2026-11-26,2026-11-26,Thu,2026-11-29,error,,,,,0,'NoneType' object is not subscriptable
2026-10-07T19:36Z,2026-10-07 14:36,SLC,Salt Lake City,UT,top,2026-11-26,2026-11-27,Fri,2026-11-29,ok,705,,1,Fri 10:55→17:13,5,
2026-10-07T19:36Z,2026-10-07 14:36,SLC,Salt Lake City,UT,top,2026-12-03,2026-12-03,Thu,2026-12-06,ok,513,513,0,Thu 20:29→23:10,2,
2026-10-07T19:36Z,2026-10-07 14:36,SLC,Salt Lake City,UT,top,2026-12-03,2026-12-04,Fri,2026-12-06,ok,518,518,0,Fri 10:35→13:22,5,
2026-10-07T19:36Z,2026-10-07 14:36,SLC,Salt Lake City,UT,top,2026-12-10,2026-12-10,Thu,2026-12-13,ok,513,513,0,Thu 20:29→23:10,2,
2026-10-07T19:36Z,2026-10-07 14:36,SLC,Salt Lake City,UT,top,2026-12-10,2026-12-11,Fri,2026-12-13,ok,518,518,0,Fri 10:35→13:22,5,
2026-10-07T19:36Z,2026-10-07 14:36,CLT,Charlotte,NC,top,2026-10-08,2026-10-08,Thu,2026-10-11,ok,668,668,0,Thu 18:03→21:15,1,
2026-10-07T19:36Z,2026-10-07 14:36,CLT,Charlotte,NC,top,2026-10-08,2026-10-09,Fri,2026-10-11,ok,647,647,0,Fri 06:50→10:08,3,
2026-10-07T19:36Z,2026-10-07 14:36,CLT,Charlotte,NC,top,2026-10-15,2026-10-15,Thu,2026-10-18,ok,647,647,0,Thu 18:03→21:15,1,
2026-10-07T19:36Z,2026-10-07 14:36,CLT,Charlotte,NC,top,2026-10-15,2026-10-16,Fri,2026-10-18,ok,647,647,0,Fri 06:50→10:08,3,
2026-10-07T19:36Z,2026-10-07 14:36,CLT,Charlotte,NC,top,2026-10-22,2026-10-22,Thu,2026-10-25,ok,607,607,0,Thu 18:03→21:15,1,
2026-10-07T19:36Z,2026-10-07 14:36,CLT,Charlotte,NC,top,2026-10-22,2026-10-23,Fri,2026-10-25,ok,607,607,0,Fri 13:55→17:18,3,
2026-10-07T19:36Z,2026-10-07 14:36,CLT,Charlotte,NC,top,2026-10-29,2026-10-29,Thu,2026-11-01,ok,437,437,0,Thu 19:58→23:04,1,
2026-10-07T19:36Z,2026-10-07 14:36,CLT,Charlotte,NC,top,2026-10-29,2026-10-30,Fri,2026-11-01,ok,467,467,0,Fri 13:55→17:12,4,
2026-10-07T19:36Z,2026-10-07 14:36,CLT,Charlotte,NC,top,2026-11-05,2026-11-05,Thu,2026-11-08,ok,411,411,0,Thu 19:58→23:04,1,
2026-10-07T19:36Z,2026-10-07 14:36,CLT,Charlotte,NC,top,2026-11-05,2026-11-06,Fri,2026-11-08,ok,441,441,0,Fri 06:29→09:46,4,
2026-10-07T19:36Z,2026-10-07 14:36,CLT,Charlotte,NC,top,2026-11-12,2026-11-12,Thu,2026-11-15,ok,411,411,0,Thu 19:58→23:04,1,
2026-10-07T19:36Z,2026-10-07 14:36,CLT,Charlotte,NC,top,2026-11-12,2026-11-13,Fri,2026-11-15,ok,451,520,1,Fri 08:50→14:22,2,
2026-10-07T19:36Z,2026-10-07 14:36,CLT,Charlotte,NC,top,2026-11-19,2026-11-19,Thu,2026-11-22,ok,426,426,0,Thu 19:58→23:04,1,
2026-10-07T19:36Z,2026-10-07 14:36,CLT,Charlotte,NC,top,2026-11-19,2026-11-20,Fri,2026-11-22,ok,438,438,0,Fri 06:29→09:46,4,
2026-10-07T19:36Z,2026-10-07 14:36,CLT,Charlotte,NC,top,2026-11-26,2026-11-26,Thu,2026-11-29,error,,,,,0,'NoneType' object is not subscriptable
2026-10-07T19:36Z,2026-10-07 14:36,CLT,Charlotte,NC,top,2026-11-26,2026-11-27,Fri,2026-11-29,ok,586,586,0,Fri 13:55→17:12,3,
2026-10-07T19:36Z,2026-10-07 14:36,CLT,Charlotte,NC,top,2026-12-03,2026-12-03,Thu,2026-12-06,error,,,,,0,'NoneType' object is not subscriptable
2026-10-07T19:36Z,2026-10-07 14:36,CLT,Charlotte,NC,top,2026-12-03,2026-12-04,Fri,2026-12-06,ok,441,441,0,Fri 06:50→10:05,4,
2026-10-07T19:36Z,2026-10-07 14:36,CLT,Charlotte,NC,top,2026-12-10,2026-12-10,Thu,2026-12-13,error,,,,,0,'NoneType' object is not subscriptable
2026-10-07T19:36Z,2026-10-07 14:36,CLT,Charlotte,NC,top,2026-12-10,2026-12-11,Fri,2026-12-13,ok,441,441,0,Fri 06:50→10:05,3,
2026-10-07T19:36Z,2026-10-07 14:36,IND,Indianapolis,IN,top,2026-10-08,2026-10-08,Thu,2026-10-11,ok,637,637,0,Thu 19:45→22:07,3,
2026-10-07T19:36Z,2026-10-07 14:36,IND,Indianapolis,IN,top,2026-10-08,2026-10-09,Fri,2026-10-11,ok,637,637,0,Fri 12:53→15:14,4,
2026-10-07T19:36Z,2026-10-07 14:36,IND,Indianapolis,IN,top,2026-10-15,2026-10-15,Thu,2026-10-18,ok,637,637,0,Thu 21:25→23:44,4,
2026-10-07T19:36Z,2026-10-07 14:36,IND,Indianapolis,IN,top,2026-10-15,2026-10-16,Fri,2026-10-18,ok,727,727,0,Fri 10:25→12:42,6,
2026-10-07T19:36Z,2026-10-07 14:36,IND,Indianapolis,IN,top,2026-10-22,2026-10-22,Thu,2026-10-25,ok,579,579,0,Thu 21:25→23:44,4,
2026-10-07T19:36Z,2026-10-07 14:36,IND,Indianapolis,IN,top,2026-10-22,2026-10-23,Fri,2026-10-25,ok,579,579,0,Fri 05:59→08:16,6,
2026-10-07T19:36Z,2026-10-07 14:36,IND,Indianapolis,IN,top,2026-10-29,2026-10-29,Thu,2026-11-01,ok,387,387,0,Thu 19:55→22:14,4,
2026-10-07T19:36Z,2026-10-07 14:36,IND,Indianapolis,IN,top,2026-10-29,2026-10-30,Fri,2026-11-01,ok,420,420,0,Fri 12:45→15:00,4,
2026-10-07T19:36Z,2026-10-07 14:36,IND,Indianapolis,IN,top,2026-11-05,2026-11-05,Thu,2026-11-08,ok,387,387,0,Thu 19:55→22:14,3,
2026-10-07T19:36Z,2026-10-07 14:36,IND,Indianapolis,IN,top,2026-11-05,2026-11-06,Fri,2026-11-08,ok,420,420,0,Fri 12:45→15:00,4,
2026-10-07T19:36Z,2026-10-07 14:36,IND,Indianapolis,IN,top,2026-11-12,2026-11-12,Thu,2026-11-15,ok,387,387,0,Thu 19:55→22:14,4,
2026-10-07T19:36Z,2026-10-07 14:36,IND,Indianapolis,IN,top,2026-11-12,2026-11-13,Fri,2026-11-15,ok,420,420,0,Fri 12:45→15:00,4,
2026-10-07T19:36Z,2026-10-07 14:36,IND,Indianapolis,IN,top,2026-11-19,2026-11-19,Thu,2026-11-22,ok,424,424,0,Thu 18:20→20:46,3,
2026-10-07T19:36Z,2026-10-07 14:36,IND,Indianapolis,IN,top,2026-11-19,2026-11-20,Fri,2026-11-22,ok,424,424,0,Fri 12:45→15:00,4,
2026-10-07T19:36Z,2026-10-07 14:36,IND,Indianapolis,IN,top,2026-11-26,2026-11-26,Thu,2026-11-29,error,,,,,0,'NoneType' object is not subscriptable
2026-10-07T19:36Z,2026-10-07 14:36,IND,Indianapolis,IN,top,2026-11-26,2026-11-27,Fri,2026-11-29,ok,420,420,0,Fri 15:35→17:52,2,
2026-10-07T19:36Z,2026-10-07 14:36,IND,Indianapolis,IN,top,2026-12-03,2026-12-03,Thu,2026-12-06,ok,387,387,0,Thu 19:55→22:14,3,
2026-10-07T19:36Z,2026-10-07 14:36,IND,Indianapolis,IN,top,2026-12-03,2026-12-04,Fri,2026-12-06,ok,420,420,0,Fri 14:14→16:26,3,
2026-10-07T19:36Z,2026-10-07 14:36,IND,Indianapolis,IN,top,2026-12-10,2026-12-10,Thu,2026-12-13,ok,387,387,0,Thu 19:55→22:14,3,
2026-10-07T19:36Z,2026-10-07 14:36,IND,Indianapolis,IN,top,2026-12-10,2026-12-11,Fri,2026-12-13,ok,420,420,0,Fri 14:14→16:26,3,
2026-10-07T19:36Z,2026-10-07 14:36,SMF,Sacramento,CA,top,2026-10-08,2026-10-08,Thu,2026-10-11,ok,649,649,0,Thu 20:08→22:46,3,
2026-10-07T19:36Z,2026-10-07 14:36,SMF,Sacramento,CA,top,2026-10-08,2026-10-09,Fri,2026-10-11,ok,659,,1,Fri 05:00→09:47,5,
2026-10-07T19:36Z,2026-10-07 14:36,SMF,Sacramento,CA,top,2026-10-15,2026-10-15,Thu,2026-10-18,ok,659,659,0,Thu 20:08→22:46,3,
2026-10-07T19:36Z,2026-10-07 14:36,SMF,Sacramento,CA,top,2026-10-15,2026-10-16,Fri,2026-10-18,ok,669,,1,Fri 05:00→09:47,5,
2026-10-07T19:36Z,2026-10-07 14:36,SMF,Sacramento,CA,top,2026-10-22,2026-10-22,Thu,2026-10-25,ok,649,649,0,Thu 20:08→22:46,3,
2026-10-07T19:36Z,2026-10-07 14:36,SMF,Sacramento,CA,top,2026-10-22,2026-10-23,Fri,2026-10-25,ok,659,,1,Fri 05:00→09:47,4,
2026-10-07T19:36Z,2026-10-07 14:36,SMF,Sacramento,CA,top,2026-10-29,2026-10-29,Thu,2026-11-01,ok,526,526,0,Thu 19:55→22:40,2,
2026-10-07T19:36Z,2026-10-07 14:36,SMF,Sacramento,CA,top,2026-10-29,2026-10-30,Fri,2026-11-01,ok,578,,1,Fri 05:59→11:08,5,
2026-10-07T19:36Z,2026-10-07 14:36,SMF,Sacramento,CA,top,2026-11-05,2026-11-05,Thu,2026-11-08,ok,525,525,0,Thu 19:55→22:40,3,
2026-10-07T19:36Z,2026-10-07 14:36,SMF,Sacramento,CA,top,2026-11-05,2026-11-06,Fri,2026-11-08,ok,577,,1,Fri 05:59→11:08,5,
2026-10-07T19:36Z,2026-10-07 14:36,SMF,Sacramento,CA,top,2026-11-12,2026-11-12,Thu,2026-11-15,ok,525,525,0,Thu 19:55→22:40,2,
2026-10-07T19:36Z,2026-10-07 14:36,SMF,Sacramento,CA,top,2026-11-12,2026-11-13,Fri,2026-11-15,ok,577,,1,Fri 05:59→11:08,5,
2026-10-07T19:36Z,2026-10-07 14:36,SMF,Sacramento,CA,top,2026-11-19,2026-11-19,Thu,2026-11-22,ok,592,592,0,Thu 19:55→22:40,3,
2026-10-07T19:36Z,2026-10-07 14:36,SMF,Sacramento,CA,top,2026-11-19,2026-11-20,Fri,2026-11-22,ok,602,,1,Fri 05:59→11:08,5,
2026-10-07T19:36Z,2026-10-07 14:36,SMF,Sacramento,CA,top,2026-11-26,2026-11-26,Thu,2026-11-29,error,,,,,0,'NoneType' object is not subscriptable
2026-10-07T19:36Z,2026-10-07 14:36,SMF,Sacramento,CA,top,2026-11-26,2026-11-27,Fri,2026-11-29,ok,828,,1,Fri 14:00→20:36,5,
2026-10-07T19:36Z,2026-10-07 14:36,SMF,Sacramento,CA,top,2026-12-03,2026-12-03,Thu,2026-12-06,ok,539,539,0,Thu 19:55→22:41,2,
2026-10-07T19:36Z,2026-10-07 14:36,SMF,Sacramento,CA,top,2026-12-03,2026-12-04,Fri,2026-12-06,ok,577,,1,Fri 12:55→18:08,5,
2026-10-07T19:36Z,2026-10-07 14:36,SMF,Sacramento,CA,top,2026-12-10,2026-12-10,Thu,2026-12-13,ok,525,525,0,Thu 19:55→22:41,3,
2026-10-07T19:36Z,2026-10-07 14:36,SMF,Sacramento,CA,top,2026-12-10,2026-12-11,Fri,2026-12-13,ok,601,,1,Fri 15:52→22:59,3,
2026-10-07T19:36Z,2026-10-07 14:36,ANC,Anchorage,AK,top,2026-10-08,2026-10-08,Thu,2026-10-11,error,,,,,0,'NoneType' object is not subscriptable
2026-10-07T19:36Z,2026-10-07 14:36,ANC,Anchorage,AK,top,2026-10-08,2026-10-09,Fri,2026-10-11,ok,775,775,0,Fri 16:05→19:57,2,
2026-10-07T19:36Z,2026-10-07 14:36,ANC,Anchorage,AK,top,2026-10-15,2026-10-15,Thu,2026-10-18,error,,,,,0,'NoneType' object is not subscriptable
2026-10-07T19:36Z,2026-10-07 14:36,ANC,Anchorage,AK,top,2026-10-15,2026-10-16,Fri,2026-10-18,ok,775,775,0,Fri 16:05→19:57,2,
2026-10-07T19:36Z,2026-10-07 14:36,ANC,Anchorage,AK,top,2026-10-22,2026-10-22,Thu,2026-10-25,error,,,,,0,'NoneType' object is not subscriptable
2026-10-07T19:36Z,2026-10-07 14:36,ANC,Anchorage,AK,top,2026-10-22,2026-10-23,Fri,2026-10-25,ok,775,775,0,Fri 16:05→19:57,2,
2026-10-07T19:36Z,2026-10-07 14:36,ANC,Anchorage,AK,top,2026-10-29,2026-10-29,Thu,2026-11-01,error,,,,,0,'NoneType' object is not subscriptable
2026-10-07T19:36Z,2026-10-07 14:36,ANC,Anchorage,AK,top,2026-10-29,2026-10-30,Fri,2026-11-01,ok,694,694,0,Fri 15:35→19:39,2,
2026-10-07T19:36Z,2026-10-07 14:36,ANC,Anchorage,AK,top,2026-11-05,2026-11-05,Thu,2026-11-08,error,,,,,0,'NoneType' object is not subscriptable
2026-10-07T19:36Z,2026-10-07 14:36,ANC,Anchorage,AK,top,2026-11-05,2026-11-06,Fri,2026-11-08,ok,653,653,0,Fri 15:35→19:39,2,
2026-10-07T19:36Z,2026-10-07 14:36,ANC,Anchorage,AK,top,2026-11-12,2026-11-12,Thu,2026-11-15,error,,,,,0,'NoneType' object is not subscriptable
2026-10-07T19:36Z,2026-10-07 14:36,ANC,Anchorage,AK,top,2026-11-12,2026-11-13,Fri,2026-11-15,ok,653,653,0,Fri 15:35→19:39,2,
2026-10-07T19:36Z,2026-10-07 14:36,ANC,Anchorage,AK,top,2026-11-19,2026-11-19,Thu,2026-11-22,error,,,,,0,'NoneType' object is not subscriptable
2026-10-07T19:36Z,2026-10-07 14:36,ANC,Anchorage,AK,top,2026-11-19,2026-11-20,Fri,2026-11-22,ok,721,721,0,Fri 15:35→19:39,3,
2026-10-07T19:36Z,2026-10-07 14:36,ANC,Anchorage,AK,top,2026-11-26,2026-11-26,Thu,2026-11-29,error,,,,,0,'NoneType' object is not subscriptable
2026-10-07T19:36Z,2026-10-07 14:36,ANC,Anchorage,AK,top,2026-11-26,2026-11-27,Fri,2026-11-29,ok,781,781,0,Fri 15:35→19:39,3,
2026-10-07T19:36Z,2026-10-07 14:36,ANC,Anchorage,AK,top,2026-12-03,2026-12-03,Thu,2026-12-06,error,,,,,0,'NoneType' object is not subscriptable
2026-10-07T19:36Z,2026-10-07 14:36,ANC,Anchorage,AK,top,2026-12-03,2026-12-04,Fri,2026-12-06,ok,653,653,0,Fri 15:35→19:39,2,
2026-10-07T19:36Z,2026-10-07 14:36,ANC,Anchorage,AK,top,2026-12-10,2026-12-10,Thu,2026-12-13,error,,,,,0,'NoneType' object is not subscriptable
2026-10-07T19:36Z,2026-10-07 14:36,ANC,Anchorage,AK,top,2026-12-10,2026-12-11,Fri,2026-12-13,ok,663,663,0,Fri 15:35→19:39,2,
2026-10-07T19:36Z,2026-10-07 14:36,BWI,Baltimore,MD,top,2026-10-08,2026-10-08,Thu,2026-10-11,ok,593,593,0,Thu 19:45→22:59,2,
2026-10-07T19:36Z,2026-10-07 14:36,BWI,Baltimore,MD,top,2026-10-08,2026-10-09,Fri,2026-10-11,ok,638,638,0,Fri 10:49→13:58,4,
2026-10-07T19:36Z,2026-10-07 14:36,BWI,Baltimore,MD,top,2026-10-15,2026-10-15,Thu,2026-10-18,ok,593,593,0,Thu 19:45→22:59,2,
2026-10-07T19:36Z,2026-10-07 14:36,BWI,Baltimore,MD,top,2026-10-15,2026-10-16,Fri,2026-10-18,ok,593,593,0,Fri 07:30→10:30,4,
2026-10-07T19:36Z,2026-10-07 14:36,BWI,Baltimore,MD,top,2026-10-22,2026-10-22,Thu,2026-10-25,ok,593,593,0,Thu 19:45→22:59,1,
2026-10-07T19:36Z,2026-10-07 14:36,BWI,Baltimore,MD,top,2026-10-22,2026-10-23,Fri,2026-10-25,ok,593,593,0,Fri 07:30→10:30,4,
2026-10-07T19:36Z,2026-10-07 14:36,BWI,Baltimore,MD,top,2026-10-29,2026-10-29,Thu,2026-11-01,ok,415,415,0,Thu 18:29→21:42,1,
2026-10-07T19:36Z,2026-10-07 14:36,BWI,Baltimore,MD,top,2026-10-29,2026-10-30,Fri,2026-11-01,ok,445,445,0,Fri 07:25→10:29,3,
2026-10-07T19:36Z,2026-10-07 14:36,BWI,Baltimore,MD,top,2026-11-05,2026-11-05,Thu,2026-11-08,ok,405,405,0,Thu 18:29→21:42,2,
2026-10-07T19:36Z,2026-10-07 14:36,BWI,Baltimore,MD,top,2026-11-05,2026-11-06,Fri,2026-11-08,ok,435,435,0,Fri 07:25→10:29,3,
2026-10-07T19:36Z,2026-10-07 14:36,BWI,Baltimore,MD,top,2026-11-12,2026-11-12,Thu,2026-11-15,ok,405,405,0,Thu 18:29→21:42,2,
2026-10-07T19:36Z,2026-10-07 14:36,BWI,Baltimore,MD,top,2026-11-12,2026-11-13,Fri,2026-11-15,ok,435,435,0,Fri 07:25→10:29,3,
2026-10-07T19:36Z,2026-10-07 14:36,BWI,Baltimore,MD,top,2026-11-19,2026-11-19,Thu,2026-11-22,ok,441,441,0,Thu 18:29→21:42,1,
2026-10-07T19:36Z,2026-10-07 14:36,BWI,Baltimore,MD,top,2026-11-19,2026-11-20,Fri,2026-11-22,ok,441,441,0,Fri 07:25→10:29,3,
2026-10-07T19:36Z,2026-10-07 14:36,BWI,Baltimore,MD,top,2026-11-26,2026-11-26,Thu,2026-11-29,error,,,,,0,'NoneType' object is not subscriptable
2026-10-07T19:36Z,2026-10-07 14:36,BWI,Baltimore,MD,top,2026-11-26,2026-11-27,Fri,2026-11-29,ok,491,491,0,Fri 11:00→14:06,3,
2026-10-07T19:36Z,2026-10-07 14:36,BWI,Baltimore,MD,top,2026-12-03,2026-12-03,Thu,2026-12-06,ok,405,405,0,Thu 18:25→21:38,2,
2026-10-07T19:36Z,2026-10-07 14:36,BWI,Baltimore,MD,top,2026-12-03,2026-12-04,Fri,2026-12-06,ok,435,435,0,Fri 06:50→09:44,2,
2026-10-07T19:36Z,2026-10-07 14:36,BWI,Baltimore,MD,top,2026-12-10,2026-12-10,Thu,2026-12-13,ok,405,405,0,Thu 18:25→21:38,2,
2026-10-07T19:36Z,2026-10-07 14:36,BWI,Baltimore,MD,top,2026-12-10,2026-12-11,Fri,2026-12-13,ok,435,435,0,Fri 06:50→09:44,3,
2026-10-07T19:36Z,2026-10-07 14:36,COS,Colorado Springs,CO,top,2026-10-08,2026-10-08,Thu,2026-10-11,ok,685,685,0,Thu 19:47→21:53,3,
2026-10-07T19:36Z,2026-10-07 14:36,COS,Colorado Springs,CO,top,2026-10-08,2026-10-09,Fri,2026-10-11,ok,922,,1,Fri 07:00→10:44,3,
2026-10-07T19:36Z,2026-10-07 14:36,COS,Colorado Springs,CO,top,2026-10-15,2026-10-15,Thu,2026-10-18,ok,651,651,0,Thu 19:47→21:53,3,
2026-10-07T19:36Z,2026-10-07 14:36,COS,Colorado Springs,CO,top,2026-10-15,2026-10-16,Fri,2026-10-18,ok,661,,1,Fri 05:00→10:44,5,
2026-10-07T19:36Z,2026-10-07 14:36,COS,Colorado Springs,CO,top,2026-10-22,2026-10-22,Thu,2026-10-25,ok,726,726,0,Thu 19:47→21:53,2,
2026-10-07T19:36Z,2026-10-07 14:36,COS,Colorado Springs,CO,top,2026-10-22,2026-10-23,Fri,2026-10-25,ok,725,,1,Fri 17:51→23:59,5,
2026-10-07T19:36Z,2026-10-07 14:36,COS,Colorado Springs,CO,top,2026-10-29,2026-10-29,Thu,2026-11-01,ok,444,444,0,Thu 19:50→21:57,4,
2026-10-07T19:36Z,2026-10-07 14:36,COS,Colorado Springs,CO,top,2026-10-29,2026-10-30,Fri,2026-11-01,ok,541,,1,Fri 15:56→20:49,3,
2026-10-07T19:36Z,2026-10-07 14:36,COS,Colorado Springs,CO,top,2026-11-05,2026-11-05,Thu,2026-11-08,ok,470,470,0,Thu 19:50→21:57,3,
2026-10-07T19:36Z,2026-10-07 14:36,COS,Colorado Springs,CO,top,2026-11-05,2026-11-06,Fri,2026-11-08,ok,470,,1,Fri 17:48→23:59,5,
2026-10-07T19:36Z,2026-10-07 14:36,COS,Colorado Springs,CO,top,2026-11-12,2026-11-12,Thu,2026-11-15,ok,434,434,0,Thu 19:50→21:57,4,
2026-10-07T19:36Z,2026-10-07 14:36,COS,Colorado Springs,CO,top,2026-11-12,2026-11-13,Fri,2026-11-15,ok,480,,1,Fri 17:48→23:59,5,
2026-10-07T19:36Z,2026-10-07 14:36,COS,Colorado Springs,CO,top,2026-11-19,2026-11-19,Thu,2026-11-22,ok,462,462,0,Thu 19:50→21:57,3,
2026-10-07T19:36Z,2026-10-07 14:36,COS,Colorado Springs,CO,top,2026-11-19,2026-11-20,Fri,2026-11-22,ok,526,,1,Fri 16:20→22:03,4,
2026-10-07T19:36Z,2026-10-07 14:36,COS,Colorado Springs,CO,top,2026-11-26,2026-11-26,Thu,2026-11-29,error,,,,,0,'NoneType' object is not subscriptable
2026-10-07T19:36Z,2026-10-07 14:36,COS,Colorado Springs,CO,top,2026-11-26,2026-11-27,Fri,2026-11-29,ok,804,,1,Fri 17:48→23:59,4,
2026-10-07T19:36Z,2026-10-07 14:36,COS,Colorado Springs,CO,top,2026-12-03,2026-12-03,Thu,2026-12-06,ok,458,458,0,Thu 19:52→21:59,3,
2026-10-07T19:36Z,2026-10-07 14:36,COS,Colorado Springs,CO,top,2026-12-03,2026-12-04,Fri,2026-12-06,ok,593,,1,Fri 08:45→12:37,5,
2026-10-07T19:36Z,2026-10-07 14:36,COS,Colorado Springs,CO,top,2026-12-10,2026-12-10,Thu,2026-12-13,ok,496,496,0,Thu 19:52→21:59,3,
2026-10-07T19:36Z,2026-10-07 14:36,COS,Colorado Springs,CO,top,2026-12-10,2026-12-11,Fri,2026-12-13,ok,696,,1,Fri 14:35→20:49,4,
2026-10-07T19:36Z,2026-10-07 14:36,DSM,Des Moines,IA,state,2026-10-08,2026-10-08,Thu,2026-10-11,ok,657,657,0,Thu 19:55→21:23,2,
2026-10-07T19:36Z,2026-10-07 14:36,DSM,Des Moines,IA,state,2026-10-08,2026-10-09,Fri,2026-10-11,ok,657,657,0,Fri 09:00→10:31,4,
2026-10-07T19:36Z,2026-10-07 14:36,DSM,Des Moines,IA,state,2026-10-15,2026-10-15,Thu,2026-10-18,ok,657,657,0,Thu 19:55→21:23,2,
2026-10-07T19:36Z,2026-10-07 14:36,DSM,Des Moines,IA,state,2026-10-15,2026-10-16,Fri,2026-10-18,ok,657,657,0,Fri 09:00→10:31,4,
2026-10-07T19:36Z,2026-10-07 14:36,DSM,Des Moines,IA,state,2026-10-22,2026-10-22,Thu,2026-10-25,ok,557,557,0,Thu 19:55→21:23,2,
2026-10-07T19:36Z,2026-10-07 14:36,DSM,Des Moines,IA,state,2026-10-22,2026-10-23,Fri,2026-10-25,ok,557,557,0,Fri 09:00→10:31,4,
2026-10-07T19:36Z,2026-10-07 14:36,DSM,Des Moines,IA,state,2026-10-29,2026-10-29,Thu,2026-11-01,ok,413,413,0,Thu 20:25→21:55,3,
2026-10-07T19:36Z,2026-10-07 14:36,DSM,Des Moines,IA,state,2026-10-29,2026-10-30,Fri,2026-11-01,ok,448,448,0,Fri 08:50→10:32,4,
2026-10-07T19:36Z,2026-10-07 14:36,DSM,Des Moines,IA,state,2026-11-05,2026-11-05,Thu,2026-11-08,ok,399,399,0,Thu 20:25→21:55,3,
2026-10-07T19:36Z,2026-10-07 14:36,DSM,Des Moines,IA,state,2026-11-05,2026-11-06,Fri,2026-11-08,ok,434,434,0,Fri 16:00→17:28,4,
2026-10-07T19:36Z,2026-10-07 14:36,DSM,Des Moines,IA,state,2026-11-12,2026-11-12,Thu,2026-11-15,ok,399,399,0,Thu 20:25→21:55,3,
2026-10-07T19:36Z,2026-10-07 14:36,DSM,Des Moines,IA,state,2026-11-12,2026-11-13,Fri,2026-11-15,ok,434,434,0,Fri 16:00→17:28,4,
2026-10-07T19:36Z,2026-10-07 14:36,DSM,Des Moines,IA,state,2026-11-19,2026-11-19,Thu,2026-11-22,ok,418,418,0,Thu 20:25→21:55,3,
2026-10-07T19:36Z,2026-10-07 14:36,DSM,Des Moines,IA,state,2026-11-19,2026-11-20,Fri,2026-11-22,ok,418,418,0,Fri 16:00→17:28,4,
2026-10-07T19:36Z,2026-10-07 14:36,DSM,Des Moines,IA,state,2026-11-26,2026-11-26,Thu,2026-11-29,error,,,,,0,'NoneType' object is not subscriptable
2026-10-07T19:36Z,2026-10-07 14:36,DSM,Des Moines,IA,state,2026-11-26,2026-11-27,Fri,2026-11-29,ok,434,434,0,Fri 08:50→10:32,5,
2026-10-07T19:36Z,2026-10-07 14:36,DSM,Des Moines,IA,state,2026-12-03,2026-12-03,Thu,2026-12-06,ok,399,399,0,Thu 19:55→21:25,2,
2026-10-07T19:36Z,2026-10-07 14:36,DSM,Des Moines,IA,state,2026-12-03,2026-12-04,Fri,2026-12-06,ok,434,434,0,Fri 17:45→19:19,2,
2026-10-07T19:36Z,2026-10-07 14:36,DSM,Des Moines,IA,state,2026-12-10,2026-12-10,Thu,2026-12-13,ok,399,399,0,Thu 19:55→21:25,2,
2026-10-07T19:36Z,2026-10-07 14:36,DSM,Des Moines,IA,state,2026-12-10,2026-12-11,Fri,2026-12-13,ok,434,434,0,Fri 08:55→10:37,4,
2026-10-07T19:36Z,2026-10-07 14:36,JAN,Jackson,MS,state,2026-10-08,2026-10-08,Thu,2026-10-11,ok,1082,,1,Thu 21:45→11:27,1,
2026-10-07T19:36Z,2026-10-07 14:36,JAN,Jackson,MS,state,2026-10-08,2026-10-09,Fri,2026-10-11,ok,715,,1,Fri 06:25→11:27,4,
2026-10-07T19:36Z,2026-10-07 14:36,JAN,Jackson,MS,state,2026-10-15,2026-10-15,Thu,2026-10-18,ok,1067,,1,Thu 21:45→11:27,1,
2026-10-07T19:36Z,2026-10-07 14:36,JAN,Jackson,MS,state,2026-10-15,2026-10-16,Fri,2026-10-18,ok,750,,1,Fri 16:11→21:58,6,
2026-10-07T19:36Z,2026-10-07 14:36,JAN,Jackson,MS,state,2026-10-22,2026-10-22,Thu,2026-10-25,ok,953,,1,Thu 21:45→11:27,1,
2026-10-07T19:36Z,2026-10-07 14:36,JAN,Jackson,MS,state,2026-10-22,2026-10-23,Fri,2026-10-25,ok,742,,1,Fri 08:45→16:25,3,
2026-10-07T19:36Z,2026-10-07 14:36,JAN,Jackson,MS,state,2026-10-29,2026-10-29,Thu,2026-11-01,ok,679,,1,Thu 21:35→11:15,1,
2026-10-07T19:36Z,2026-10-07 14:36,JAN,Jackson,MS,state,2026-10-29,2026-10-30,Fri,2026-11-01,ok,662,,1,Fri 14:22→20:26,3,
2026-10-07T19:36Z,2026-10-07 14:36,JAN,Jackson,MS,state,2026-11-05,2026-11-05,Thu,2026-11-08,ok,629,,1,Thu 21:35→11:15,1,
2026-10-07T19:36Z,2026-10-07 14:36,JAN,Jackson,MS,state,2026-11-05,2026-11-06,Fri,2026-11-08,ok,562,,1,Fri 05:30→11:15,4,
2026-10-07T19:36Z,2026-10-07 14:36,JAN,Jackson,MS,state,2026-11-12,2026-11-12,Thu,2026-11-15,ok,629,,1,Thu 21:35→11:15,1,
2026-10-07T19:36Z,2026-10-07 14:36,JAN,Jackson,MS,state,2026-11-12,2026-11-13,Fri,2026-11-15,ok,562,,1,Fri 10:34→16:34,3,
2026-10-07T19:36Z,2026-10-07 14:36,JAN,Jackson,MS,state,2026-11-19,2026-11-19,Thu,2026-11-22,ok,725,,1,Thu 21:35→11:15,1,
2026-10-07T19:36Z,2026-10-07 14:36,JAN,Jackson,MS,state,2026-11-19,2026-11-20,Fri,2026-11-22,ok,593,,1,Fri 16:07→21:59,5,
2026-10-07T19:36Z,2026-10-07 14:36,JAN,Jackson,MS,state,2026-11-26,2026-11-26,Thu,2026-11-29,error,,,,,0,'NoneType' object is not subscriptable
2026-10-07T19:36Z,2026-10-07 14:36,JAN,Jackson,MS,state,2026-11-26,2026-11-27,Fri,2026-11-29,ok,865,,1,Fri 12:40→20:26,2,
2026-10-07T19:36Z,2026-10-07 14:36,JAN,Jackson,MS,state,2026-12-03,2026-12-03,Thu,2026-12-06,ok,723,,1,Thu 21:35→11:23,1,
2026-10-07T19:36Z,2026-10-07 14:36,JAN,Jackson,MS,state,2026-12-03,2026-12-04,Fri,2026-12-06,ok,699,,1,Fri 05:45→11:23,4,
2026-10-07T19:36Z,2026-10-07 14:36,JAN,Jackson,MS,state,2026-12-10,2026-12-10,Thu,2026-12-13,ok,629,,1,Thu 21:35→11:23,1,
2026-10-07T19:36Z,2026-10-07 14:36,JAN,Jackson,MS,state,2026-12-10,2026-12-11,Fri,2026-12-13,ok,590,,1,Fri 09:19→16:34,2,
2026-10-07T19:36Z,2026-10-07 14:36,FAR,Fargo,ND,state,2026-10-08,2026-10-08,Thu,2026-10-11,ok,627,627,0,Thu 21:20→23:34,2,
2026-10-07T19:36Z,2026-10-07 14:36,FAR,Fargo,ND,state,2026-10-08,2026-10-09,Fri,2026-10-11,ok,627,627,0,Fri 08:40→10:55,4,
2026-10-07T19:36Z,2026-10-07 14:36,FAR,Fargo,ND,state,2026-10-15,2026-10-15,Thu,2026-10-18,ok,643,643,0,Thu 21:20→23:34,3,
2026-10-07T19:36Z,2026-10-07 14:36,FAR,Fargo,ND,state,2026-10-15,2026-10-16,Fri,2026-10-18,ok,743,835,1,Fri 16:20→23:59,5,
2026-10-07T19:36Z,2026-10-07 14:36,FAR,Fargo,ND,state,2026-10-22,2026-10-22,Thu,2026-10-25,ok,459,459,0,Thu 21:20→23:34,2,
2026-10-07T19:36Z,2026-10-07 14:36,FAR,Fargo,ND,state,2026-10-22,2026-10-23,Fri,2026-10-25,ok,459,459,0,Fri 08:40→10:55,4,
2026-10-07T19:36Z,2026-10-07 14:36,FAR,Fargo,ND,state,2026-10-29,2026-10-29,Thu,2026-11-01,ok,419,419,0,Thu 21:20→23:32,3,
2026-10-07T19:36Z,2026-10-07 14:36,FAR,Fargo,ND,state,2026-10-29,2026-10-30,Fri,2026-11-01,ok,419,419,0,Fri 08:40→10:55,4,
2026-10-07T19:36Z,2026-10-07 14:36,FAR,Fargo,ND,state,2026-11-05,2026-11-05,Thu,2026-11-08,ok,419,419,0,Thu 21:20→23:32,3,
2026-10-07T19:36Z,2026-10-07 14:36,FAR,Fargo,ND,state,2026-11-05,2026-11-06,Fri,2026-11-08,ok,419,419,0,Fri 12:45→15:00,4,
2026-10-07T19:36Z,2026-10-07 14:36,FAR,Fargo,ND,state,2026-11-12,2026-11-12,Thu,2026-11-15,ok,419,419,0,Thu 21:20→23:32,2,
2026-10-07T19:36Z,2026-10-07 14:36,FAR,Fargo,ND,state,2026-11-12,2026-11-13,Fri,2026-11-15,ok,419,419,0,Fri 08:40→10:55,4,
2026-10-07T19:36Z,2026-10-07 14:36,FAR,Fargo,ND,state,2026-11-19,2026-11-19,Thu,2026-11-22,ok,419,419,0,Thu 21:20→23:32,2,
2026-10-07T19:36Z,2026-10-07 14:36,FAR,Fargo,ND,state,2026-11-19,2026-11-20,Fri,2026-11-22,ok,419,419,0,Fri 16:29→18:48,4,
2026-10-07T19:36Z,2026-10-07 14:36,FAR,Fargo,ND,state,2026-11-26,2026-11-26,Thu,2026-11-29,error,,,,,0,'NoneType' object is not subscriptable
2026-10-07T19:36Z,2026-10-07 14:36,FAR,Fargo,ND,state,2026-11-26,2026-11-27,Fri,2026-11-29,ok,490,490,0,Fri 08:40→10:55,4,
2026-10-07T19:36Z,2026-10-07 14:36,FAR,Fargo,ND,state,2026-12-03,2026-12-03,Thu,2026-12-06,ok,419,419,0,Thu 19:45→21:59,4,
2026-10-07T19:36Z,2026-10-07 14:36,FAR,Fargo,ND,state,2026-12-03,2026-12-04,Fri,2026-12-06,ok,419,419,0,Fri 08:40→10:55,4,
2026-10-07T19:36Z,2026-10-07 14:36,FAR,Fargo,ND,state,2026-12-10,2026-12-10,Thu,2026-12-13,ok,419,419,0,Thu 19:45→21:59,3,
2026-10-07T19:36Z,2026-10-07 14:36,FAR,Fargo,ND,state,2026-12-10,2026-12-11,Fri,2026-12-13,ok,419,419,0,Fri 08:40→10:55,4,
2026-10-07T19:36Z,2026-10-07 14:36,RAP,Rapid City,SD,state,2026-10-08,2026-10-08,Thu,2026-10-11,ok,892,,2,Thu 21:25→09:28,3,
2026-10-07T19:36Z,2026-10-07 14:36,RAP,Rapid City,SD,state,2026-10-08,2026-10-09,Fri,2026-10-11,ok,694,,1,Fri 05:00→09:28,6,
2026-10-07T19:36Z,2026-10-07 14:36,RAP,Rapid City,SD,state,2026-10-15,2026-10-15,Thu,2026-10-18,ok,753,,2,Thu 21:30→09:28,2,
2026-10-07T19:36Z,2026-10-07 14:36,RAP,Rapid City,SD,state,2026-10-15,2026-10-16,Fri,2026-10-18,ok,765,,1,Fri 13:30→19:08,4,
2026-10-07T19:36Z,2026-10-07 14:36,RAP,Rapid City,SD,state,2026-10-22,2026-10-22,Thu,2026-10-25,ok,832,,1,Thu 22:00→12:26,1,
2026-10-07T19:36Z,2026-10-07 14:36,RAP,Rapid City,SD,state,2026-10-22,2026-10-23,Fri,2026-10-25,ok,574,,1,Fri 14:30→20:52,5,
2026-10-07T19:36Z,2026-10-07 14:36,RAP,Rapid City,SD,state,2026-10-29,2026-10-29,Thu,2026-11-01,ok,548,,1,Thu 21:47→09:33,1,
2026-10-07T19:36Z,2026-10-07 14:36,RAP,Rapid City,SD,state,2026-10-29,2026-10-30,Fri,2026-11-01,ok,439,,1,Fri 13:00→17:09,5,
2026-10-07T19:36Z,2026-10-07 14:36,RAP,Rapid City,SD,state,2026-11-05,2026-11-05,Thu,2026-11-08,ok,686,,1,Thu 21:47→09:33,1,
2026-10-07T19:36Z,2026-10-07 14:36,RAP,Rapid City,SD,state,2026-11-05,2026-11-06,Fri,2026-11-08,ok,479,,1,Fri 16:20→20:43,5,
2026-10-07T19:36Z,2026-10-07 14:36,RAP,Rapid City,SD,state,2026-11-12,2026-11-12,Thu,2026-11-15,ok,662,,1,Thu 21:47→09:33,1,
2026-10-07T19:36Z,2026-10-07 14:36,RAP,Rapid City,SD,state,2026-11-12,2026-11-13,Fri,2026-11-15,ok,439,,1,Fri 13:00→17:09,5,
2026-10-07T19:36Z,2026-10-07 14:36,RAP,Rapid City,SD,state,2026-11-19,2026-11-19,Thu,2026-11-22,ok,611,,1,Thu 21:47→09:33,1,
2026-10-07T19:36Z,2026-10-07 14:36,RAP,Rapid City,SD,state,2026-11-19,2026-11-20,Fri,2026-11-22,ok,439,,1,Fri 14:30→20:43,5,
2026-10-07T19:36Z,2026-10-07 14:36,RAP,Rapid City,SD,state,2026-11-26,2026-11-26,Thu,2026-11-29,error,,,,,0,'NoneType' object is not subscriptable
2026-10-07T19:36Z,2026-10-07 14:36,RAP,Rapid City,SD,state,2026-11-26,2026-11-27,Fri,2026-11-29,ok,716,,1,Fri 10:55→17:09,5,
2026-10-07T19:36Z,2026-10-07 14:36,RAP,Rapid City,SD,state,2026-12-03,2026-12-03,Thu,2026-12-06,ok,419,419,0,Thu 19:50→21:42,2,
2026-10-07T19:36Z,2026-10-07 14:36,RAP,Rapid City,SD,state,2026-12-03,2026-12-04,Fri,2026-12-06,ok,429,,1,Fri 14:35→19:51,5,
2026-10-07T19:36Z,2026-10-07 14:36,RAP,Rapid City,SD,state,2026-12-10,2026-12-10,Thu,2026-12-13,ok,419,419,0,Thu 19:50→21:42,3,
2026-10-07T19:36Z,2026-10-07 14:36,RAP,Rapid City,SD,state,2026-12-10,2026-12-11,Fri,2026-12-13,ok,494,,1,Fri 16:07→21:08,4,
2026-10-07T19:36Z,2026-10-07 14:36,JAC,Jackson Hole,WY,state,2026-10-08,2026-10-08,Thu,2026-10-11,ok,1064,,1,Thu 22:00→15:24,1,
2026-10-07T19:36Z,2026-10-07 14:36,JAC,Jackson Hole,WY,state,2026-10-08,2026-10-09,Fri,2026-10-11,ok,707,,1,Fri 07:00→13:45,5,
2026-10-07T19:36Z,2026-10-07 14:36,JAC,Jackson Hole,WY,state,2026-10-15,2026-10-15,Thu,2026-10-18,ok,890,,2,Thu 21:30→09:44,4,
2026-10-07T19:36Z,2026-10-07 14:36,JAC,Jackson Hole,WY,state,2026-10-15,2026-10-16,Fri,2026-10-18,ok,697,,1,Fri 12:46→17:49,4,
2026-10-07T19:36Z,2026-10-07 14:36,JAC,Jackson Hole,WY,state,2026-10-22,2026-10-22,Thu,2026-10-25,ok,939,,2,Thu 21:30→09:44,3,
2026-10-07T19:36Z,2026-10-07 14:36,JAC,Jackson Hole,WY,state,2026-10-22,2026-10-23,Fri,2026-10-25,ok,743,743,0,Fri 16:20→18:41,5,
2026-10-07T19:36Z,2026-10-07 14:36,JAC,Jackson Hole,WY,state,2026-10-29,2026-10-29,Thu,2026-11-01,ok,737,,2,Thu 19:59→09:47,3,
2026-10-07T19:36Z,2026-10-07 14:36,JAC,Jackson Hole,WY,state,2026-10-29,2026-10-30,Fri,2026-11-01,ok,649,,1,Fri 08:40→13:25,4,
2026-10-07T19:36Z,2026-10-07 14:36,JAC,Jackson Hole,WY,state,2026-11-05,2026-11-05,Thu,2026-11-08,ok,697,,2,Thu 20:03→13:25,2,
2026-10-07T19:36Z,2026-10-07 14:36,JAC,Jackson Hole,WY,state,2026-11-05,2026-11-06,Fri,2026-11-08,ok,591,,1,Fri 08:40→13:25,3,
2026-10-07T19:36Z,2026-10-07 14:36,JAC,Jackson Hole,WY,state,2026-11-12,2026-11-12,Thu,2026-11-15,ok,758,,2,Thu 19:59→09:47,2,
2026-10-07T19:36Z,2026-10-07 14:36,JAC,Jackson Hole,WY,state,2026-11-12,2026-11-13,Fri,2026-11-15,ok,640,,1,Fri 08:40→13:25,3,
2026-10-07T19:36Z,2026-10-07 14:36,JAC,Jackson Hole,WY,state,2026-11-19,2026-11-19,Thu,2026-11-22,ok,792,,1,Thu 21:47→09:47,1,
2026-10-07T19:36Z,2026-10-07 14:36,JAC,Jackson Hole,WY,state,2026-11-19,2026-11-20,Fri,2026-11-22,ok,591,,1,Fri 14:30→20:57,4,
2026-10-07T19:36Z,2026-10-07 14:36,JAC,Jackson Hole,WY,state,2026-11-26,2026-11-26,Thu,2026-11-29,error,,,,,0,'NoneType' object is not subscriptable
2026-10-07T19:36Z,2026-10-07 14:36,JAC,Jackson Hole,WY,state,2026-11-26,2026-11-27,Fri,2026-11-29,ok,1118,,1,Fri 10:55→15:28,5,
2026-10-07T19:36Z,2026-10-07 14:36,JAC,Jackson Hole,WY,state,2026-12-03,2026-12-03,Thu,2026-12-06,ok,719,,1,Thu 21:30→09:48,1,
2026-10-07T19:36Z,2026-10-07 14:36,JAC,Jackson Hole,WY,state,2026-12-03,2026-12-04,Fri,2026-12-06,ok,571,571,0,Fri 08:58→11:23,4,
2026-10-07T19:36Z,2026-10-07 14:36,JAC,Jackson Hole,WY,state,2026-12-10,2026-12-10,Thu,2026-12-13,ok,719,,1,Thu 21:30→09:48,4,
2026-10-07T19:36Z,2026-10-07 14:36,JAC,Jackson Hole,WY,state,2026-12-10,2026-12-11,Fri,2026-12-13,ok,634,,1,Fri 14:35→21:13,5,
2026-10-07T19:36Z,2026-10-07 14:36,EWR,Newark / New York,NJ,top,2026-10-08,2026-10-08,Thu,2026-10-11,ok,750,750,0,Thu 19:52→23:15,5,
2026-10-07T19:36Z,2026-10-07 14:36,EWR,Newark / New York,NJ,top,2026-10-08,2026-10-09,Fri,2026-10-11,ok,481,481,0,Fri 17:07→20:37,7,
2026-10-07T19:36Z,2026-10-07 14:36,EWR,Newark / New York,NJ,top,2026-10-15,2026-10-15,Thu,2026-10-18,ok,818,,1,Thu 21:41→08:08,3,
2026-10-07T19:36Z,2026-10-07 14:36,EWR,Newark / New York,NJ,top,2026-10-15,2026-10-16,Fri,2026-10-18,ok,472,472,0,Fri 17:07→20:37,7,
2026-10-07T19:36Z,2026-10-07 14:36,EWR,Newark / New York,NJ,top,2026-10-22,2026-10-22,Thu,2026-10-25,ok,488,488,0,Thu 21:35→00:57,4,
2026-10-07T19:36Z,2026-10-07 14:36,EWR,Newark / New York,NJ,top,2026-10-22,2026-10-23,Fri,2026-10-25,ok,557,557,0,Fri 13:55→17:18,5,
2026-10-07T19:36Z,2026-10-07 14:36,EWR,Newark / New York,NJ,top,2026-10-29,2026-10-29,Thu,2026-11-01,ok,398,398,0,Thu 21:00→00:10,4,
2026-10-07T19:36Z,2026-10-07 14:36,EWR,Newark / New York,NJ,top,2026-10-29,2026-10-30,Fri,2026-11-01,ok,375,375,0,Fri 16:40→20:04,6,
2026-10-07T19:36Z,2026-10-07 14:36,EWR,Newark / New York,NJ,top,2026-11-05,2026-11-05,Thu,2026-11-08,ok,351,351,0,Thu 20:40→23:59,5,
2026-10-07T19:36Z,2026-10-07 14:36,EWR,Newark / New York,NJ,top,2026-11-05,2026-11-06,Fri,2026-11-08,ok,375,375,0,Fri 16:40→20:04,8,
2026-10-07T19:36Z,2026-10-07 14:36,EWR,Newark / New York,NJ,top,2026-11-12,2026-11-12,Thu,2026-11-15,ok,351,351,0,Thu 20:40→23:59,5,
2026-10-07T19:36Z,2026-10-07 14:36,EWR,Newark / New York,NJ,top,2026-11-12,2026-11-13,Fri,2026-11-15,ok,375,375,0,Fri 12:59→16:17,8,
2026-10-07T19:36Z,2026-10-07 14:36,EWR,Newark / New York,NJ,top,2026-11-19,2026-11-19,Thu,2026-11-22,ok,437,437,0,Thu 19:45→23:04,4,
2026-10-07T19:36Z,2026-10-07 14:36,EWR,Newark / New York,NJ,top,2026-11-19,2026-11-20,Fri,2026-11-22,ok,477,477,0,Fri 16:40→20:04,8,
2026-10-07T19:36Z,2026-10-07 14:36,EWR,Newark / New York,NJ,top,2026-11-26,2026-11-26,Thu,2026-11-29,error,,,,,0,'NoneType' object is not subscriptable
2026-10-07T19:36Z,2026-10-07 14:36,EWR,Newark / New York,NJ,top,2026-11-26,2026-11-27,Fri,2026-11-29,ok,590,590,0,Fri 14:30→17:52,4,
2026-10-07T19:36Z,2026-10-07 14:36,EWR,Newark / New York,NJ,top,2026-12-03,2026-12-03,Thu,2026-12-06,ok,546,,1,Thu 21:50→07:24,3,
2026-10-07T19:36Z,2026-10-07 14:36,EWR,Newark / New York,NJ,top,2026-12-03,2026-12-04,Fri,2026-12-06,ok,375,375,0,Fri 16:37→20:01,6,
2026-10-07T19:36Z,2026-10-07 14:36,EWR,Newark / New York,NJ,top,2026-12-10,2026-12-10,Thu,2026-12-13,ok,546,712,1,Thu 21:50→07:24,3,
2026-10-07T19:36Z,2026-10-07 14:36,EWR,Newark / New York,NJ,top,2026-12-10,2026-12-11,Fri,2026-12-13,ok,405,405,0,Fri 14:30→17:52,6,
2026-10-07T19:36Z,2026-10-07 14:36,LGA,New York LaGuardia,NY,top,2026-10-08,2026-10-08,Thu,2026-10-11,ok,577,577,0,Thu 18:00→21:25,3,
2026-10-07T19:36Z,2026-10-07 14:36,LGA,New York LaGuardia,NY,top,2026-10-08,2026-10-09,Fri,2026-10-11,ok,481,481,0,Fri 14:00→17:25,8,
2026-10-07T19:36Z,2026-10-07 14:36,LGA,New York LaGuardia,NY,top,2026-10-15,2026-10-15,Thu,2026-10-18,ok,473,481,1,Thu 18:06→23:30,4,
2026-10-07T19:36Z,2026-10-07 14:36,LGA,New York LaGuardia,NY,top,2026-10-15,2026-10-16,Fri,2026-10-18,ok,481,481,0,Fri 14:00→17:25,9,
2026-10-07T19:36Z,2026-10-07 14:36,LGA,New York LaGuardia,NY,top,2026-10-22,2026-10-22,Thu,2026-10-25,ok,470,470,0,Thu 19:45→23:10,3,
2026-10-07T19:36Z,2026-10-07 14:36,LGA,New York LaGuardia,NY,top,2026-10-22,2026-10-23,Fri,2026-10-25,ok,445,445,0,Fri 17:00→20:25,8,
2026-10-07T19:36Z,2026-10-07 14:36,LGA,New York LaGuardia,NY,top,2026-10-29,2026-10-29,Thu,2026-11-01,ok,542,542,0,Thu 18:26→21:59,2,
2026-10-07T19:36Z,2026-10-07 14:36,LGA,New York LaGuardia,NY,top,2026-10-29,2026-10-30,Fri,2026-11-01,ok,435,435,0,Fri 13:00→16:23,10,
2026-10-07T19:36Z,2026-10-07 14:36,LGA,New York LaGuardia,NY,top,2026-11-05,2026-11-05,Thu,2026-11-08,ok,351,351,0,Thu 20:10→23:29,2,
2026-10-07T19:36Z,2026-10-07 14:36,LGA,New York LaGuardia,NY,top,2026-11-05,2026-11-06,Fri,2026-11-08,ok,375,375,0,Fri 14:00→17:15,10,
2026-10-07T19:36Z,2026-10-07 14:36,LGA,New York LaGuardia,NY,top,2026-11-12,2026-11-12,Thu,2026-11-15,ok,351,351,0,Thu 20:10→23:29,2,
2026-10-07T19:36Z,2026-10-07 14:36,LGA,New York LaGuardia,NY,top,2026-11-12,2026-11-13,Fri,2026-11-15,ok,375,375,0,Fri 11:02→14:23,10,
2026-10-07T19:36Z,2026-10-07 14:36,LGA,New York LaGuardia,NY,top,2026-11-19,2026-11-19,Thu,2026-11-22,ok,415,415,0,Thu 18:26→21:59,2,
2026-10-07T19:36Z,2026-10-07 14:36,LGA,New York LaGuardia,NY,top,2026-11-19,2026-11-20,Fri,2026-11-22,ok,415,415,0,Fri 17:00→20:19,9,
2026-10-07T19:36Z,2026-10-07 14:36,LGA,New York LaGuardia,NY,top,2026-11-26,2026-11-26,Thu,2026-11-29,error,,,,,0,'NoneType' object is not subscriptable
2026-10-07T19:36Z,2026-10-07 14:36,LGA,New York LaGuardia,NY,top,2026-11-26,2026-11-27,Fri,2026-11-29,ok,592,592,0,Fri 11:59→15:10,7,
2026-10-07T19:36Z,2026-10-07 14:36,LGA,New York LaGuardia,NY,top,2026-12-03,2026-12-03,Thu,2026-12-06,ok,435,435,0,Thu 18:03→21:29,3,
2026-10-07T19:36Z,2026-10-07 14:36,LGA,New York LaGuardia,NY,top,2026-12-03,2026-12-04,Fri,2026-12-06,ok,430,430,0,Fri 07:00→10:09,7,
2026-10-07T19:36Z,2026-10-07 14:36,LGA,New York LaGuardia,NY,top,2026-12-10,2026-12-10,Thu,2026-12-13,ok,409,409,0,Thu 18:30→21:59,3,
2026-10-07T19:36Z,2026-10-07 14:36,LGA,New York LaGuardia,NY,top,2026-12-10,2026-12-11,Fri,2026-12-13,ok,430,430,0,Fri 11:59→15:14,9,
2026-10-07T19:36Z,2026-10-07 14:36,MCO,Orlando,FL,top,2026-10-08,2026-10-08,Thu,2026-10-11,ok,754,754,0,Thu 19:57→23:54,2,
2026-10-07T19:36Z,2026-10-07 14:36,MCO,Orlando,FL,top,2026-10-08,2026-10-09,Fri,2026-10-11,ok,545,592,1,Fri 07:15→13:57,6,
2026-10-07T19:36Z,2026-10-07 14:36,MCO,Orlando,FL,top,2026-10-15,2026-10-15,Thu,2026-10-18,ok,821,,1,Thu 21:35→12:40,3,
2026-10-07T19:36Z,2026-10-07 14:36,MCO,Orlando,FL,top,2026-10-15,2026-10-16,Fri,2026-10-18,ok,539,539,0,Fri 11:00→14:56,6,
2026-10-07T19:36Z,2026-10-07 14:36,MCO,Orlando,FL,top,2026-10-22,2026-10-22,Thu,2026-10-25,ok,539,539,0,Thu 19:57→23:54,3,
2026-10-07T19:36Z,2026-10-07 14:36,MCO,Orlando,FL,top,2026-10-22,2026-10-23,Fri,2026-10-25,ok,748,748,0,Fri 11:00→14:56,4,
2026-10-07T19:36Z,2026-10-07 14:36,MCO,Orlando,FL,top,2026-10-29,2026-10-29,Thu,2026-11-01,ok,429,429,0,Thu 19:45→23:39,1,
2026-10-07T19:36Z,2026-10-07 14:36,MCO,Orlando,FL,top,2026-10-29,2026-10-30,Fri,2026-11-01,ok,461,461,0,Fri 13:30→17:18,5,
2026-10-07T19:36Z,2026-10-07 14:36,MCO,Orlando,FL,top,2026-11-05,2026-11-05,Thu,2026-11-08,ok,484,484,1,Thu 18:07→00:59,3,
2026-10-07T19:36Z,2026-10-07 14:36,MCO,Orlando,FL,top,2026-11-05,2026-11-06,Fri,2026-11-08,ok,442,504,1,Fri 07:15→14:50,4,
2026-10-07T19:36Z,2026-10-07 14:36,MCO,Orlando,FL,top,2026-11-12,2026-11-12,Thu,2026-11-15,ok,414,453,1,Thu 18:07→00:59,3,
2026-10-07T19:36Z,2026-10-07 14:36,MCO,Orlando,FL,top,2026-11-12,2026-11-13,Fri,2026-11-15,ok,452,452,0,Fri 17:45→21:37,5,
2026-10-07T19:36Z,2026-10-07 14:36,MCO,Orlando,FL,top,2026-11-19,2026-11-19,Thu,2026-11-22,ok,519,519,0,Thu 19:45→23:39,2,
2026-10-07T19:36Z,2026-10-07 14:36,MCO,Orlando,FL,top,2026-11-19,2026-11-20,Fri,2026-11-22,ok,493,610,1,Fri 07:15→14:50,6,
2026-10-07T19:36Z,2026-10-07 14:36,MCO,Orlando,FL,top,2026-11-26,2026-11-26,Thu,2026-11-29,error,,,,,0,'NoneType' object is not subscriptable
2026-10-07T19:36Z,2026-10-07 14:36,MCO,Orlando,FL,top,2026-11-26,2026-11-27,Fri,2026-11-29,ok,704,704,0,Fri 16:20→20:12,4,
2026-10-07T19:36Z,2026-10-07 14:36,MCO,Orlando,FL,top,2026-12-03,2026-12-03,Thu,2026-12-06,ok,457,468,1,Thu 18:15→00:58,2,
2026-10-07T19:36Z,2026-10-07 14:36,MCO,Orlando,FL,top,2026-12-03,2026-12-04,Fri,2026-12-06,ok,446,452,1,Fri 09:00→15:13,6,
2026-10-07T19:36Z,2026-10-07 14:36,MCO,Orlando,FL,top,2026-12-10,2026-12-10,Thu,2026-12-13,ok,442,442,0,Thu 20:05→23:59,2,
2026-10-07T19:36Z,2026-10-07 14:36,MCO,Orlando,FL,top,2026-12-10,2026-12-11,Fri,2026-12-13,ok,436,436,0,Fri 14:05→17:57,6,
2026-10-07T19:36Z,2026-10-07 14:36,AUS,Austin,TX,top,2026-10-08,2026-10-08,Thu,2026-10-11,ok,597,597,0,Thu 20:03→22:58,2,
2026-10-07T19:36Z,2026-10-07 14:36,AUS,Austin,TX,top,2026-10-08,2026-10-09,Fri,2026-10-11,ok,607,,1,Fri 14:10→19:57,4,
2026-10-07T19:36Z,2026-10-07 14:36,AUS,Austin,TX,top,2026-10-15,2026-10-15,Thu,2026-10-18,ok,619,619,0,Thu 20:03→22:58,2,
2026-10-07T19:36Z,2026-10-07 14:36,AUS,Austin,TX,top,2026-10-15,2026-10-16,Fri,2026-10-18,ok,607,607,0,Fri 07:00→09:58,6,
2026-10-07T19:36Z,2026-10-07 14:36,AUS,Austin,TX,top,2026-10-22,2026-10-22,Thu,2026-10-25,ok,765,765,0,Thu 20:03→22:58,3,
2026-10-07T19:36Z,2026-10-07 14:36,AUS,Austin,TX,top,2026-10-22,2026-10-23,Fri,2026-10-25,ok,667,,1,Fri 05:00→11:30,3,
2026-10-07T19:36Z,2026-10-07 14:36,AUS,Austin,TX,top,2026-10-29,2026-10-29,Thu,2026-11-01,ok,519,519,0,Thu 19:55→22:52,2,
2026-10-07T19:36Z,2026-10-07 14:36,AUS,Austin,TX,top,2026-10-29,2026-10-30,Fri,2026-11-01,ok,449,,1,Fri 13:00→18:55,4,
2026-10-07T19:36Z,2026-10-07 14:36,AUS,Austin,TX,top,2026-11-05,2026-11-05,Thu,2026-11-08,ok,466,466,0,Thu 19:55→22:52,3,
2026-10-07T19:36Z,2026-10-07 14:36,AUS,Austin,TX,top,2026-11-05,2026-11-06,Fri,2026-11-08,ok,419,,1,Fri 14:30→20:58,4,
2026-10-07T19:36Z,2026-10-07 14:36,AUS,Austin,TX,top,2026-11-12,2026-11-12,Thu,2026-11-15,ok,450,450,0,Thu 19:55→22:52,2,
2026-10-07T19:36Z,2026-10-07 14:36,AUS,Austin,TX,top,2026-11-12,2026-11-13,Fri,2026-11-15,ok,404,,1,Fri 13:00→18:55,3,
2026-10-07T19:36Z,2026-10-07 14:36,AUS,Austin,TX,top,2026-11-19,2026-11-19,Thu,2026-11-22,ok,488,488,0,Thu 19:55→22:52,2,
2026-10-07T19:36Z,2026-10-07 14:36,AUS,Austin,TX,top,2026-11-19,2026-11-20,Fri,2026-11-22,ok,476,539,1,Fri 07:29→13:17,4,
2026-10-07T19:36Z,2026-10-07 14:36,AUS,Austin,TX,top,2026-11-26,2026-11-26,Thu,2026-11-29,error,,,,,0,'NoneType' object is not subscriptable
2026-10-07T19:36Z,2026-10-07 14:36,AUS,Austin,TX,top,2026-11-26,2026-11-27,Fri,2026-11-29,ok,468,468,0,Fri 12:55→15:58,6,
2026-10-07T19:36Z,2026-10-07 14:36,AUS,Austin,TX,top,2026-12-03,2026-12-03,Thu,2026-12-06,ok,380,380,0,Thu 19:45→22:45,2,
2026-10-07T19:36Z,2026-10-07 14:36,AUS,Austin,TX,top,2026-12-03,2026-12-04,Fri,2026-12-06,ok,399,,1,Fri 07:30→13:11,5,
2026-10-07T19:36Z,2026-10-07 14:36,AUS,Austin,TX,top,2026-12-10,2026-12-10,Thu,2026-12-13,ok,380,380,0,Thu 19:45→22:45,3,
2026-10-07T19:36Z,2026-10-07 14:36,AUS,Austin,TX,top,2026-12-10,2026-12-11,Fri,2026-12-13,ok,399,,1,Fri 05:45→11:11,3,
2026-10-07T19:36Z,2026-10-07 14:36,DTW,Detroit,MI,top,2026-10-08,2026-10-08,Thu,2026-10-11,ok,601,601,0,Thu 18:10→20:40,3,
2026-10-07T19:36Z,2026-10-07 14:36,DTW,Detroit,MI,top,2026-10-08,2026-10-09,Fri,2026-10-11,ok,601,601,0,Fri 06:55→09:28,4,
2026-10-07T19:36Z,2026-10-07 14:36,DTW,Detroit,MI,top,2026-10-15,2026-10-15,Thu,2026-10-18,ok,601,601,0,Thu 18:10→20:40,4,
2026-10-07T19:36Z,2026-10-07 14:36,DTW,Detroit,MI,top,2026-10-15,2026-10-16,Fri,2026-10-18,ok,601,601,0,Fri 06:55→09:28,5,
2026-10-07T19:36Z,2026-10-07 14:36,DTW,Detroit,MI,top,2026-10-22,2026-10-22,Thu,2026-10-25,ok,583,583,0,Thu 18:10→20:40,3,
2026-10-07T19:36Z,2026-10-07 14:36,DTW,Detroit,MI,top,2026-10-22,2026-10-23,Fri,2026-10-25,ok,583,583,0,Fri 15:35→18:05,2,
2026-10-07T19:36Z,2026-10-07 14:36,DTW,Detroit,MI,top,2026-10-29,2026-10-29,Thu,2026-11-01,ok,389,389,0,Thu 19:47→22:22,2,
2026-10-07T19:36Z,2026-10-07 14:36,DTW,Detroit,MI,top,2026-10-29,2026-10-30,Fri,2026-11-01,ok,418,418,0,Fri 14:30→17:10,2,
2026-10-07T19:36Z,2026-10-07 14:36,DTW,Detroit,MI,top,2026-11-05,2026-11-05,Thu,2026-11-08,ok,376,376,0,Thu 19:47→22:22,2,
2026-10-07T19:36Z,2026-10-07 14:36,DTW,Detroit,MI,top,2026-11-05,2026-11-06,Fri,2026-11-08,ok,405,405,0,Fri 14:30→17:10,2,
2026-10-07T19:36Z,2026-10-07 14:36,DTW,Detroit,MI,top,2026-11-12,2026-11-12,Thu,2026-11-15,ok,376,376,0,Thu 19:47→22:22,2,
2026-10-07T19:36Z,2026-10-07 14:36,DTW,Detroit,MI,top,2026-11-12,2026-11-13,Fri,2026-11-15,ok,405,405,0,Fri 14:30→17:10,2,
2026-10-07T19:36Z,2026-10-07 14:36,DTW,Detroit,MI,top,2026-11-19,2026-11-19,Thu,2026-11-22,ok,395,395,0,Thu 19:47→22:22,2,
2026-10-07T19:36Z,2026-10-07 14:36,DTW,Detroit,MI,top,2026-11-19,2026-11-20,Fri,2026-11-22,ok,395,395,0,Fri 17:59→20:30,2,
2026-10-07T19:36Z,2026-10-07 14:36,DTW,Detroit,MI,top,2026-11-26,2026-11-26,Thu,2026-11-29,error,,,,,0,'NoneType' object is not subscriptable
2026-10-07T19:36Z,2026-10-07 14:36,DTW,Detroit,MI,top,2026-11-26,2026-11-27,Fri,2026-11-29,ok,405,405,0,Fri 10:47→13:28,4,
2026-10-07T19:36Z,2026-10-07 14:36,DTW,Detroit,MI,top,2026-12-03,2026-12-03,Thu,2026-12-06,ok,376,376,0,Thu 19:45→22:14,3,
2026-10-07T19:36Z,2026-10-07 14:36,DTW,Detroit,MI,top,2026-12-03,2026-12-04,Fri,2026-12-06,ok,405,405,0,Fri 07:00→09:39,4,
2026-10-07T19:36Z,2026-10-07 14:36,DTW,Detroit,MI,top,2026-12-10,2026-12-10,Thu,2026-12-13,ok,376,376,0,Thu 19:45→22:14,3,
2026-10-07T19:36Z,2026-10-07 14:36,DTW,Detroit,MI,top,2026-12-10,2026-12-11,Fri,2026-12-13,ok,405,405,0,Fri 07:00→09:39,4,
2026-10-07T19:36Z,2026-10-07 14:36,MIA,Miami,FL,top,2026-10-08,2026-10-08,Thu,2026-10-11,error,,,,,0,'NoneType' object is not subscriptable
2026-10-07T19:36Z,2026-10-07 14:36,MIA,Miami,FL,top,2026-10-08,2026-10-09,Fri,2026-10-11,ok,771,771,0,Fri 07:30→11:55,3,
2026-10-07T19:36Z,2026-10-07 14:36,MIA,Miami,FL,top,2026-10-15,2026-10-15,Thu,2026-10-18,error,,,,,0,'NoneType' object is not subscriptable
2026-10-07T19:36Z,2026-10-07 14:36,MIA,Miami,FL,top,2026-10-15,2026-10-16,Fri,2026-10-18,ok,771,771,0,Fri 07:30→11:55,4,
2026-10-07T19:36Z,2026-10-07 14:36,MIA,Miami,FL,top,2026-10-22,2026-10-22,Thu,2026-10-25,error,,,,,0,'NoneType' object is not subscriptable
2026-10-07T19:36Z,2026-10-07 14:36,MIA,Miami,FL,top,2026-10-22,2026-10-23,Fri,2026-10-25,ok,723,,1,Fri 13:30→21:59,3,
2026-10-07T19:36Z,2026-10-07 14:36,MIA,Miami,FL,top,2026-10-29,2026-10-29,Thu,2026-11-01,ok,501,501,0,Thu 18:12→22:31,1,
2026-10-07T19:36Z,2026-10-07 14:36,MIA,Miami,FL,top,2026-10-29,2026-10-30,Fri,2026-11-01,ok,536,536,0,Fri 07:00→11:11,3,
2026-10-07T19:36Z,2026-10-07 14:36,MIA,Miami,FL,top,2026-11-05,2026-11-05,Thu,2026-11-08,ok,472,472,0,Thu 18:12→22:31,1,
2026-10-07T19:36Z,2026-10-07 14:36,MIA,Miami,FL,top,2026-11-05,2026-11-06,Fri,2026-11-08,ok,507,507,0,Fri 14:30→18:50,3,
2026-10-07T19:36Z,2026-10-07 14:36,MIA,Miami,FL,top,2026-11-12,2026-11-12,Thu,2026-11-15,ok,472,472,0,Thu 18:12→22:31,1,
2026-10-07T19:36Z,2026-10-07 14:36,MIA,Miami,FL,top,2026-11-12,2026-11-13,Fri,2026-11-15,ok,507,507,0,Fri 07:00→11:11,4,
2026-10-07T19:36Z,2026-10-07 14:36,MIA,Miami,FL,top,2026-11-19,2026-11-19,Thu,2026-11-22,ok,508,508,0,Thu 18:12→22:31,1,
2026-10-07T19:36Z,2026-10-07 14:36,MIA,Miami,FL,top,2026-11-19,2026-11-20,Fri,2026-11-22,ok,528,,1,Fri 12:29→22:16,3,
2026-10-07T19:36Z,2026-10-07 14:36,MIA,Miami,FL,top,2026-11-26,2026-11-26,Thu,2026-11-29,error,,,,,0,'NoneType' object is not subscriptable
2026-10-07T19:36Z,2026-10-07 14:36,MIA,Miami,FL,top,2026-11-26,2026-11-27,Fri,2026-11-29,ok,623,623,0,Fri 07:00→11:11,3,
2026-10-07T19:36Z,2026-10-07 14:36,MIA,Miami,FL,top,2026-12-03,2026-12-03,Thu,2026-12-06,ok,472,472,0,Thu 18:20→22:43,1,
2026-10-07T19:36Z,2026-10-07 14:36,MIA,Miami,FL,top,2026-12-03,2026-12-04,Fri,2026-12-06,ok,507,507,0,Fri 07:00→11:11,4,
2026-10-07T19:36Z,2026-10-07 14:36,MIA,Miami,FL,top,2026-12-10,2026-12-10,Thu,2026-12-13,ok,493,493,0,Thu 18:20→22:43,1,
2026-10-07T19:36Z,2026-10-07 14:36,MIA,Miami,FL,top,2026-12-10,2026-12-11,Fri,2026-12-13,ok,638,640,1,Fri 09:19→18:15,5,
2026-10-07T19:36Z,2026-10-07 14:36,MSY,New Orleans,LA,top,2026-10-08,2026-10-08,Thu,2026-10-11,ok,895,895,0,Thu 20:12→22:45,3,
2026-10-07T19:36Z,2026-10-07 14:36,MSY,New Orleans,LA,top,2026-10-08,2026-10-09,Fri,2026-10-11,ok,656,1059,1,Fri 07:30→14:43,8,
2026-10-07T19:36Z,2026-10-07 14:36,MSY,New Orleans,LA,top,2026-10-15,2026-10-15,Thu,2026-10-18,ok,646,646,0,Thu 20:12→22:45,2,
2026-10-07T19:36Z,2026-10-07 14:36,MSY,New Orleans,LA,top,2026-10-15,2026-10-16,Fri,2026-10-18,ok,601,,1,Fri 16:11→21:37,5,
2026-10-07T19:36Z,2026-10-07 14:36,MSY,New Orleans,LA,top,2026-10-22,2026-10-22,Thu,2026-10-25,ok,711,711,0,Thu 20:12→22:45,3,
2026-10-07T19:36Z,2026-10-07 14:36,MSY,New Orleans,LA,top,2026-10-22,2026-10-23,Fri,2026-10-25,ok,790,,1,Fri 14:30→21:44,4,
2026-10-07T19:36Z,2026-10-07 14:36,MSY,New Orleans,LA,top,2026-10-29,2026-10-29,Thu,2026-11-01,ok,607,609,1,Thu 21:35→08:48,3,
2026-10-07T19:36Z,2026-10-07 14:36,MSY,New Orleans,LA,top,2026-10-29,2026-10-30,Fri,2026-11-01,ok,480,,1,Fri 17:27→23:15,4,
2026-10-07T19:36Z,2026-10-07 14:36,MSY,New Orleans,LA,top,2026-11-05,2026-11-05,Thu,2026-11-08,ok,812,812,0,Thu 21:20→23:52,2,
2026-10-07T19:36Z,2026-10-07 14:36,MSY,New Orleans,LA,top,2026-11-05,2026-11-06,Fri,2026-11-08,ok,747,,1,Fri 14:30→21:32,5,
2026-10-07T19:36Z,2026-10-07 14:36,MSY,New Orleans,LA,top,2026-11-12,2026-11-12,Thu,2026-11-15,ok,612,612,0,Thu 21:20→23:52,3,
2026-10-07T19:36Z,2026-10-07 14:36,MSY,New Orleans,LA,top,2026-11-12,2026-11-13,Fri,2026-11-15,ok,617,856,1,Fri 14:22→21:43,5,
2026-10-07T19:36Z,2026-10-07 14:36,MSY,New Orleans,LA,top,2026-11-19,2026-11-19,Thu,2026-11-22,ok,478,478,0,Thu 21:20→23:52,3,
2026-10-07T19:36Z,2026-10-07 14:36,MSY,New Orleans,LA,top,2026-11-19,2026-11-20,Fri,2026-11-22,ok,528,,1,Fri 16:07→21:43,5,
2026-10-07T19:36Z,2026-10-07 14:36,MSY,New Orleans,LA,top,2026-11-26,2026-11-26,Thu,2026-11-29,error,,,,,0,'NoneType' object is not subscriptable
2026-10-07T19:36Z,2026-10-07 14:36,MSY,New Orleans,LA,top,2026-11-26,2026-11-27,Fri,2026-11-29,ok,584,,1,Fri 17:30→23:15,3,
2026-10-07T19:36Z,2026-10-07 14:36,MSY,New Orleans,LA,top,2026-12-03,2026-12-03,Thu,2026-12-06,ok,511,511,0,Thu 20:20→22:54,3,
2026-10-07T19:36Z,2026-10-07 14:36,MSY,New Orleans,LA,top,2026-12-03,2026-12-04,Fri,2026-12-06,ok,514,1779,1,Fri 16:37→23:44,5,
2026-10-07T19:36Z,2026-10-07 14:36,MSY,New Orleans,LA,top,2026-12-10,2026-12-10,Thu,2026-12-13,ok,645,645,0,Thu 20:20→22:54,2,
2026-10-07T19:36Z,2026-10-07 14:36,MSY,New Orleans,LA,top,2026-12-10,2026-12-11,Fri,2026-12-13,ok,514,,1,Fri 16:37→23:44,5,
2026-10-07T19:36Z,2026-10-07 14:36,PIT,Pittsburgh,PA,top,2026-10-08,2026-10-08,Thu,2026-10-11,ok,1012,1017,1,Thu 19:52→11:01,3,
2026-10-07T19:36Z,2026-10-07 14:36,PIT,Pittsburgh,PA,top,2026-10-08,2026-10-09,Fri,2026-10-11,ok,647,797,1,Fri 15:00→21:36,5,
2026-10-07T19:36Z,2026-10-07 14:36,PIT,Pittsburgh,PA,top,2026-10-15,2026-10-15,Thu,2026-10-18,ok,637,637,0,Thu 21:20→23:59,3,
2026-10-07T19:36Z,2026-10-07 14:36,PIT,Pittsburgh,PA,top,2026-10-15,2026-10-16,Fri,2026-10-18,ok,637,637,0,Fri 12:47→15:25,4,
2026-10-07T19:36Z,2026-10-07 14:36,PIT,Pittsburgh,PA,top,2026-10-22,2026-10-22,Thu,2026-10-25,ok,637,637,0,Thu 21:20→23:59,2,
2026-10-07T19:36Z,2026-10-07 14:36,PIT,Pittsburgh,PA,top,2026-10-22,2026-10-23,Fri,2026-10-25,ok,637,637,0,Fri 12:47→15:25,4,
2026-10-07T19:36Z,2026-10-07 14:36,PIT,Pittsburgh,PA,top,2026-10-29,2026-10-29,Thu,2026-11-01,ok,464,464,0,Thu 18:10→20:49,2,
2026-10-07T19:36Z,2026-10-07 14:36,PIT,Pittsburgh,PA,top,2026-10-29,2026-10-30,Fri,2026-11-01,ok,484,484,0,Fri 14:16→16:55,2,
2026-10-07T19:36Z,2026-10-07 14:36,PIT,Pittsburgh,PA,top,2026-11-05,2026-11-05,Thu,2026-11-08,ok,421,421,0,Thu 18:10→20:49,4,
2026-10-07T19:36Z,2026-10-07 14:36,PIT,Pittsburgh,PA,top,2026-11-05,2026-11-06,Fri,2026-11-08,ok,504,,1,Fri 14:30→20:47,3,
2026-10-07T19:36Z,2026-10-07 14:36,PIT,Pittsburgh,PA,top,2026-11-12,2026-11-12,Thu,2026-11-15,ok,465,465,0,Thu 21:30→23:59,3,
2026-10-07T19:36Z,2026-10-07 14:36,PIT,Pittsburgh,PA,top,2026-11-12,2026-11-13,Fri,2026-11-15,ok,504,541,1,Fri 16:00→23:30,4,
2026-10-07T19:36Z,2026-10-07 14:36,PIT,Pittsburgh,PA,top,2026-11-19,2026-11-19,Thu,2026-11-22,ok,435,435,0,Thu 18:10→20:49,3,
2026-10-07T19:36Z,2026-10-07 14:36,PIT,Pittsburgh,PA,top,2026-11-19,2026-11-20,Fri,2026-11-22,ok,435,435,0,Fri 10:30→13:06,5,
2026-10-07T19:36Z,2026-10-07 14:36,PIT,Pittsburgh,PA,top,2026-11-26,2026-11-26,Thu,2026-11-29,error,,,,,0,'NoneType' object is not subscriptable
2026-10-07T19:36Z,2026-10-07 14:36,PIT,Pittsburgh,PA,top,2026-11-26,2026-11-27,Fri,2026-11-29,ok,457,457,0,Fri 12:48→15:19,4,
2026-10-07T19:36Z,2026-10-07 14:36,PIT,Pittsburgh,PA,top,2026-12-03,2026-12-03,Thu,2026-12-06,ok,614,,1,Thu 21:34→09:19,2,
2026-10-07T19:36Z,2026-10-07 14:36,PIT,Pittsburgh,PA,top,2026-12-03,2026-12-04,Fri,2026-12-06,ok,457,457,0,Fri 12:29→15:03,6,
2026-10-07T19:36Z,2026-10-07 14:36,PIT,Pittsburgh,PA,top,2026-12-10,2026-12-10,Thu,2026-12-13,ok,437,437,0,Thu 18:10→20:49,4,
2026-10-07T19:36Z,2026-10-07 14:36,PIT,Pittsburgh,PA,top,2026-12-10,2026-12-11,Fri,2026-12-13,ok,457,457,0,Fri 12:29→15:03,6,
2026-10-07T19:36Z,2026-10-07 14:36,STL,St. Louis,MO,top,2026-10-08,2026-10-08,Thu,2026-10-11,ok,649,649,0,Thu 18:10→19:41,4,
2026-10-07T19:36Z,2026-10-07 14:36,STL,St. Louis,MO,top,2026-10-08,2026-10-09,Fri,2026-10-11,ok,649,649,0,Fri 10:40→12:13,5,
2026-10-07T19:36Z,2026-10-07 14:36,STL,St. Louis,MO,top,2026-10-15,2026-10-15,Thu,2026-10-18,ok,916,,1,Thu 21:35→08:48,2,
2026-10-07T19:36Z,2026-10-07 14:36,STL,St. Louis,MO,top,2026-10-15,2026-10-16,Fri,2026-10-18,ok,649,649,0,Fri 17:30→19:01,3,
2026-10-07T19:36Z,2026-10-07 14:36,STL,St. Louis,MO,top,2026-10-22,2026-10-22,Thu,2026-10-25,ok,889,,1,Thu 21:35→08:48,2,
2026-10-07T19:36Z,2026-10-07 14:36,STL,St. Louis,MO,top,2026-10-22,2026-10-23,Fri,2026-10-25,ok,579,579,0,Fri 10:40→12:13,6,
2026-10-07T19:36Z,2026-10-07 14:36,STL,St. Louis,MO,top,2026-10-29,2026-10-29,Thu,2026-11-01,ok,416,416,0,Thu 20:10→21:40,2,
2026-10-07T19:36Z,2026-10-07 14:36,STL,St. Louis,MO,top,2026-10-29,2026-10-30,Fri,2026-11-01,ok,452,452,0,Fri 12:55→14:29,5,
2026-10-07T19:36Z,2026-10-07 14:36,STL,St. Louis,MO,top,2026-11-05,2026-11-05,Thu,2026-11-08,ok,405,405,0,Thu 20:10→21:40,2,
2026-10-07T19:36Z,2026-10-07 14:36,STL,St. Louis,MO,top,2026-11-05,2026-11-06,Fri,2026-11-08,ok,441,441,0,Fri 13:00→14:34,5,
2026-10-07T19:36Z,2026-10-07 14:36,STL,St. Louis,MO,top,2026-11-12,2026-11-12,Thu,2026-11-15,ok,405,405,0,Thu 20:10→21:40,2,
2026-10-07T19:36Z,2026-10-07 14:36,STL,St. Louis,MO,top,2026-11-12,2026-11-13,Fri,2026-11-15,ok,441,441,0,Fri 13:00→14:34,5,
2026-10-07T19:36Z,2026-10-07 14:36,STL,St. Louis,MO,top,2026-11-19,2026-11-19,Thu,2026-11-22,ok,369,369,0,Thu 20:10→21:40,2,
2026-10-07T19:36Z,2026-10-07 14:36,STL,St. Louis,MO,top,2026-11-19,2026-11-20,Fri,2026-11-22,ok,369,369,0,Fri 13:00→14:34,5,
2026-10-07T19:36Z,2026-10-07 14:36,STL,St. Louis,MO,top,2026-11-26,2026-11-26,Thu,2026-11-29,error,,,,,0,'NoneType' object is not subscriptable
2026-10-07T19:36Z,2026-10-07 14:36,STL,St. Louis,MO,top,2026-11-26,2026-11-27,Fri,2026-11-29,ok,441,441,0,Fri 16:35→18:09,3,
2026-10-07T19:36Z,2026-10-07 14:36,STL,St. Louis,MO,top,2026-12-03,2026-12-03,Thu,2026-12-06,ok,405,405,0,Thu 21:45→22:59,2,
2026-10-07T19:36Z,2026-10-07 14:36,STL,St. Louis,MO,top,2026-12-03,2026-12-04,Fri,2026-12-06,ok,441,441,0,Fri 14:48→16:24,4,
2026-10-07T19:36Z,2026-10-07 14:36,STL,St. Louis,MO,top,2026-12-10,2026-12-10,Thu,2026-12-13,ok,405,405,0,Thu 21:45→22:59,2,
2026-10-07T19:36Z,2026-10-07 14:36,STL,St. Louis,MO,top,2026-12-10,2026-12-11,Fri,2026-12-13,ok,441,441,0,Fri 10:52→12:22,6,
2026-10-07T19:36Z,2026-10-07 14:36,SJC,San Jose,CA,top,2026-10-08,2026-10-08,Thu,2026-10-11,ok,1368,1368,0,Thu 19:55→22:42,2,
2026-10-07T19:36Z,2026-10-07 14:36,SJC,San Jose,CA,top,2026-10-08,2026-10-09,Fri,2026-10-11,ok,1277,1368,2,Fri 10:15→17:32,4,
2026-10-07T19:36Z,2026-10-07 14:36,SJC,San Jose,CA,top,2026-10-15,2026-10-15,Thu,2026-10-18,ok,877,877,0,Thu 19:55→22:42,2,
2026-10-07T19:36Z,2026-10-07 14:36,SJC,San Jose,CA,top,2026-10-15,2026-10-16,Fri,2026-10-18,ok,877,877,0,Fri 09:14→12:01,3,
2026-10-07T19:36Z,2026-10-07 14:36,SJC,San Jose,CA,top,2026-10-22,2026-10-22,Thu,2026-10-25,ok,727,727,0,Thu 19:55→22:42,2,
2026-10-07T19:36Z,2026-10-07 14:36,SJC,San Jose,CA,top,2026-10-22,2026-10-23,Fri,2026-10-25,ok,727,727,0,Fri 09:14→12:01,4,
2026-10-07T19:36Z,2026-10-07 14:36,SJC,San Jose,CA,top,2026-10-29,2026-10-29,Thu,2026-11-01,ok,617,617,0,Thu 20:08→22:59,2,
2026-10-07T19:36Z,2026-10-07 14:36,SJC,San Jose,CA,top,2026-10-29,2026-10-30,Fri,2026-11-01,ok,617,617,0,Fri 09:02→12:02,3,
2026-10-07T19:36Z,2026-10-07 14:36,SJC,San Jose,CA,top,2026-11-05,2026-11-05,Thu,2026-11-08,ok,597,597,0,Thu 20:08→22:59,2,
2026-10-07T19:36Z,2026-10-07 14:36,SJC,San Jose,CA,top,2026-11-05,2026-11-06,Fri,2026-11-08,ok,577,577,0,Fri 09:02→12:02,3,
2026-10-07T19:36Z,2026-10-07 14:36,SJC,San Jose,CA,top,2026-11-12,2026-11-12,Thu,2026-11-15,ok,577,577,0,Thu 20:08→22:59,2,
2026-10-07T19:36Z,2026-10-07 14:36,SJC,San Jose,CA,top,2026-11-12,2026-11-13,Fri,2026-11-15,ok,577,577,0,Fri 09:02→12:02,3,
2026-10-07T19:36Z,2026-10-07 14:36,SJC,San Jose,CA,top,2026-11-19,2026-11-19,Thu,2026-11-22,ok,552,552,0,Thu 20:08→22:59,2,
2026-10-07T19:36Z,2026-10-07 14:36,SJC,San Jose,CA,top,2026-11-19,2026-11-20,Fri,2026-11-22,ok,712,,1,Fri 10:55→15:08,4,
2026-10-07T19:36Z,2026-10-07 14:36,SJC,San Jose,CA,top,2026-11-26,2026-11-26,Thu,2026-11-29,error,,,,,0,'NoneType' object is not subscriptable
2026-10-07T19:36Z,2026-10-07 14:36,SJC,San Jose,CA,top,2026-11-26,2026-11-27,Fri,2026-11-29,ok,912,912,0,Fri 08:45→11:43,4,
2026-10-07T19:36Z,2026-10-07 14:36,SJC,San Jose,CA,top,2026-12-03,2026-12-03,Thu,2026-12-06,ok,682,,1,Thu 21:30→13:13,1,
2026-10-07T19:36Z,2026-10-07 14:36,SJC,San Jose,CA,top,2026-12-03,2026-12-04,Fri,2026-12-06,ok,587,,1,Fri 14:35→20:53,3,
2026-10-07T19:36Z,2026-10-07 14:36,SJC,San Jose,CA,top,2026-12-10,2026-12-10,Thu,2026-12-13,ok,682,,1,Thu 21:30→13:13,1,
2026-10-07T19:36Z,2026-10-07 14:36,SJC,San Jose,CA,top,2026-12-10,2026-12-11,Fri,2026-12-13,ok,587,,1,Fri 14:35→20:53,3,
2026-10-07T19:36Z,2026-10-07 14:36,RSW,Fort Myers,FL,top,2026-10-08,2026-10-08,Thu,2026-10-11,ok,1022,,1,Thu 21:52→11:10,1,
2026-10-07T19:36Z,2026-10-07 14:36,RSW,Fort Myers,FL,top,2026-10-08,2026-10-09,Fri,2026-10-11,ok,702,702,0,Fri 07:05→11:11,4,
2026-10-07T19:36Z,2026-10-07 14:36,RSW,Fort Myers,FL,top,2026-10-15,2026-10-15,Thu,2026-10-18,ok,909,,1,Thu 21:35→11:01,3,
2026-10-07T19:36Z,2026-10-07 14:36,RSW,Fort Myers,FL,top,2026-10-15,2026-10-16,Fri,2026-10-18,ok,655,655,0,Fri 07:05→11:11,4,
2026-10-07T19:36Z,2026-10-07 14:36,RSW,Fort Myers,FL,top,2026-10-22,2026-10-22,Thu,2026-10-25,error,,,,,0,'NoneType' object is not subscriptable
2026-10-07T19:36Z,2026-10-07 14:36,RSW,Fort Myers,FL,top,2026-10-22,2026-10-23,Fri,2026-10-25,ok,655,655,0,Fri 07:05→11:11,4,
2026-10-07T19:36Z,2026-10-07 14:36,RSW,Fort Myers,FL,top,2026-10-29,2026-10-29,Thu,2026-11-01,ok,686,,1,Thu 21:41→11:29,3,
2026-10-07T19:36Z,2026-10-07 14:36,RSW,Fort Myers,FL,top,2026-10-29,2026-10-30,Fri,2026-11-01,ok,520,520,0,Fri 13:00→17:02,2,
2026-10-07T19:36Z,2026-10-07 14:36,RSW,Fort Myers,FL,top,2026-11-05,2026-11-05,Thu,2026-11-08,ok,660,,1,Thu 21:48→13:19,4,
2026-10-07T19:36Z,2026-10-07 14:36,RSW,Fort Myers,FL,top,2026-11-05,2026-11-06,Fri,2026-11-08,ok,464,464,0,Fri 13:30→17:32,4,
2026-10-07T19:36Z,2026-10-07 14:36,RSW,Fort Myers,FL,top,2026-11-12,2026-11-12,Thu,2026-11-15,ok,630,,1,Thu 21:48→13:19,2,
2026-10-07T19:36Z,2026-10-07 14:36,RSW,Fort Myers,FL,top,2026-11-12,2026-11-13,Fri,2026-11-15,ok,454,454,0,Fri 13:30→17:32,2,
2026-10-07T19:36Z,2026-10-07 14:36,RSW,Fort Myers,FL,top,2026-11-19,2026-11-19,Thu,2026-11-22,ok,717,,1,Thu 21:41→11:29,2,
2026-10-07T19:36Z,2026-10-07 14:36,RSW,Fort Myers,FL,top,2026-11-19,2026-11-20,Fri,2026-11-22,ok,609,609,0,Fri 07:15→11:18,5,
2026-10-07T19:36Z,2026-10-07 14:36,RSW,Fort Myers,FL,top,2026-11-26,2026-11-26,Thu,2026-11-29,error,,,,,0,'NoneType' object is not subscriptable
2026-10-07T19:36Z,2026-10-07 14:36,RSW,Fort Myers,FL,top,2026-11-26,2026-11-27,Fri,2026-11-29,ok,964,964,0,Fri 07:15→11:18,3,
2026-10-07T19:36Z,2026-10-07 14:36,RSW,Fort Myers,FL,top,2026-12-03,2026-12-03,Thu,2026-12-06,ok,423,423,0,Thu 18:20→22:28,4,
2026-10-07T19:36Z,2026-10-07 14:36,RSW,Fort Myers,FL,top,2026-12-03,2026-12-04,Fri,2026-12-06,ok,454,454,0,Fri 07:15→11:18,5,
2026-10-07T19:36Z,2026-10-07 14:36,RSW,Fort Myers,FL,top,2026-12-10,2026-12-10,Thu,2026-12-13,ok,423,423,0,Thu 18:20→22:28,4,
2026-10-07T19:36Z,2026-10-07 14:36,RSW,Fort Myers,FL,top,2026-12-10,2026-12-11,Fri,2026-12-13,ok,454,454,0,Fri 12:55→16:54,6,
2026-10-07T19:36Z,2026-10-07 14:36,BDL,Hartford,CT,top,2026-10-08,2026-10-08,Thu,2026-10-11,ok,762,762,0,Thu 18:15→21:37,3,
2026-10-07T19:36Z,2026-10-07 14:36,BDL,Hartford,CT,top,2026-10-08,2026-10-09,Fri,2026-10-11,ok,681,,1,Fri 16:00→23:59,5,
2026-10-07T19:36Z,2026-10-07 14:36,BDL,Hartford,CT,top,2026-10-15,2026-10-15,Thu,2026-10-18,ok,681,687,1,Thu 18:06→23:59,3,
2026-10-07T19:36Z,2026-10-07 14:36,BDL,Hartford,CT,top,2026-10-15,2026-10-16,Fri,2026-10-18,ok,681,,1,Fri 16:00→23:59,3,
2026-10-07T19:36Z,2026-10-07 14:36,BDL,Hartford,CT,top,2026-10-22,2026-10-22,Thu,2026-10-25,ok,686,686,0,Thu 18:15→21:37,2,
2026-10-07T19:36Z,2026-10-07 14:36,BDL,Hartford,CT,top,2026-10-22,2026-10-23,Fri,2026-10-25,ok,681,,1,Fri 16:00→23:59,2,
2026-10-07T19:36Z,2026-10-07 14:36,BDL,Hartford,CT,top,2026-10-29,2026-10-29,Thu,2026-11-01,ok,550,550,0,Thu 18:25→21:47,2,
2026-10-07T19:36Z,2026-10-07 14:36,BDL,Hartford,CT,top,2026-10-29,2026-10-30,Fri,2026-11-01,ok,537,,1,Fri 16:00→23:59,2,
2026-10-07T19:36Z,2026-10-07 14:36,BDL,Hartford,CT,top,2026-11-05,2026-11-05,Thu,2026-11-08,ok,493,493,0,Thu 18:25→21:47,2,
2026-10-07T19:36Z,2026-10-07 14:36,BDL,Hartford,CT,top,2026-11-05,2026-11-06,Fri,2026-11-08,ok,505,,1,Fri 16:00→23:59,2,
2026-10-07T19:36Z,2026-10-07 14:36,BDL,Hartford,CT,top,2026-11-12,2026-11-12,Thu,2026-11-15,ok,493,493,0,Thu 18:25→21:47,3,
2026-10-07T19:36Z,2026-10-07 14:36,BDL,Hartford,CT,top,2026-11-12,2026-11-13,Fri,2026-11-15,ok,505,,1,Fri 16:00→23:59,2,
2026-10-07T19:36Z,2026-10-07 14:36,BDL,Hartford,CT,top,2026-11-19,2026-11-19,Thu,2026-11-22,ok,492,492,0,Thu 18:25→21:47,2,
2026-10-07T19:36Z,2026-10-07 14:36,BDL,Hartford,CT,top,2026-11-19,2026-11-20,Fri,2026-11-22,ok,502,,1,Fri 16:00→23:59,2,
2026-10-07T19:36Z,2026-10-07 14:36,BDL,Hartford,CT,top,2026-11-26,2026-11-26,Thu,2026-11-29,error,,,,,0,'NoneType' object is not subscriptable
2026-10-07T19:36Z,2026-10-07 14:36,BDL,Hartford,CT,top,2026-11-26,2026-11-27,Fri,2026-11-29,ok,574,,1,Fri 16:00→23:59,2,
2026-10-07T19:36Z,2026-10-07 14:36,BDL,Hartford,CT,top,2026-12-03,2026-12-03,Thu,2026-12-06,ok,457,457,0,Thu 18:20→21:40,2,
2026-10-07T19:36Z,2026-10-07 14:36,BDL,Hartford,CT,top,2026-12-03,2026-12-04,Fri,2026-12-06,ok,498,,1,Fri 16:00→23:44,2,
2026-10-07T19:36Z,2026-10-07 14:36,BDL,Hartford,CT,top,2026-12-10,2026-12-10,Thu,2026-12-13,ok,457,457,0,Thu 18:20→21:40,2,
2026-10-07T19:36Z,2026-10-07 14:36,BDL,Hartford,CT,top,2026-12-10,2026-12-11,Fri,2026-12-13,ok,505,,1,Fri 16:00→23:44,3,
2026-10-07T19:36Z,2026-10-07 14:36,BHM,Birmingham,AL,state,2026-10-08,2026-10-08,Thu,2026-10-11,error,,,,,0,'NoneType' object is not subscriptable
2026-10-07T19:36Z,2026-10-07 14:36,BHM,Birmingham,AL,state,2026-10-08,2026-10-09,Fri,2026-10-11,ok,2007,,1,Fri 14:30→21:21,2,
2026-10-07T19:36Z,2026-10-07 14:36,BHM,Birmingham,AL,state,2026-10-15,2026-10-15,Thu,2026-10-18,ok,798,798,0,Thu 21:35→23:38,2,
2026-10-07T19:36Z,2026-10-07 14:36,BHM,Birmingham,AL,state,2026-10-15,2026-10-16,Fri,2026-10-18,ok,697,697,0,Fri 11:20→13:27,4,
2026-10-07T19:36Z,2026-10-07 14:36,BHM,Birmingham,AL,state,2026-10-22,2026-10-22,Thu,2026-10-25,ok,1118,1118,0,Thu 21:35→23:38,1,
2026-10-07T19:36Z,2026-10-07 14:36,BHM,Birmingham,AL,state,2026-10-22,2026-10-23,Fri,2026-10-25,ok,1401,,1,Fri 10:32→18:11,5,
2026-10-07T19:36Z,2026-10-07 14:36,BHM,Birmingham,AL,state,2026-10-29,2026-10-29,Thu,2026-11-01,ok,612,612,0,Thu 21:30→23:30,2,
2026-10-07T19:36Z,2026-10-07 14:36,BHM,Birmingham,AL,state,2026-10-29,2026-10-30,Fri,2026-11-01,ok,497,497,0,Fri 10:29→12:27,3,
2026-10-07T19:36Z,2026-10-07 14:36,BHM,Birmingham,AL,state,2026-11-05,2026-11-05,Thu,2026-11-08,ok,610,661,1,Thu 21:35→09:29,2,
2026-10-07T19:36Z,2026-10-07 14:36,BHM,Birmingham,AL,state,2026-11-05,2026-11-06,Fri,2026-11-08,ok,526,526,0,Fri 10:29→12:27,4,
2026-10-07T19:36Z,2026-10-07 14:36,BHM,Birmingham,AL,state,2026-11-12,2026-11-12,Thu,2026-11-15,ok,696,696,0,Thu 21:30→23:30,2,
2026-10-07T19:36Z,2026-10-07 14:36,BHM,Birmingham,AL,state,2026-11-12,2026-11-13,Fri,2026-11-15,ok,641,,1,Fri 07:29→14:05,3,
2026-10-07T19:36Z,2026-10-07 14:36,BHM,Birmingham,AL,state,2026-11-19,2026-11-19,Thu,2026-11-22,ok,467,467,0,Thu 21:30→23:30,2,
2026-10-07T19:36Z,2026-10-07 14:36,BHM,Birmingham,AL,state,2026-11-19,2026-11-20,Fri,2026-11-22,ok,513,513,0,Fri 10:29→12:27,3,
2026-10-07T19:36Z,2026-10-07 14:36,BHM,Birmingham,AL,state,2026-11-26,2026-11-26,Thu,2026-11-29,error,,,,,0,'NoneType' object is not subscriptable
2026-10-07T19:36Z,2026-10-07 14:36,BHM,Birmingham,AL,state,2026-11-26,2026-11-27,Fri,2026-11-29,ok,1055,,1,Fri 10:34→18:13,3,
2026-10-07T19:36Z,2026-10-07 14:36,BHM,Birmingham,AL,state,2026-12-03,2026-12-03,Thu,2026-12-06,ok,526,526,0,Thu 21:20→23:15,2,
2026-10-07T19:36Z,2026-10-07 14:36,BHM,Birmingham,AL,state,2026-12-03,2026-12-04,Fri,2026-12-06,ok,525,525,0,Fri 15:40→17:45,3,
2026-10-07T19:36Z,2026-10-07 14:36,BHM,Birmingham,AL,state,2026-12-10,2026-12-10,Thu,2026-12-13,ok,603,603,0,Thu 21:20→23:15,2,
2026-10-07T19:36Z,2026-10-07 14:36,BHM,Birmingham,AL,state,2026-12-10,2026-12-11,Fri,2026-12-13,ok,536,536,0,Fri 10:25→12:30,3,
2026-10-07T19:36Z,2026-10-07 14:36,ICT,Wichita,KS,state,2026-10-08,2026-10-08,Thu,2026-10-11,ok,689,689,0,Thu 21:25→23:31,4,
2026-10-07T19:36Z,2026-10-07 14:36,ICT,Wichita,KS,state,2026-10-08,2026-10-09,Fri,2026-10-11,ok,633,,1,Fri 07:30→16:13,4,
2026-10-07T19:36Z,2026-10-07 14:36,ICT,Wichita,KS,state,2026-10-15,2026-10-15,Thu,2026-10-18,ok,689,689,0,Thu 21:25→23:31,3,
2026-10-07T19:36Z,2026-10-07 14:36,ICT,Wichita,KS,state,2026-10-15,2026-10-16,Fri,2026-10-18,ok,699,,1,Fri 05:00→10:15,7,
2026-10-07T19:36Z,2026-10-07 14:36,ICT,Wichita,KS,state,2026-10-22,2026-10-22,Thu,2026-10-25,ok,607,607,0,Thu 21:25→23:31,2,
2026-10-07T19:36Z,2026-10-07 14:36,ICT,Wichita,KS,state,2026-10-22,2026-10-23,Fri,2026-10-25,ok,617,,1,Fri 05:00→10:15,5,
2026-10-07T19:36Z,2026-10-07 14:36,ICT,Wichita,KS,state,2026-10-29,2026-10-29,Thu,2026-11-01,ok,430,430,0,Thu 21:20→23:25,2,
2026-10-07T19:36Z,2026-10-07 14:36,ICT,Wichita,KS,state,2026-10-29,2026-10-30,Fri,2026-11-01,ok,529,,1,Fri 13:00→18:02,4,
2026-10-07T19:36Z,2026-10-07 14:36,ICT,Wichita,KS,state,2026-11-05,2026-11-05,Thu,2026-11-08,ok,420,420,0,Thu 21:27→23:32,3,
2026-10-07T19:36Z,2026-10-07 14:36,ICT,Wichita,KS,state,2026-11-05,2026-11-06,Fri,2026-11-08,ok,519,,1,Fri 07:00→12:25,3,
2026-10-07T19:36Z,2026-10-07 14:36,ICT,Wichita,KS,state,2026-11-12,2026-11-12,Thu,2026-11-15,ok,420,420,0,Thu 21:27→23:32,3,
2026-10-07T19:36Z,2026-10-07 14:36,ICT,Wichita,KS,state,2026-11-12,2026-11-13,Fri,2026-11-15,ok,519,,1,Fri 16:07→21:59,2,
2026-10-07T19:36Z,2026-10-07 14:36,ICT,Wichita,KS,state,2026-11-19,2026-11-19,Thu,2026-11-22,ok,464,464,0,Thu 21:27→23:32,2,
2026-10-07T19:36Z,2026-10-07 14:36,ICT,Wichita,KS,state,2026-11-19,2026-11-20,Fri,2026-11-22,ok,484,,1,Fri 07:29→14:08,4,
2026-10-07T19:36Z,2026-10-07 14:36,ICT,Wichita,KS,state,2026-11-26,2026-11-26,Thu,2026-11-29,error,,,,,0,'NoneType' object is not subscriptable
2026-10-07T19:36Z,2026-10-07 14:36,ICT,Wichita,KS,state,2026-11-26,2026-11-27,Fri,2026-11-29,ok,597,,1,Fri 16:07→21:59,2,
2026-10-07T19:36Z,2026-10-07 14:36,ICT,Wichita,KS,state,2026-12-03,2026-12-03,Thu,2026-12-06,ok,420,420,0,Thu 21:45→23:49,1,
2026-10-07T19:36Z,2026-10-07 14:36,ICT,Wichita,KS,state,2026-12-03,2026-12-04,Fri,2026-12-06,ok,455,455,0,Fri 08:00→10:18,4,
2026-10-07T19:36Z,2026-10-07 14:36,ICT,Wichita,KS,state,2026-12-10,2026-12-10,Thu,2026-12-13,ok,420,420,0,Thu 21:45→23:49,1,
2026-10-07T19:36Z,2026-10-07 14:36,ICT,Wichita,KS,state,2026-12-10,2026-12-11,Fri,2026-12-13,ok,455,455,0,Fri 12:29→14:46,4,
2026-10-07T19:36Z,2026-10-07 14:36,OMA,Omaha,NE,state,2026-10-08,2026-10-08,Thu,2026-10-11,ok,649,649,0,Thu 21:20→22:59,2,
2026-10-07T19:36Z,2026-10-07 14:36,OMA,Omaha,NE,state,2026-10-08,2026-10-09,Fri,2026-10-11,ok,649,649,0,Fri 15:49→17:34,3,
2026-10-07T19:36Z,2026-10-07 14:36,OMA,Omaha,NE,state,2026-10-15,2026-10-15,Thu,2026-10-18,ok,649,649,0,Thu 21:20→22:59,2,
2026-10-07T19:36Z,2026-10-07 14:36,OMA,Omaha,NE,state,2026-10-15,2026-10-16,Fri,2026-10-18,ok,649,649,0,Fri 15:49→17:34,2,
2026-10-07T19:36Z,2026-10-07 14:36,OMA,Omaha,NE,state,2026-10-22,2026-10-22,Thu,2026-10-25,ok,579,579,0,Thu 21:20→22:59,2,
2026-10-07T19:36Z,2026-10-07 14:36,OMA,Omaha,NE,state,2026-10-22,2026-10-23,Fri,2026-10-25,ok,579,579,0,Fri 10:25→12:14,5,
2026-10-07T19:36Z,2026-10-07 14:36,OMA,Omaha,NE,state,2026-10-29,2026-10-29,Thu,2026-11-01,ok,416,416,0,Thu 20:10→21:57,2,
2026-10-07T19:36Z,2026-10-07 14:36,OMA,Omaha,NE,state,2026-10-29,2026-10-30,Fri,2026-11-01,ok,452,452,0,Fri 16:00→17:43,2,
2026-10-07T19:36Z,2026-10-07 14:36,OMA,Omaha,NE,state,2026-11-05,2026-11-05,Thu,2026-11-08,ok,405,405,0,Thu 19:59→21:46,3,
2026-10-07T19:36Z,2026-10-07 14:36,OMA,Omaha,NE,state,2026-11-05,2026-11-06,Fri,2026-11-08,ok,441,441,0,Fri 17:45→19:38,2,
2026-10-07T19:36Z,2026-10-07 14:36,OMA,Omaha,NE,state,2026-11-12,2026-11-12,Thu,2026-11-15,ok,405,405,0,Thu 19:59→21:46,2,
2026-10-07T19:36Z,2026-10-07 14:36,OMA,Omaha,NE,state,2026-11-12,2026-11-13,Fri,2026-11-15,ok,441,441,0,Fri 16:00→17:43,2,
2026-10-07T19:36Z,2026-10-07 14:36,OMA,Omaha,NE,state,2026-11-19,2026-11-19,Thu,2026-11-22,ok,431,431,0,Thu 19:59→21:46,2,
2026-10-07T19:36Z,2026-10-07 14:36,OMA,Omaha,NE,state,2026-11-19,2026-11-20,Fri,2026-11-22,ok,431,431,0,Fri 16:00→17:43,3,
2026-10-07T19:36Z,2026-10-07 14:36,OMA,Omaha,NE,state,2026-11-26,2026-11-26,Thu,2026-11-29,error,,,,,0,'NoneType' object is not subscriptable
2026-10-07T19:36Z,2026-10-07 14:36,OMA,Omaha,NE,state,2026-11-26,2026-11-27,Fri,2026-11-29,ok,441,441,0,Fri 10:29→12:21,5,
2026-10-07T19:36Z,2026-10-07 14:36,OMA,Omaha,NE,state,2026-12-03,2026-12-03,Thu,2026-12-06,ok,405,405,0,Thu 19:55→21:42,3,
2026-10-07T19:36Z,2026-10-07 14:36,OMA,Omaha,NE,state,2026-12-03,2026-12-04,Fri,2026-12-06,ok,441,441,0,Fri 08:40→10:32,4,
2026-10-07T19:36Z,2026-10-07 14:36,OMA,Omaha,NE,state,2026-12-10,2026-12-10,Thu,2026-12-13,ok,405,405,0,Thu 19:55→21:42,3,
2026-10-07T19:36Z,2026-10-07 14:36,OMA,Omaha,NE,state,2026-12-10,2026-12-11,Fri,2026-12-13,ok,441,441,0,Fri 08:40→10:32,4,
2026-10-07T19:36Z,2026-10-07 14:36,OKC,Oklahoma City,OK,state,2026-10-08,2026-10-08,Thu,2026-10-11,error,,,,,0,no flights found; received error
2026-10-07T19:36Z,2026-10-07 14:36,OKC,Oklahoma City,OK,state,2026-10-08,2026-10-09,Fri,2026-10-11,ok,671,,1,Fri 05:00→10:50,5,
2026-10-07T19:36Z,2026-10-07 14:36,OKC,Oklahoma City,OK,state,2026-10-15,2026-10-15,Thu,2026-10-18,ok,671,671,0,Thu 20:10→22:31,3,
2026-10-07T19:36Z,2026-10-07 14:36,OKC,Oklahoma City,OK,state,2026-10-15,2026-10-16,Fri,2026-10-18,ok,681,,1,Fri 05:00→10:50,4,
2026-10-07T19:36Z,2026-10-07 14:36,OKC,Oklahoma City,OK,state,2026-10-22,2026-10-22,Thu,2026-10-25,ok,607,607,0,Thu 20:10→22:31,3,
2026-10-07T19:36Z,2026-10-07 14:36,OKC,Oklahoma City,OK,state,2026-10-22,2026-10-23,Fri,2026-10-25,ok,617,,1,Fri 05:00→10:50,5,
2026-10-07T19:36Z,2026-10-07 14:36,OKC,Oklahoma City,OK,state,2026-10-29,2026-10-29,Thu,2026-11-01,ok,461,461,0,Thu 21:25→23:54,2,
2026-10-07T19:36Z,2026-10-07 14:36,OKC,Oklahoma City,OK,state,2026-10-29,2026-10-30,Fri,2026-11-01,ok,568,,1,Fri 05:30→11:09,2,
2026-10-07T19:36Z,2026-10-07 14:36,OKC,Oklahoma City,OK,state,2026-11-05,2026-11-05,Thu,2026-11-08,ok,450,450,0,Thu 21:25→23:54,3,
2026-10-07T19:36Z,2026-10-07 14:36,OKC,Oklahoma City,OK,state,2026-11-05,2026-11-06,Fri,2026-11-08,ok,547,,1,Fri 05:30→11:09,2,
2026-10-07T19:36Z,2026-10-07 14:36,OKC,Oklahoma City,OK,state,2026-11-12,2026-11-12,Thu,2026-11-15,ok,450,450,0,Thu 21:25→23:54,2,
2026-10-07T19:36Z,2026-10-07 14:36,OKC,Oklahoma City,OK,state,2026-11-12,2026-11-13,Fri,2026-11-15,ok,557,,1,Fri 17:48→23:30,2,
2026-10-07T19:36Z,2026-10-07 14:36,OKC,Oklahoma City,OK,state,2026-11-19,2026-11-19,Thu,2026-11-22,ok,494,494,0,Thu 21:25→23:54,1,
2026-10-07T19:36Z,2026-10-07 14:36,OKC,Oklahoma City,OK,state,2026-11-19,2026-11-20,Fri,2026-11-22,ok,494,494,0,Fri 16:40→19:20,3,
2026-10-07T19:36Z,2026-10-07 14:36,OKC,Oklahoma City,OK,state,2026-11-26,2026-11-26,Thu,2026-11-29,error,,,,,0,'NoneType' object is not subscriptable
2026-10-07T19:36Z,2026-10-07 14:36,OKC,Oklahoma City,OK,state,2026-11-26,2026-11-27,Fri,2026-11-29,ok,554,554,0,Fri 08:50→11:40,4,
2026-10-07T19:36Z,2026-10-07 14:36,OKC,Oklahoma City,OK,state,2026-12-03,2026-12-03,Thu,2026-12-06,ok,450,450,0,Thu 19:55→22:24,2,
2026-10-07T19:36Z,2026-10-07 14:36,OKC,Oklahoma City,OK,state,2026-12-03,2026-12-04,Fri,2026-12-06,ok,547,,1,Fri 17:48→23:11,2,
2026-10-07T19:36Z,2026-10-07 14:36,OKC,Oklahoma City,OK,state,2026-12-10,2026-12-10,Thu,2026-12-13,ok,450,450,0,Thu 19:55→22:24,2,
2026-10-07T19:36Z,2026-10-07 14:36,OKC,Oklahoma City,OK,state,2026-12-10,2026-12-11,Fri,2026-12-13,ok,557,,1,Fri 05:45→11:14,2,
2026-10-07T19:36Z,2026-10-07 14:36,BTV,Burlington,VT,state,2026-10-08,2026-10-08,Thu,2026-10-11,ok,1402,,1,Thu 18:00→09:30,2,
2026-10-07T19:36Z,2026-10-07 14:36,BTV,Burlington,VT,state,2026-10-08,2026-10-09,Fri,2026-10-11,ok,1002,1741,1,Fri 07:30→14:38,5,
2026-10-07T19:36Z,2026-10-07 14:36,BTV,Burlington,VT,state,2026-10-15,2026-10-15,Thu,2026-10-18,ok,556,,1,Thu 18:06→23:59,3,
2026-10-07T19:36Z,2026-10-07 14:36,BTV,Burlington,VT,state,2026-10-15,2026-10-16,Fri,2026-10-18,ok,720,,1,Fri 05:59→14:04,3,
2026-10-07T19:36Z,2026-10-07 14:36,BTV,Burlington,VT,state,2026-10-22,2026-10-22,Thu,2026-10-25,ok,719,,1,Thu 18:06→23:59,3,
2026-10-07T19:36Z,2026-10-07 14:36,BTV,Burlington,VT,state,2026-10-22,2026-10-23,Fri,2026-10-25,ok,588,588,0,Fri 07:25→10:48,4,
2026-10-07T19:36Z,2026-10-07 14:36,BTV,Burlington,VT,state,2026-10-29,2026-10-29,Thu,2026-11-01,ok,419,419,0,Thu 18:28→21:50,2,
2026-10-07T19:36Z,2026-10-07 14:36,BTV,Burlington,VT,state,2026-10-29,2026-10-30,Fri,2026-11-01,ok,429,,1,Fri 05:59→13:56,5,
2026-10-07T19:36Z,2026-10-07 14:36,BTV,Burlington,VT,state,2026-11-05,2026-11-05,Thu,2026-11-08,ok,419,419,0,Thu 18:28→21:50,2,
2026-10-07T19:36Z,2026-10-07 14:36,BTV,Burlington,VT,state,2026-11-05,2026-11-06,Fri,2026-11-08,ok,453,,1,Fri 05:55→13:56,6,
2026-10-07T19:36Z,2026-10-07 14:36,BTV,Burlington,VT,state,2026-11-12,2026-11-12,Thu,2026-11-15,ok,419,419,0,Thu 18:28→21:50,2,
2026-10-07T19:36Z,2026-10-07 14:36,BTV,Burlington,VT,state,2026-11-12,2026-11-13,Fri,2026-11-15,ok,429,,1,Fri 17:29→23:25,5,
2026-10-07T19:36Z,2026-10-07 14:36,BTV,Burlington,VT,state,2026-11-19,2026-11-19,Thu,2026-11-22,ok,419,419,0,Thu 18:28→21:50,4,
2026-10-07T19:36Z,2026-10-07 14:36,BTV,Burlington,VT,state,2026-11-19,2026-11-20,Fri,2026-11-22,ok,592,,1,Fri 14:00→23:25,5,
2026-10-07T19:36Z,2026-10-07 14:36,BTV,Burlington,VT,state,2026-11-26,2026-11-26,Thu,2026-11-29,error,,,,,0,'NoneType' object is not subscriptable
2026-10-07T19:36Z,2026-10-07 14:36,BTV,Burlington,VT,state,2026-11-26,2026-11-27,Fri,2026-11-29,ok,992,,1,Fri 17:59→09:02,3,
2026-10-07T19:36Z,2026-10-07 14:36,BTV,Burlington,VT,state,2026-12-03,2026-12-03,Thu,2026-12-06,ok,419,419,0,Thu 18:29→21:51,4,
2026-10-07T19:36Z,2026-10-07 14:36,BTV,Burlington,VT,state,2026-12-03,2026-12-04,Fri,2026-12-06,ok,419,419,0,Fri 07:00→10:17,4,
2026-10-07T19:36Z,2026-10-07 14:36,BTV,Burlington,VT,state,2026-12-10,2026-12-10,Thu,2026-12-13,ok,419,419,0,Thu 18:29→21:51,4,
2026-10-07T19:36Z,2026-10-07 14:36,BTV,Burlington,VT,state,2026-12-10,2026-12-11,Fri,2026-12-13,ok,419,419,0,Fri 07:00→10:17,4,
2026-10-07T19:36Z,2026-10-07 14:36,SFO,San Francisco,CA,top,2026-10-08,2026-10-08,Thu,2026-10-11,ok,721,721,0,Thu 20:09→22:59,3,
2026-10-07T19:36Z,2026-10-07 14:36,SFO,San Francisco,CA,top,2026-10-08,2026-10-09,Fri,2026-10-11,ok,721,721,0,Fri 14:32→17:20,4,
2026-10-07T19:36Z,2026-10-07 14:36,SFO,San Francisco,CA,top,2026-10-15,2026-10-15,Thu,2026-10-18,ok,721,721,0,Thu 18:25→21:15,4,
2026-10-07T19:36Z,2026-10-07 14:36,SFO,San Francisco,CA,top,2026-10-15,2026-10-16,Fri,2026-10-18,ok,721,721,0,Fri 14:32→17:20,4,
2026-10-07T19:36Z,2026-10-07 14:36,SFO,San Francisco,CA,top,2026-10-22,2026-10-22,Thu,2026-10-25,ok,721,721,0,Thu 18:25→21:15,4,
2026-10-07T19:36Z,2026-10-07 14:36,SFO,San Francisco,CA,top,2026-10-22,2026-10-23,Fri,2026-10-25,ok,721,721,0,Fri 14:32→17:20,4,
2026-10-07T19:36Z,2026-10-07 14:36,SFO,San Francisco,CA,top,2026-10-29,2026-10-29,Thu,2026-11-01,ok,454,454,0,Thu 21:00→23:56,3,
2026-10-07T19:36Z,2026-10-07 14:36,SFO,San Francisco,CA,top,2026-10-29,2026-10-30,Fri,2026-11-01,ok,487,487,0,Fri 10:25→13:30,6,
2026-10-07T19:36Z,2026-10-07 14:36,SFO,San Francisco,CA,top,2026-11-05,2026-11-05,Thu,2026-11-08,ok,442,442,0,Thu 21:57→00:53,3,
2026-10-07T19:36Z,2026-10-07 14:36,SFO,San Francisco,CA,top,2026-11-05,2026-11-06,Fri,2026-11-08,ok,475,475,0,Fri 12:42→15:35,6,
2026-10-07T19:36Z,2026-10-07 14:36,SFO,San Francisco,CA,top,2026-11-12,2026-11-12,Thu,2026-11-15,ok,452,452,0,Thu 20:29→23:28,3,
2026-10-07T19:36Z,2026-10-07 14:36,SFO,San Francisco,CA,top,2026-11-12,2026-11-13,Fri,2026-11-15,ok,485,485,0,Fri 10:25→13:30,6,
2026-10-07T19:36Z,2026-10-07 14:36,SFO,San Francisco,CA,top,2026-11-19,2026-11-19,Thu,2026-11-22,ok,484,484,0,Thu 20:29→23:28,3,
2026-10-07T19:36Z,2026-10-07 14:36,SFO,San Francisco,CA,top,2026-11-19,2026-11-20,Fri,2026-11-22,ok,520,520,0,Fri 13:30→16:20,7,
2026-10-07T19:36Z,2026-10-07 14:36,SFO,San Francisco,CA,top,2026-11-26,2026-11-26,Thu,2026-11-29,error,,,,,0,'NoneType' object is not subscriptable
2026-10-07T19:36Z,2026-10-07 14:36,SFO,San Francisco,CA,top,2026-11-26,2026-11-27,Fri,2026-11-29,ok,736,736,0,Fri 11:52→14:42,7,
2026-10-07T19:36Z,2026-10-07 14:36,SFO,San Francisco,CA,top,2026-12-03,2026-12-03,Thu,2026-12-06,ok,595,595,0,Thu 20:00→22:58,3,
2026-10-07T19:36Z,2026-10-07 14:36,SFO,San Francisco,CA,top,2026-12-03,2026-12-04,Fri,2026-12-06,ok,487,487,0,Fri 12:40→15:33,5,
2026-10-07T19:36Z,2026-10-07 14:36,SFO,San Francisco,CA,top,2026-12-10,2026-12-10,Thu,2026-12-13,ok,471,471,0,Thu 20:00→22:58,4,
2026-10-07T19:36Z,2026-10-07 14:36,SFO,San Francisco,CA,top,2026-12-10,2026-12-11,Fri,2026-12-13,ok,475,475,0,Fri 12:40→15:33,5,
2026-10-07T19:36Z,2026-10-07 14:36,DCA,Washington National,VA,top,2026-10-08,2026-10-08,Thu,2026-10-11,ok,681,681,0,Thu 19:45→22:52,2,
2026-10-07T19:36Z,2026-10-07 14:36,DCA,Washington National,VA,top,2026-10-08,2026-10-09,Fri,2026-10-11,ok,685,685,0,Fri 07:00→09:59,6,
2026-10-07T19:36Z,2026-10-07 14:36,DCA,Washington National,VA,top,2026-10-15,2026-10-15,Thu,2026-10-18,ok,681,681,0,Thu 18:05→21:14,2,
2026-10-07T19:36Z,2026-10-07 14:36,DCA,Washington National,VA,top,2026-10-15,2026-10-16,Fri,2026-10-18,ok,681,681,0,Fri 05:59→08:54,8,
2026-10-07T19:36Z,2026-10-07 14:36,DCA,Washington National,VA,top,2026-10-22,2026-10-22,Thu,2026-10-25,ok,593,593,0,Thu 18:05→21:14,2,
2026-10-07T19:36Z,2026-10-07 14:36,DCA,Washington National,VA,top,2026-10-22,2026-10-23,Fri,2026-10-25,ok,593,593,0,Fri 05:59→08:54,6,
2026-10-07T19:36Z,2026-10-07 14:36,DCA,Washington National,VA,top,2026-10-29,2026-10-29,Thu,2026-11-01,ok,415,415,0,Thu 18:03→21:14,2,
2026-10-07T19:36Z,2026-10-07 14:36,DCA,Washington National,VA,top,2026-10-29,2026-10-30,Fri,2026-11-01,ok,445,445,0,Fri 05:59→08:55,8,
2026-10-07T19:36Z,2026-10-07 14:36,DCA,Washington National,VA,top,2026-11-05,2026-11-05,Thu,2026-11-08,ok,410,410,0,Thu 18:00→21:11,2,
2026-10-07T19:36Z,2026-10-07 14:36,DCA,Washington National,VA,top,2026-11-05,2026-11-06,Fri,2026-11-08,ok,440,440,0,Fri 05:59→08:55,7,
2026-10-07T19:36Z,2026-10-07 14:36,DCA,Washington National,VA,top,2026-11-12,2026-11-12,Thu,2026-11-15,ok,410,410,0,Thu 18:00→21:11,2,
2026-10-07T19:36Z,2026-10-07 14:36,DCA,Washington National,VA,top,2026-11-12,2026-11-13,Fri,2026-11-15,ok,440,440,0,Fri 05:59→08:55,7,
2026-10-07T19:36Z,2026-10-07 14:36,DCA,Washington National,VA,top,2026-11-19,2026-11-19,Thu,2026-11-22,ok,435,435,0,Thu 18:00→21:11,2,
2026-10-07T19:36Z,2026-10-07 14:36,DCA,Washington National,VA,top,2026-11-19,2026-11-20,Fri,2026-11-22,ok,441,441,0,Fri 05:59→08:55,7,
2026-10-07T19:36Z,2026-10-07 14:36,DCA,Washington National,VA,top,2026-11-26,2026-11-26,Thu,2026-11-29,error,,,,,0,'NoneType' object is not subscriptable
2026-10-07T19:36Z,2026-10-07 14:36,DCA,Washington National,VA,top,2026-11-26,2026-11-27,Fri,2026-11-29,ok,530,530,0,Fri 07:59→11:08,5,
2026-10-07T19:36Z,2026-10-07 14:36,DCA,Washington National,VA,top,2026-12-03,2026-12-03,Thu,2026-12-06,ok,410,410,0,Thu 18:00→21:11,2,
2026-10-07T19:36Z,2026-10-07 14:36,DCA,Washington National,VA,top,2026-12-03,2026-12-04,Fri,2026-12-06,ok,440,440,0,Fri 05:55→08:51,7,
2026-10-07T19:36Z,2026-10-07 14:36,DCA,Washington National,VA,top,2026-12-10,2026-12-10,Thu,2026-12-13,ok,410,410,0,Thu 18:00→21:11,2,
2026-10-07T19:36Z,2026-10-07 14:36,DCA,Washington National,VA,top,2026-12-10,2026-12-11,Fri,2026-12-13,ok,440,440,0,Fri 05:55→08:51,7,
2026-10-07T19:36Z,2026-10-07 14:36,SEA,Seattle,WA,top,2026-10-08,2026-10-08,Thu,2026-10-11,ok,955,955,0,Thu 20:12→22:56,2,
2026-10-07T19:36Z,2026-10-07 14:36,SEA,Seattle,WA,top,2026-10-08,2026-10-09,Fri,2026-10-11,ok,861,1120,1,Fri 08:50→15:50,5,
2026-10-07T19:36Z,2026-10-07 14:36,SEA,Seattle,WA,top,2026-10-15,2026-10-15,Thu,2026-10-18,ok,763,763,0,Thu 20:12→22:56,2,
2026-10-07T19:36Z,2026-10-07 14:36,SEA,Seattle,WA,top,2026-10-15,2026-10-16,Fri,2026-10-18,ok,763,763,0,Fri 07:00→09:36,5,
2026-10-07T19:36Z,2026-10-07 14:36,SEA,Seattle,WA,top,2026-10-22,2026-10-22,Thu,2026-10-25,ok,627,627,0,Thu 20:12→22:56,1,
2026-10-07T19:36Z,2026-10-07 14:36,SEA,Seattle,WA,top,2026-10-22,2026-10-23,Fri,2026-10-25,ok,627,627,0,Fri 07:00→09:36,4,
2026-10-07T19:36Z,2026-10-07 14:36,SEA,Seattle,WA,top,2026-10-29,2026-10-29,Thu,2026-11-01,ok,397,397,0,Thu 20:30→23:17,2,
2026-10-07T19:36Z,2026-10-07 14:36,SEA,Seattle,WA,top,2026-10-29,2026-10-30,Fri,2026-11-01,ok,407,,1,Fri 13:00→17:57,3,
2026-10-07T19:36Z,2026-10-07 14:36,SEA,Seattle,WA,top,2026-11-05,2026-11-05,Thu,2026-11-08,ok,407,407,0,Thu 20:20→23:07,2,
2026-10-07T19:36Z,2026-10-07 14:36,SEA,Seattle,WA,top,2026-11-05,2026-11-06,Fri,2026-11-08,ok,417,,1,Fri 17:48→23:15,2,
2026-10-07T19:36Z,2026-10-07 14:36,SEA,Seattle,WA,top,2026-11-12,2026-11-12,Thu,2026-11-15,ok,397,397,0,Thu 20:20→23:07,2,
2026-10-07T19:36Z,2026-10-07 14:36,SEA,Seattle,WA,top,2026-11-12,2026-11-13,Fri,2026-11-15,ok,407,,1,Fri 13:00→17:57,3,
2026-10-07T19:36Z,2026-10-07 14:36,SEA,Seattle,WA,top,2026-11-19,2026-11-19,Thu,2026-11-22,ok,483,483,0,Thu 20:20→23:07,2,
2026-10-07T19:36Z,2026-10-07 14:36,SEA,Seattle,WA,top,2026-11-19,2026-11-20,Fri,2026-11-22,ok,483,483,0,Fri 09:25→12:19,4,
2026-10-07T19:36Z,2026-10-07 14:36,SEA,Seattle,WA,top,2026-11-26,2026-11-26,Thu,2026-11-29,error,,,,,0,'NoneType' object is not subscriptable
2026-10-07T19:36Z,2026-10-07 14:36,SEA,Seattle,WA,top,2026-11-26,2026-11-27,Fri,2026-11-29,ok,724,,1,Fri 16:20→21:19,2,
2026-10-07T19:36Z,2026-10-07 14:36,SEA,Seattle,WA,top,2026-12-03,2026-12-03,Thu,2026-12-06,ok,427,427,0,Thu 19:55→22:43,2,
2026-10-07T19:36Z,2026-10-07 14:36,SEA,Seattle,WA,top,2026-12-03,2026-12-04,Fri,2026-12-06,ok,407,,1,Fri 14:35→21:21,4,
2026-10-07T19:36Z,2026-10-07 14:36,SEA,Seattle,WA,top,2026-12-10,2026-12-10,Thu,2026-12-13,ok,397,397,0,Thu 19:55→22:43,2,
2026-10-07T19:36Z,2026-10-07 14:36,SEA,Seattle,WA,top,2026-12-10,2026-12-11,Fri,2026-12-13,ok,407,,1,Fri 15:00→20:47,3,
2026-10-07T19:36Z,2026-10-07 14:36,DFW,Dallas,TX,top,2026-10-08,2026-10-08,Thu,2026-10-11,ok,739,739,0,Thu 19:50→22:28,1,
2026-10-07T19:36Z,2026-10-07 14:36,DFW,Dallas,TX,top,2026-10-08,2026-10-09,Fri,2026-10-11,ok,689,689,0,Fri 07:00→09:41,5,
2026-10-07T19:36Z,2026-10-07 14:36,DFW,Dallas,TX,top,2026-10-15,2026-10-15,Thu,2026-10-18,ok,689,689,0,Thu 19:50→22:28,1,
2026-10-07T19:36Z,2026-10-07 14:36,DFW,Dallas,TX,top,2026-10-15,2026-10-16,Fri,2026-10-18,ok,689,689,0,Fri 07:00→09:41,5,
2026-10-07T19:36Z,2026-10-07 14:36,DFW,Dallas,TX,top,2026-10-22,2026-10-22,Thu,2026-10-25,ok,671,671,0,Thu 19:50→22:28,1,
2026-10-07T19:36Z,2026-10-07 14:36,DFW,Dallas,TX,top,2026-10-22,2026-10-23,Fri,2026-10-25,ok,671,671,0,Fri 07:00→09:41,7,
2026-10-07T19:36Z,2026-10-07 14:36,DFW,Dallas,TX,top,2026-10-29,2026-10-29,Thu,2026-11-01,ok,477,477,0,Thu 20:00→22:45,1,
2026-10-07T19:36Z,2026-10-07 14:36,DFW,Dallas,TX,top,2026-10-29,2026-10-30,Fri,2026-11-01,ok,511,511,0,Fri 15:40→18:33,3,
2026-10-07T19:36Z,2026-10-07 14:36,DFW,Dallas,TX,top,2026-11-05,2026-11-05,Thu,2026-11-08,ok,441,441,0,Thu 20:00→22:45,1,
2026-10-07T19:36Z,2026-10-07 14:36,DFW,Dallas,TX,top,2026-11-05,2026-11-06,Fri,2026-11-08,ok,487,487,0,Fri 15:40→18:33,3,
2026-10-07T19:36Z,2026-10-07 14:36,DFW,Dallas,TX,top,2026-11-12,2026-11-12,Thu,2026-11-15,ok,487,487,0,Thu 20:00→22:45,1,
2026-10-07T19:36Z,2026-10-07 14:36,DFW,Dallas,TX,top,2026-11-12,2026-11-13,Fri,2026-11-15,ok,475,475,0,Fri 13:30→16:21,4,
2026-10-07T19:36Z,2026-10-07 14:36,DFW,Dallas,TX,top,2026-11-19,2026-11-19,Thu,2026-11-22,ok,453,453,0,Thu 20:00→22:45,1,
2026-10-07T19:36Z,2026-10-07 14:36,DFW,Dallas,TX,top,2026-11-19,2026-11-20,Fri,2026-11-22,ok,458,458,0,Fri 07:00→09:40,6,
2026-10-07T19:36Z,2026-10-07 14:36,DFW,Dallas,TX,top,2026-11-26,2026-11-26,Thu,2026-11-29,error,,,,,0,'NoneType' object is not subscriptable
2026-10-07T19:36Z,2026-10-07 14:36,DFW,Dallas,TX,top,2026-11-26,2026-11-27,Fri,2026-11-29,ok,495,495,0,Fri 10:40→13:31,6,
2026-10-07T19:36Z,2026-10-07 14:36,DFW,Dallas,TX,top,2026-12-03,2026-12-03,Thu,2026-12-06,ok,513,513,0,Thu 19:55→22:40,1,
2026-10-07T19:36Z,2026-10-07 14:36,DFW,Dallas,TX,top,2026-12-03,2026-12-04,Fri,2026-12-06,ok,475,475,0,Fri 06:50→09:33,5,
2026-10-07T19:36Z,2026-10-07 14:36,DFW,Dallas,TX,top,2026-12-10,2026-12-10,Thu,2026-12-13,ok,513,513,0,Thu 19:55→22:40,1,
2026-10-07T19:36Z,2026-10-07 14:36,DFW,Dallas,TX,top,2026-12-10,2026-12-11,Fri,2026-12-13,ok,475,475,0,Fri 06:50→09:33,5,
2026-10-07T19:36Z,2026-10-07 14:36,PHL,Philadelphia,PA,top,2026-10-08,2026-10-08,Thu,2026-10-11,ok,583,583,0,Thu 18:15→21:29,1,
2026-10-07T19:36Z,2026-10-07 14:36,PHL,Philadelphia,PA,top,2026-10-08,2026-10-09,Fri,2026-10-11,ok,583,583,0,Fri 14:51→18:14,4,
2026-10-07T19:36Z,2026-10-07 14:36,PHL,Philadelphia,PA,top,2026-10-15,2026-10-15,Thu,2026-10-18,ok,583,583,0,Thu 18:15→21:29,1,
2026-10-07T19:36Z,2026-10-07 14:36,PHL,Philadelphia,PA,top,2026-10-15,2026-10-16,Fri,2026-10-18,ok,583,583,0,Fri 14:51→18:14,2,
2026-10-07T19:36Z,2026-10-07 14:36,PHL,Philadelphia,PA,top,2026-10-22,2026-10-22,Thu,2026-10-25,ok,583,583,0,Thu 18:15→21:29,1,
2026-10-07T19:36Z,2026-10-07 14:36,PHL,Philadelphia,PA,top,2026-10-22,2026-10-23,Fri,2026-10-25,ok,583,583,0,Fri 14:51→18:14,2,
2026-10-07T19:36Z,2026-10-07 14:36,PHL,Philadelphia,PA,top,2026-10-29,2026-10-29,Thu,2026-11-01,ok,434,434,0,Thu 18:24→21:38,2,
2026-10-07T19:36Z,2026-10-07 14:36,PHL,Philadelphia,PA,top,2026-10-29,2026-10-30,Fri,2026-11-01,ok,460,460,0,Fri 06:42→09:52,4,
2026-10-07T19:36Z,2026-10-07 14:36,PHL,Philadelphia,PA,top,2026-11-05,2026-11-05,Thu,2026-11-08,ok,374,374,0,Thu 19:57→23:09,3,
2026-10-07T19:36Z,2026-10-07 14:36,PHL,Philadelphia,PA,top,2026-11-05,2026-11-06,Fri,2026-11-08,ok,400,400,0,Fri 06:42→09:52,4,
2026-10-07T19:36Z,2026-10-07 14:36,PHL,Philadelphia,PA,top,2026-11-12,2026-11-12,Thu,2026-11-15,ok,374,374,0,Thu 18:24→21:38,2,
2026-10-07T19:36Z,2026-10-07 14:36,PHL,Philadelphia,PA,top,2026-11-12,2026-11-13,Fri,2026-11-15,ok,410,416,1,Fri 16:00→23:30,4,
2026-10-07T19:36Z,2026-10-07 14:36,PHL,Philadelphia,PA,top,2026-11-19,2026-11-19,Thu,2026-11-22,ok,419,419,0,Thu 18:24→21:38,2,
2026-10-07T19:36Z,2026-10-07 14:36,PHL,Philadelphia,PA,top,2026-11-19,2026-11-20,Fri,2026-11-22,ok,419,419,0,Fri 06:42→09:52,4,
2026-10-07T19:36Z,2026-10-07 14:36,PHL,Philadelphia,PA,top,2026-11-26,2026-11-26,Thu,2026-11-29,error,,,,,0,'NoneType' object is not subscriptable
2026-10-07T19:36Z,2026-10-07 14:36,PHL,Philadelphia,PA,top,2026-11-26,2026-11-27,Fri,2026-11-29,ok,571,571,0,Fri 08:50→12:05,4,
2026-10-07T19:36Z,2026-10-07 14:36,PHL,Philadelphia,PA,top,2026-12-03,2026-12-03,Thu,2026-12-06,ok,515,515,0,Thu 18:25→21:39,1,
2026-10-07T19:36Z,2026-10-07 14:36,PHL,Philadelphia,PA,top,2026-12-03,2026-12-04,Fri,2026-12-06,ok,400,400,0,Fri 06:54→09:57,4,
2026-10-07T19:36Z,2026-10-07 14:36,PHL,Philadelphia,PA,top,2026-12-10,2026-12-10,Thu,2026-12-13,ok,401,401,0,Thu 18:25→21:39,2,
2026-10-07T19:36Z,2026-10-07 14:36,PHL,Philadelphia,PA,top,2026-12-10,2026-12-11,Fri,2026-12-13,ok,400,400,0,Fri 06:54→09:57,4,
2026-10-07T19:36Z,2026-10-07 14:36,SNA,Orange County,CA,top,2026-10-08,2026-10-08,Thu,2026-10-11,ok,737,737,0,Thu 19:55→22:26,2,
2026-10-07T19:36Z,2026-10-07 14:36,SNA,Orange County,CA,top,2026-10-08,2026-10-09,Fri,2026-10-11,ok,747,,1,Fri 16:11→21:51,3,
2026-10-07T19:36Z,2026-10-07 14:36,SNA,Orange County,CA,top,2026-10-15,2026-10-15,Thu,2026-10-18,ok,717,717,0,Thu 19:55→22:26,2,
2026-10-07T19:36Z,2026-10-07 14:36,SNA,Orange County,CA,top,2026-10-15,2026-10-16,Fri,2026-10-18,ok,727,,1,Fri 05:30→11:02,5,
2026-10-07T19:36Z,2026-10-07 14:36,SNA,Orange County,CA,top,2026-10-22,2026-10-22,Thu,2026-10-25,ok,648,648,0,Thu 19:55→22:26,3,
2026-10-07T19:36Z,2026-10-07 14:36,SNA,Orange County,CA,top,2026-10-22,2026-10-23,Fri,2026-10-25,ok,723,,1,Fri 05:30→11:02,3,
2026-10-07T19:36Z,2026-10-07 14:36,SNA,Orange County,CA,top,2026-10-29,2026-10-29,Thu,2026-11-01,ok,499,499,0,Thu 19:48→22:28,2,
2026-10-07T19:36Z,2026-10-07 14:36,SNA,Orange County,CA,top,2026-10-29,2026-10-30,Fri,2026-11-01,ok,509,,1,Fri 05:30→11:11,5,
2026-10-07T19:36Z,2026-10-07 14:36,SNA,Orange County,CA,top,2026-11-05,2026-11-05,Thu,2026-11-08,ok,589,589,0,Thu 19:48→22:28,2,
2026-10-07T19:36Z,2026-10-07 14:36,SNA,Orange County,CA,top,2026-11-05,2026-11-06,Fri,2026-11-08,ok,519,713,1,Fri 06:00→12:07,6,
2026-10-07T19:36Z,2026-10-07 14:36,SNA,Orange County,CA,top,2026-11-12,2026-11-12,Thu,2026-11-15,ok,607,619,1,Thu 21:57→08:46,2,
2026-10-07T19:36Z,2026-10-07 14:36,SNA,Orange County,CA,top,2026-11-12,2026-11-13,Fri,2026-11-15,ok,567,567,0,Fri 16:20→19:01,5,
2026-10-07T19:36Z,2026-10-07 14:36,SNA,Orange County,CA,top,2026-11-19,2026-11-19,Thu,2026-11-22,ok,595,595,0,Thu 19:48→22:28,4,
2026-10-07T19:36Z,2026-10-07 14:36,SNA,Orange County,CA,top,2026-11-19,2026-11-20,Fri,2026-11-22,ok,687,,1,Fri 06:00→12:07,4,
2026-10-07T19:36Z,2026-10-07 14:36,SNA,Orange County,CA,top,2026-11-26,2026-11-26,Thu,2026-11-29,error,,,,,0,'NoneType' object is not subscriptable
2026-10-07T19:36Z,2026-10-07 14:36,SNA,Orange County,CA,top,2026-11-26,2026-11-27,Fri,2026-11-29,ok,893,,1,Fri 06:00→14:14,4,
2026-10-07T19:36Z,2026-10-07 14:36,SNA,Orange County,CA,top,2026-12-03,2026-12-03,Thu,2026-12-06,ok,593,593,0,Thu 19:55→22:30,1,
2026-10-07T19:36Z,2026-10-07 14:36,SNA,Orange County,CA,top,2026-12-03,2026-12-04,Fri,2026-12-06,ok,545,,1,Fri 17:48→22:15,3,
2026-10-07T19:36Z,2026-10-07 14:36,SNA,Orange County,CA,top,2026-12-10,2026-12-10,Thu,2026-12-13,ok,499,499,0,Thu 19:55→22:30,2,
2026-10-07T19:36Z,2026-10-07 14:36,SNA,Orange County,CA,top,2026-12-10,2026-12-11,Fri,2026-12-13,ok,571,899,1,Fri 05:45→11:31,5,
2026-10-07T19:36Z,2026-10-07 14:36,BNA,Nashville,TN,top,2026-10-08,2026-10-08,Thu,2026-10-11,ok,668,668,0,Thu 18:30→20:17,4,
2026-10-07T19:36Z,2026-10-07 14:36,BNA,Nashville,TN,top,2026-10-08,2026-10-09,Fri,2026-10-11,ok,668,668,0,Fri 08:40→10:30,5,
2026-10-07T19:36Z,2026-10-07 14:36,BNA,Nashville,TN,top,2026-10-15,2026-10-15,Thu,2026-10-18,ok,579,579,0,Thu 18:30→20:17,3,
2026-10-07T19:36Z,2026-10-07 14:36,BNA,Nashville,TN,top,2026-10-15,2026-10-16,Fri,2026-10-18,ok,651,651,0,Fri 10:54→12:44,3,
2026-10-07T19:36Z,2026-10-07 14:36,BNA,Nashville,TN,top,2026-10-22,2026-10-22,Thu,2026-10-25,ok,579,579,0,Thu 18:30→20:17,4,
2026-10-07T19:36Z,2026-10-07 14:36,BNA,Nashville,TN,top,2026-10-22,2026-10-23,Fri,2026-10-25,ok,579,579,0,Fri 15:45→17:37,3,
2026-10-07T19:36Z,2026-10-07 14:36,BNA,Nashville,TN,top,2026-10-29,2026-10-29,Thu,2026-11-01,ok,404,404,0,Thu 18:20→20:15,4,
2026-10-07T19:36Z,2026-10-07 14:36,BNA,Nashville,TN,top,2026-10-29,2026-10-30,Fri,2026-11-01,ok,435,435,0,Fri 08:40→10:34,5,
2026-10-07T19:36Z,2026-10-07 14:36,BNA,Nashville,TN,top,2026-11-05,2026-11-05,Thu,2026-11-08,ok,393,393,0,Thu 21:20→22:59,4,
2026-10-07T19:36Z,2026-10-07 14:36,BNA,Nashville,TN,top,2026-11-05,2026-11-06,Fri,2026-11-08,ok,424,424,0,Fri 14:05→15:56,5,
2026-10-07T19:36Z,2026-10-07 14:36,BNA,Nashville,TN,top,2026-11-12,2026-11-12,Thu,2026-11-15,ok,393,393,0,Thu 21:20→22:59,4,
2026-10-07T19:36Z,2026-10-07 14:36,BNA,Nashville,TN,top,2026-11-12,2026-11-13,Fri,2026-11-15,ok,424,424,0,Fri 14:05→15:56,5,
2026-10-07T19:36Z,2026-10-07 14:36,BNA,Nashville,TN,top,2026-11-19,2026-11-19,Thu,2026-11-22,ok,432,432,0,Thu 18:20→20:15,4,
2026-10-07T19:36Z,2026-10-07 14:36,BNA,Nashville,TN,top,2026-11-19,2026-11-20,Fri,2026-11-22,ok,432,432,0,Fri 08:40→10:33,5,
2026-10-07T19:36Z,2026-10-07 14:36,BNA,Nashville,TN,top,2026-11-26,2026-11-26,Thu,2026-11-29,error,,,,,0,'NoneType' object is not subscriptable
2026-10-07T19:36Z,2026-10-07 14:36,BNA,Nashville,TN,top,2026-11-26,2026-11-27,Fri,2026-11-29,ok,424,424,0,Fri 14:05→15:54,2,
2026-10-07T19:36Z,2026-10-07 14:36,BNA,Nashville,TN,top,2026-12-03,2026-12-03,Thu,2026-12-06,ok,393,393,0,Thu 21:40→23:20,2,
2026-10-07T19:36Z,2026-10-07 14:36,BNA,Nashville,TN,top,2026-12-03,2026-12-04,Fri,2026-12-06,ok,424,424,0,Fri 07:04→08:47,5,
2026-10-07T19:36Z,2026-10-07 14:36,BNA,Nashville,TN,top,2026-12-10,2026-12-10,Thu,2026-12-13,ok,393,393,0,Thu 21:40→23:20,2,
2026-10-07T19:36Z,2026-10-07 14:36,BNA,Nashville,TN,top,2026-12-10,2026-12-11,Fri,2026-12-13,ok,424,424,0,Fri 07:04→08:47,5,
2026-10-07T19:36Z,2026-10-07 14:36,CLE,Cleveland,OH,top,2026-10-08,2026-10-08,Thu,2026-10-11,ok,649,649,0,Thu 18:08→20:34,4,
2026-10-07T19:36Z,2026-10-07 14:36,CLE,Cleveland,OH,top,2026-10-08,2026-10-09,Fri,2026-10-11,ok,649,649,0,Fri 07:15→09:41,3,
2026-10-07T19:36Z,2026-10-07 14:36,CLE,Cleveland,OH,top,2026-10-15,2026-10-15,Thu,2026-10-18,ok,870,,1,Thu 21:35→09:07,2,
2026-10-07T19:36Z,2026-10-07 14:36,CLE,Cleveland,OH,top,2026-10-15,2026-10-16,Fri,2026-10-18,ok,649,649,0,Fri 07:15→09:41,3,
2026-10-07T19:36Z,2026-10-07 14:36,CLE,Cleveland,OH,top,2026-10-22,2026-10-22,Thu,2026-10-25,ok,842,,1,Thu 21:35→09:07,2,
2026-10-07T19:36Z,2026-10-07 14:36,CLE,Cleveland,OH,top,2026-10-22,2026-10-23,Fri,2026-10-25,ok,579,579,0,Fri 07:15→09:41,3,
2026-10-07T19:36Z,2026-10-07 14:36,CLE,Cleveland,OH,top,2026-10-29,2026-10-29,Thu,2026-11-01,ok,398,398,0,Thu 19:49→22:15,4,
2026-10-07T19:36Z,2026-10-07 14:36,CLE,Cleveland,OH,top,2026-10-29,2026-10-30,Fri,2026-11-01,ok,428,428,0,Fri 07:15→09:41,4,
2026-10-07T19:36Z,2026-10-07 14:36,CLE,Cleveland,OH,top,2026-11-05,2026-11-05,Thu,2026-11-08,ok,357,357,0,Thu 19:49→22:15,4,
2026-10-07T19:36Z,2026-10-07 14:36,CLE,Cleveland,OH,top,2026-11-05,2026-11-06,Fri,2026-11-08,ok,387,387,0,Fri 07:15→09:41,5,
2026-10-07T19:36Z,2026-10-07 14:36,CLE,Cleveland,OH,top,2026-11-12,2026-11-12,Thu,2026-11-15,ok,357,357,0,Thu 19:49→22:15,4,
2026-10-07T19:36Z,2026-10-07 14:36,CLE,Cleveland,OH,top,2026-11-12,2026-11-13,Fri,2026-11-15,ok,387,387,0,Fri 13:00→15:28,4,
2026-10-07T19:36Z,2026-10-07 14:36,CLE,Cleveland,OH,top,2026-11-19,2026-11-19,Thu,2026-11-22,ok,543,,1,Thu 21:41→09:38,2,
2026-10-07T19:36Z,2026-10-07 14:36,CLE,Cleveland,OH,top,2026-11-19,2026-11-20,Fri,2026-11-22,ok,339,339,0,Fri 07:15→09:41,6,
2026-10-07T19:36Z,2026-10-07 14:36,CLE,Cleveland,OH,top,2026-11-26,2026-11-26,Thu,2026-11-29,error,,,,,0,'NoneType' object is not subscriptable
2026-10-07T19:36Z,2026-10-07 14:36,CLE,Cleveland,OH,top,2026-11-26,2026-11-27,Fri,2026-11-29,ok,387,387,0,Fri 13:00→15:28,3,
2026-10-07T19:36Z,2026-10-07 14:36,CLE,Cleveland,OH,top,2026-12-03,2026-12-03,Thu,2026-12-06,ok,357,357,0,Thu 19:55→22:21,3,
2026-10-07T19:36Z,2026-10-07 14:36,CLE,Cleveland,OH,top,2026-12-03,2026-12-04,Fri,2026-12-06,ok,387,387,0,Fri 07:13→09:35,6,
2026-10-07T19:36Z,2026-10-07 14:36,CLE,Cleveland,OH,top,2026-12-10,2026-12-10,Thu,2026-12-13,ok,357,357,0,Thu 19:55→22:21,3,
2026-10-07T19:36Z,2026-10-07 14:36,CLE,Cleveland,OH,top,2026-12-10,2026-12-11,Fri,2026-12-13,ok,387,387,0,Fri 10:51→13:19,6,
2026-10-07T19:36Z,2026-10-07 14:36,MCI,Kansas City,MO,top,2026-10-08,2026-10-08,Thu,2026-10-11,ok,573,573,0,Thu 20:13→22:00,1,
2026-10-07T19:36Z,2026-10-07 14:36,MCI,Kansas City,MO,top,2026-10-08,2026-10-09,Fri,2026-10-11,ok,573,573,0,Fri 07:15→09:07,6,
2026-10-07T19:36Z,2026-10-07 14:36,MCI,Kansas City,MO,top,2026-10-15,2026-10-15,Thu,2026-10-18,ok,573,573,0,Thu 20:13→22:00,3,
2026-10-07T19:36Z,2026-10-07 14:36,MCI,Kansas City,MO,top,2026-10-15,2026-10-16,Fri,2026-10-18,ok,647,647,0,Fri 14:10→16:02,6,
2026-10-07T19:36Z,2026-10-07 14:36,MCI,Kansas City,MO,top,2026-10-22,2026-10-22,Thu,2026-10-25,ok,573,573,0,Thu 20:13→22:00,3,
2026-10-07T19:36Z,2026-10-07 14:36,MCI,Kansas City,MO,top,2026-10-22,2026-10-23,Fri,2026-10-25,ok,573,573,0,Fri 07:15→09:07,6,
2026-10-07T19:36Z,2026-10-07 14:36,MCI,Kansas City,MO,top,2026-10-29,2026-10-29,Thu,2026-11-01,ok,413,413,0,Thu 18:45→20:51,3,
2026-10-07T19:36Z,2026-10-07 14:36,MCI,Kansas City,MO,top,2026-10-29,2026-10-30,Fri,2026-11-01,ok,446,446,0,Fri 06:55→08:58,4,
2026-10-07T19:36Z,2026-10-07 14:36,MCI,Kansas City,MO,top,2026-11-05,2026-11-05,Thu,2026-11-08,ok,418,418,0,Thu 19:59→21:51,4,
2026-10-07T19:36Z,2026-10-07 14:36,MCI,Kansas City,MO,top,2026-11-05,2026-11-06,Fri,2026-11-08,ok,477,477,0,Fri 15:49→17:34,6,
2026-10-07T19:36Z,2026-10-07 14:36,MCI,Kansas City,MO,top,2026-11-12,2026-11-12,Thu,2026-11-15,ok,403,403,0,Thu 19:59→21:51,2,
2026-10-07T19:36Z,2026-10-07 14:36,MCI,Kansas City,MO,top,2026-11-12,2026-11-13,Fri,2026-11-15,ok,436,436,0,Fri 06:55→08:58,6,
2026-10-07T19:36Z,2026-10-07 14:36,MCI,Kansas City,MO,top,2026-11-19,2026-11-19,Thu,2026-11-22,ok,437,437,0,Thu 19:59→21:51,3,
2026-10-07T19:36Z,2026-10-07 14:36,MCI,Kansas City,MO,top,2026-11-19,2026-11-20,Fri,2026-11-22,ok,437,437,0,Fri 06:55→08:58,4,
2026-10-07T19:36Z,2026-10-07 14:36,MCI,Kansas City,MO,top,2026-11-26,2026-11-26,Thu,2026-11-29,error,,,,,0,'NoneType' object is not subscriptable
2026-10-07T19:36Z,2026-10-07 14:36,MCI,Kansas City,MO,top,2026-11-26,2026-11-27,Fri,2026-11-29,ok,456,456,0,Fri 14:30→16:29,3,
2026-10-07T19:36Z,2026-10-07 14:36,MCI,Kansas City,MO,top,2026-12-03,2026-12-03,Thu,2026-12-06,ok,473,473,0,Thu 19:55→21:47,3,
2026-10-07T19:36Z,2026-10-07 14:36,MCI,Kansas City,MO,top,2026-12-03,2026-12-04,Fri,2026-12-06,ok,522,522,0,Fri 10:25→12:23,5,
2026-10-07T19:36Z,2026-10-07 14:36,MCI,Kansas City,MO,top,2026-12-10,2026-12-10,Thu,2026-12-13,ok,403,403,0,Thu 19:55→21:47,4,
2026-10-07T19:36Z,2026-10-07 14:36,MCI,Kansas City,MO,top,2026-12-10,2026-12-11,Fri,2026-12-13,ok,436,436,0,Fri 07:00→08:56,4,
2026-10-07T19:36Z,2026-10-07 14:36,HNL,Honolulu,HI,top,2026-10-08,2026-10-08,Thu,2026-10-11,ok,902,,1,Thu 22:00→15:16,2,
2026-10-07T19:36Z,2026-10-07 14:36,HNL,Honolulu,HI,top,2026-10-08,2026-10-09,Fri,2026-10-11,ok,890,1252,1,Fri 12:40→19:29,4,
2026-10-07T19:36Z,2026-10-07 14:36,HNL,Honolulu,HI,top,2026-10-15,2026-10-15,Thu,2026-10-18,ok,902,,1,Thu 18:25→11:40,2,
2026-10-07T19:36Z,2026-10-07 14:36,HNL,Honolulu,HI,top,2026-10-15,2026-10-16,Fri,2026-10-18,ok,840,1172,1,Fri 08:50→16:09,6,
2026-10-07T19:36Z,2026-10-07 14:36,HNL,Honolulu,HI,top,2026-10-22,2026-10-22,Thu,2026-10-25,ok,902,,1,Thu 18:25→11:40,3,
2026-10-07T19:36Z,2026-10-07 14:36,HNL,Honolulu,HI,top,2026-10-22,2026-10-23,Fri,2026-10-25,ok,840,1078,1,Fri 07:00→15:16,7,
2026-10-07T19:36Z,2026-10-07 14:36,HNL,Honolulu,HI,top,2026-10-29,2026-10-29,Thu,2026-11-01,ok,902,,1,Thu 21:47→15:28,3,
2026-10-07T19:36Z,2026-10-07 14:36,HNL,Honolulu,HI,top,2026-10-29,2026-10-30,Fri,2026-11-01,ok,836,,1,Fri 12:42→21:10,5,
2026-10-07T19:36Z,2026-10-07 14:36,HNL,Honolulu,HI,top,2026-11-05,2026-11-05,Thu,2026-11-08,ok,826,,1,Thu 21:57→17:29,4,
2026-10-07T19:36Z,2026-10-07 14:36,HNL,Honolulu,HI,top,2026-11-05,2026-11-06,Fri,2026-11-08,ok,750,,1,Fri 17:52→12:48,5,
2026-10-07T19:36Z,2026-10-07 14:36,HNL,Honolulu,HI,top,2026-11-12,2026-11-12,Thu,2026-11-15,ok,824,,1,Thu 21:57→17:29,4,
2026-10-07T19:36Z,2026-10-07 14:36,HNL,Honolulu,HI,top,2026-11-12,2026-11-13,Fri,2026-11-15,ok,750,,1,Fri 17:52→12:48,5,
2026-10-07T19:36Z,2026-10-07 14:36,HNL,Honolulu,HI,top,2026-11-19,2026-11-19,Thu,2026-11-22,ok,1271,,1,Thu 20:11→12:48,4,
2026-10-07T19:36Z,2026-10-07 14:36,HNL,Honolulu,HI,top,2026-11-19,2026-11-20,Fri,2026-11-22,ok,1260,,1,Fri 11:52→20:30,4,
2026-10-07T19:36Z,2026-10-07 14:36,HNL,Honolulu,HI,top,2026-11-26,2026-11-26,Thu,2026-11-29,error,,,,,0,'NoneType' object is not subscriptable
2026-10-07T19:36Z,2026-10-07 14:36,HNL,Honolulu,HI,top,2026-11-26,2026-11-27,Fri,2026-11-29,ok,1127,,1,Fri 12:42→22:10,4,
2026-10-07T19:36Z,2026-10-07 14:36,HNL,Honolulu,HI,top,2026-12-03,2026-12-03,Thu,2026-12-06,ok,824,,1,Thu 21:30→16:28,2,
2026-10-07T19:36Z,2026-10-07 14:36,HNL,Honolulu,HI,top,2026-12-03,2026-12-04,Fri,2026-12-06,ok,806,,1,Fri 05:59→16:59,6,
2026-10-07T19:36Z,2026-10-07 14:36,HNL,Honolulu,HI,top,2026-12-10,2026-12-10,Thu,2026-12-13,ok,916,,1,Thu 21:30→16:28,2,
2026-10-07T19:36Z,2026-10-07 14:36,HNL,Honolulu,HI,top,2026-12-10,2026-12-11,Fri,2026-12-13,ok,772,,1,Fri 05:59→20:56,6,
2026-10-07T19:36Z,2026-10-07 14:36,PBI,West Palm Beach,FL,top,2026-10-08,2026-10-08,Thu,2026-10-11,error,,,,,0,'NoneType' object is not subscriptable
2026-10-07T19:36Z,2026-10-07 14:36,PBI,West Palm Beach,FL,top,2026-10-08,2026-10-09,Fri,2026-10-11,error,,,,,0,'NoneType' object is not subscriptable
2026-10-07T19:36Z,2026-10-07 14:36,PBI,West Palm Beach,FL,top,2026-10-15,2026-10-15,Thu,2026-10-18,error,,,,,0,'NoneType' object is not subscriptable
2026-10-07T19:36Z,2026-10-07 14:36,PBI,West Palm Beach,FL,top,2026-10-15,2026-10-16,Fri,2026-10-18,error,,,,,0,'NoneType' object is not subscriptable
2026-10-07T19:36Z,2026-10-07 14:36,PBI,West Palm Beach,FL,top,2026-10-22,2026-10-22,Thu,2026-10-25,error,,,,,0,'NoneType' object is not subscriptable
2026-10-07T19:36Z,2026-10-07 14:36,PBI,West Palm Beach,FL,top,2026-10-22,2026-10-23,Fri,2026-10-25,error,,,,,0,'NoneType' object is not subscriptable
2026-10-07T19:36Z,2026-10-07 14:36,PBI,West Palm Beach,FL,top,2026-10-29,2026-10-29,Thu,2026-11-01,error,,,,,0,'NoneType' object is not subscriptable
2026-10-07T19:36Z,2026-10-07 14:36,PBI,West Palm Beach,FL,top,2026-10-29,2026-10-30,Fri,2026-11-01,error,,,,,0,'NoneType' object is not subscriptable
2026-10-07T19:36Z,2026-10-07 14:36,PBI,West Palm Beach,FL,top,2026-11-05,2026-11-05,Thu,2026-11-08,error,,,,,0,'NoneType' object is not subscriptable
2026-10-07T19:36Z,2026-10-07 14:36,PBI,West Palm Beach,FL,top,2026-11-05,2026-11-06,Fri,2026-11-08,error,,,,,0,'NoneType' object is not subscriptable
2026-10-07T19:36Z,2026-10-07 14:36,PBI,West Palm Beach,FL,top,2026-11-12,2026-11-12,Thu,2026-11-15,error,,,,,0,'NoneType' object is not subscriptable
2026-10-07T19:36Z,2026-10-07 14:36,PBI,West Palm Beach,FL,top,2026-11-12,2026-11-13,Fri,2026-11-15,error,,,,,0,'NoneType' object is not subscriptable
2026-10-07T19:36Z,2026-10-07 14:36,PBI,West Palm Beach,FL,top,2026-11-19,2026-11-19,Thu,2026-11-22,error,,,,,0,'NoneType' object is not subscriptable
2026-10-07T19:36Z,2026-10-07 14:36,PBI,West Palm Beach,FL,top,2026-11-19,2026-11-20,Fri,2026-11-22,error,,,,,0,'NoneType' object is not subscriptable
2026-10-07T19:36Z,2026-10-07 14:36,PBI,West Palm Beach,FL,top,2026-11-26,2026-11-26,Thu,2026-11-29,error,,,,,0,'NoneType' object is not subscriptable
2026-10-07T19:36Z,2026-10-07 14:36,PBI,West Palm Beach,FL,top,2026-11-26,2026-11-27,Fri,2026-11-29,error,,,,,0,'NoneType' object is not subscriptable
2026-10-07T19:36Z,2026-10-07 14:36,PBI,West Palm Beach,FL,top,2026-12-03,2026-12-03,Thu,2026-12-06,error,,,,,0,'NoneType' object is not subscriptable
2026-10-07T19:36Z,2026-10-07 14:36,PBI,West Palm Beach,FL,top,2026-12-03,2026-12-04,Fri,2026-12-06,error,,,,,0,'NoneType' object is not subscriptable
2026-10-07T19:36Z,2026-10-07 14:36,PBI,West Palm Beach,FL,top,2026-12-10,2026-12-10,Thu,2026-12-13,error,,,,,0,'NoneType' object is not subscriptable
2026-10-07T19:36Z,2026-10-07 14:36,PBI,West Palm Beach,FL,top,2026-12-10,2026-12-11,Fri,2026-12-13,error,,,,,0,'NoneType' object is not subscriptable
2026-10-07T19:36Z,2026-10-07 14:36,PSP,Palm Springs,CA,top,2026-10-08,2026-10-08,Thu,2026-10-11,ok,1177,,1,Thu 21:40→10:09,3,
2026-10-07T19:36Z,2026-10-07 14:36,PSP,Palm Springs,CA,top,2026-10-08,2026-10-09,Fri,2026-10-11,ok,788,,1,Fri 16:40→22:59,5,
2026-10-07T19:36Z,2026-10-07 14:36,PSP,Palm Springs,CA,top,2026-10-15,2026-10-15,Thu,2026-10-18,ok,1013,,1,Thu 21:45→11:15,3,
2026-10-07T19:36Z,2026-10-07 14:36,PSP,Palm Springs,CA,top,2026-10-15,2026-10-16,Fri,2026-10-18,ok,697,,1,Fri 05:00→09:20,5,
2026-10-07T19:36Z,2026-10-07 14:36,PSP,Palm Springs,CA,top,2026-10-22,2026-10-22,Thu,2026-10-25,ok,883,,1,Thu 21:45→11:15,3,
2026-10-07T19:36Z,2026-10-07 14:36,PSP,Palm Springs,CA,top,2026-10-22,2026-10-23,Fri,2026-10-25,ok,579,,1,Fri 16:40→22:59,5,
2026-10-07T19:36Z,2026-10-07 14:36,PSP,Palm Springs,CA,top,2026-10-29,2026-10-29,Thu,2026-11-01,ok,499,499,0,Thu 19:56→22:30,3,
2026-10-07T19:36Z,2026-10-07 14:36,PSP,Palm Springs,CA,top,2026-10-29,2026-10-30,Fri,2026-11-01,ok,509,,1,Fri 05:30→11:21,6,
2026-10-07T19:36Z,2026-10-07 14:36,PSP,Palm Springs,CA,top,2026-11-05,2026-11-05,Thu,2026-11-08,ok,749,755,1,Thu 21:47→09:16,3,
2026-10-07T19:36Z,2026-10-07 14:36,PSP,Palm Springs,CA,top,2026-11-05,2026-11-06,Fri,2026-11-08,ok,635,,1,Fri 16:01→22:45,5,
2026-10-07T19:36Z,2026-10-07 14:36,PSP,Palm Springs,CA,top,2026-11-12,2026-11-12,Thu,2026-11-15,ok,703,703,0,Thu 19:56→22:30,2,
2026-10-07T19:36Z,2026-10-07 14:36,PSP,Palm Springs,CA,top,2026-11-12,2026-11-13,Fri,2026-11-15,ok,668,,1,Fri 16:35→22:45,4,
2026-10-07T19:36Z,2026-10-07 14:36,PSP,Palm Springs,CA,top,2026-11-19,2026-11-19,Thu,2026-11-22,ok,499,499,0,Thu 19:56→22:30,3,
2026-10-07T19:36Z,2026-10-07 14:36,PSP,Palm Springs,CA,top,2026-11-19,2026-11-20,Fri,2026-11-22,ok,569,,1,Fri 07:00→12:37,6,
2026-10-07T19:36Z,2026-10-07 14:36,PSP,Palm Springs,CA,top,2026-11-26,2026-11-26,Thu,2026-11-29,error,,,,,0,'NoneType' object is not subscriptable
2026-10-07T19:36Z,2026-10-07 14:36,PSP,Palm Springs,CA,top,2026-11-26,2026-11-27,Fri,2026-11-29,ok,879,,1,Fri 14:00→20:05,4,
2026-10-07T19:36Z,2026-10-07 14:36,PSP,Palm Springs,CA,top,2026-12-03,2026-12-03,Thu,2026-12-06,ok,634,634,0,Thu 19:45→22:17,3,
2026-10-07T19:36Z,2026-10-07 14:36,PSP,Palm Springs,CA,top,2026-12-03,2026-12-04,Fri,2026-12-06,ok,509,,1,Fri 16:30→22:45,4,
2026-10-07T19:36Z,2026-10-07 14:36,PSP,Palm Springs,CA,top,2026-12-10,2026-12-10,Thu,2026-12-13,ok,499,499,0,Thu 19:45→22:17,3,
2026-10-07T19:36Z,2026-10-07 14:36,PSP,Palm Springs,CA,top,2026-12-10,2026-12-11,Fri,2026-12-13,ok,509,,1,Fri 15:00→20:06,3,
2026-10-07T19:36Z,2026-10-07 14:36,XNA,Northwest Arkansas,AR,state,2026-10-08,2026-10-08,Thu,2026-10-11,ok,647,647,0,Thu 20:30→22:38,1,
2026-10-07T19:36Z,2026-10-07 14:36,XNA,Northwest Arkansas,AR,state,2026-10-08,2026-10-09,Fri,2026-10-11,ok,657,,1,Fri 17:51→23:56,2,
2026-10-07T19:36Z,2026-10-07 14:36,XNA,Northwest Arkansas,AR,state,2026-10-15,2026-10-15,Thu,2026-10-18,ok,529,529,0,Thu 20:30→22:38,2,
2026-10-07T19:36Z,2026-10-07 14:36,XNA,Northwest Arkansas,AR,state,2026-10-15,2026-10-16,Fri,2026-10-18,ok,626,,1,Fri 16:20→23:56,2,
2026-10-07T19:36Z,2026-10-07 14:36,XNA,Northwest Arkansas,AR,state,2026-10-22,2026-10-22,Thu,2026-10-25,ok,459,459,0,Thu 20:30→22:38,2,
2026-10-07T19:36Z,2026-10-07 14:36,XNA,Northwest Arkansas,AR,state,2026-10-22,2026-10-23,Fri,2026-10-25,ok,536,545,1,Fri 17:51→23:56,4,
2026-10-07T19:36Z,2026-10-07 14:36,XNA,Northwest Arkansas,AR,state,2026-10-29,2026-10-29,Thu,2026-11-01,ok,419,419,0,Thu 21:30→23:35,2,
2026-10-07T19:36Z,2026-10-07 14:36,XNA,Northwest Arkansas,AR,state,2026-10-29,2026-10-30,Fri,2026-11-01,ok,419,419,0,Fri 08:40→10:42,3,
2026-10-07T19:36Z,2026-10-07 14:36,XNA,Northwest Arkansas,AR,state,2026-11-05,2026-11-05,Thu,2026-11-08,ok,456,456,0,Thu 21:30→23:35,2,
2026-10-07T19:36Z,2026-10-07 14:36,XNA,Northwest Arkansas,AR,state,2026-11-05,2026-11-06,Fri,2026-11-08,ok,439,439,0,Fri 08:40→10:42,3,
2026-10-07T19:36Z,2026-10-07 14:36,XNA,Northwest Arkansas,AR,state,2026-11-12,2026-11-12,Thu,2026-11-15,ok,507,507,0,Thu 21:30→23:35,1,
2026-10-07T19:36Z,2026-10-07 14:36,XNA,Northwest Arkansas,AR,state,2026-11-12,2026-11-13,Fri,2026-11-15,ok,504,514,1,Fri 14:30→20:32,5,
2026-10-07T19:36Z,2026-10-07 14:36,XNA,Northwest Arkansas,AR,state,2026-11-19,2026-11-19,Thu,2026-11-22,ok,419,419,0,Thu 21:30→23:35,2,
2026-10-07T19:36Z,2026-10-07 14:36,XNA,Northwest Arkansas,AR,state,2026-11-19,2026-11-20,Fri,2026-11-22,ok,464,464,0,Fri 15:35→17:38,3,
2026-10-07T19:36Z,2026-10-07 14:36,XNA,Northwest Arkansas,AR,state,2026-11-26,2026-11-26,Thu,2026-11-29,error,,,,,0,'NoneType' object is not subscriptable
2026-10-07T19:36Z,2026-10-07 14:36,XNA,Northwest Arkansas,AR,state,2026-11-26,2026-11-27,Fri,2026-11-29,ok,617,617,0,Fri 12:29→14:27,4,
2026-10-07T19:36Z,2026-10-07 14:36,XNA,Northwest Arkansas,AR,state,2026-12-03,2026-12-03,Thu,2026-12-06,ok,419,419,0,Thu 21:25→23:25,2,
2026-10-07T19:36Z,2026-10-07 14:36,XNA,Northwest Arkansas,AR,state,2026-12-03,2026-12-04,Fri,2026-12-06,ok,419,419,0,Fri 08:40→10:42,3,
2026-10-07T19:36Z,2026-10-07 14:36,XNA,Northwest Arkansas,AR,state,2026-12-10,2026-12-10,Thu,2026-12-13,ok,419,419,0,Thu 21:25→23:25,3,
2026-10-07T19:36Z,2026-10-07 14:36,XNA,Northwest Arkansas,AR,state,2026-12-10,2026-12-11,Fri,2026-12-13,ok,419,419,0,Fri 11:59→14:05,3,
2026-10-07T19:36Z,2026-10-07 14:36,SDF,Louisville,KY,state,2026-10-08,2026-10-08,Thu,2026-10-11,ok,695,695,0,Thu 21:25→23:59,2,
2026-10-07T19:36Z,2026-10-07 14:36,SDF,Louisville,KY,state,2026-10-08,2026-10-09,Fri,2026-10-11,ok,693,693,0,Fri 15:00→17:40,4,
2026-10-07T19:36Z,2026-10-07 14:36,SDF,Louisville,KY,state,2026-10-15,2026-10-15,Thu,2026-10-18,ok,693,693,0,Thu 21:25→23:59,2,
2026-10-07T19:36Z,2026-10-07 14:36,SDF,Louisville,KY,state,2026-10-15,2026-10-16,Fri,2026-10-18,ok,693,693,0,Fri 15:00→17:40,3,
2026-10-07T19:36Z,2026-10-07 14:36,SDF,Louisville,KY,state,2026-10-22,2026-10-22,Thu,2026-10-25,ok,583,583,0,Thu 21:25→23:59,2,
2026-10-07T19:36Z,2026-10-07 14:36,SDF,Louisville,KY,state,2026-10-22,2026-10-23,Fri,2026-10-25,ok,583,583,0,Fri 15:00→17:40,3,
2026-10-07T19:36Z,2026-10-07 14:36,SDF,Louisville,KY,state,2026-10-29,2026-10-29,Thu,2026-11-01,ok,398,398,0,Thu 18:10→20:52,4,
2026-10-07T19:36Z,2026-10-07 14:36,SDF,Louisville,KY,state,2026-10-29,2026-10-30,Fri,2026-11-01,ok,509,656,1,Fri 08:50→14:47,2,
2026-10-07T19:36Z,2026-10-07 14:36,SDF,Louisville,KY,state,2026-11-05,2026-11-05,Thu,2026-11-08,ok,376,376,0,Thu 18:10→20:52,4,
2026-10-07T19:36Z,2026-10-07 14:36,SDF,Louisville,KY,state,2026-11-05,2026-11-06,Fri,2026-11-08,ok,405,405,0,Fri 06:59→09:38,4,
2026-10-07T19:36Z,2026-10-07 14:36,SDF,Louisville,KY,state,2026-11-12,2026-11-12,Thu,2026-11-15,ok,376,376,0,Thu 18:10→20:52,3,
2026-10-07T19:36Z,2026-10-07 14:36,SDF,Louisville,KY,state,2026-11-12,2026-11-13,Fri,2026-11-15,ok,487,496,1,Fri 08:50→14:47,2,
2026-10-07T19:36Z,2026-10-07 14:36,SDF,Louisville,KY,state,2026-11-19,2026-11-19,Thu,2026-11-22,ok,388,388,0,Thu 18:10→20:52,3,
2026-10-07T19:36Z,2026-10-07 14:36,SDF,Louisville,KY,state,2026-11-19,2026-11-20,Fri,2026-11-22,ok,420,582,1,Fri 08:50→14:47,2,
2026-10-07T19:36Z,2026-10-07 14:36,SDF,Louisville,KY,state,2026-11-26,2026-11-26,Thu,2026-11-29,error,,,,,0,'NoneType' object is not subscriptable
2026-10-07T19:36Z,2026-10-07 14:36,SDF,Louisville,KY,state,2026-11-26,2026-11-27,Fri,2026-11-29,ok,405,405,0,Fri 11:04→13:35,3,
2026-10-07T19:36Z,2026-10-07 14:36,SDF,Louisville,KY,state,2026-12-03,2026-12-03,Thu,2026-12-06,ok,376,376,0,Thu 18:20→21:00,2,
2026-10-07T19:36Z,2026-10-07 14:36,SDF,Louisville,KY,state,2026-12-03,2026-12-04,Fri,2026-12-06,ok,405,405,0,Fri 15:45→18:17,3,
2026-10-07T19:36Z,2026-10-07 14:36,SDF,Louisville,KY,state,2026-12-10,2026-12-10,Thu,2026-12-13,ok,376,376,0,Thu 21:20→23:49,2,
2026-10-07T19:36Z,2026-10-07 14:36,SDF,Louisville,KY,state,2026-12-10,2026-12-11,Fri,2026-12-13,ok,405,405,0,Fri 14:10→16:39,4,
2026-10-07T19:36Z,2026-10-07 14:36,MHT,Manchester,NH,state,2026-10-08,2026-10-08,Thu,2026-10-11,error,,,,,0,'NoneType' object is not subscriptable
2026-10-07T19:36Z,2026-10-07 14:36,MHT,Manchester,NH,state,2026-10-08,2026-10-09,Fri,2026-10-11,ok,828,,1,Fri 16:00→23:56,2,
2026-10-07T19:36Z,2026-10-07 14:36,MHT,Manchester,NH,state,2026-10-15,2026-10-15,Thu,2026-10-18,ok,881,,1,Thu 18:06→23:56,2,
2026-10-07T19:36Z,2026-10-07 14:36,MHT,Manchester,NH,state,2026-10-15,2026-10-16,Fri,2026-10-18,ok,881,,1,Fri 05:59→14:15,3,
2026-10-07T19:36Z,2026-10-07 14:36,MHT,Manchester,NH,state,2026-10-22,2026-10-22,Thu,2026-10-25,ok,900,,1,Thu 18:06→23:56,1,
2026-10-07T19:36Z,2026-10-07 14:36,MHT,Manchester,NH,state,2026-10-22,2026-10-23,Fri,2026-10-25,ok,900,,1,Fri 05:59→14:15,3,
2026-10-07T19:36Z,2026-10-07 14:36,MHT,Manchester,NH,state,2026-10-29,2026-10-29,Thu,2026-11-01,ok,728,,1,Thu 21:41→14:03,2,
2026-10-07T19:36Z,2026-10-07 14:36,MHT,Manchester,NH,state,2026-10-29,2026-10-30,Fri,2026-11-01,ok,749,,2,Fri 12:47→23:59,2,
2026-10-07T19:36Z,2026-10-07 14:36,MHT,Manchester,NH,state,2026-11-05,2026-11-05,Thu,2026-11-08,ok,737,,1,Thu 18:07→23:59,2,
2026-10-07T19:36Z,2026-10-07 14:36,MHT,Manchester,NH,state,2026-11-05,2026-11-06,Fri,2026-11-08,ok,614,,1,Fri 16:00→23:59,4,
2026-10-07T19:36Z,2026-10-07 14:36,MHT,Manchester,NH,state,2026-11-12,2026-11-12,Thu,2026-11-15,ok,637,,1,Thu 18:07→23:59,2,
2026-10-07T19:36Z,2026-10-07 14:36,MHT,Manchester,NH,state,2026-11-12,2026-11-13,Fri,2026-11-15,ok,614,,1,Fri 16:00→23:59,4,
2026-10-07T19:36Z,2026-10-07 14:36,MHT,Manchester,NH,state,2026-11-19,2026-11-19,Thu,2026-11-22,ok,679,,1,Thu 18:07→23:59,2,
2026-10-07T19:36Z,2026-10-07 14:36,MHT,Manchester,NH,state,2026-11-19,2026-11-20,Fri,2026-11-22,ok,543,,1,Fri 05:55→14:03,4,
2026-10-07T19:36Z,2026-10-07 14:36,MHT,Manchester,NH,state,2026-11-26,2026-11-26,Thu,2026-11-29,error,,,,,0,'NoneType' object is not subscriptable
2026-10-07T19:36Z,2026-10-07 14:36,MHT,Manchester,NH,state,2026-11-26,2026-11-27,Fri,2026-11-29,ok,939,,1,Fri 16:00→23:59,2,
2026-10-07T19:36Z,2026-10-07 14:36,MHT,Manchester,NH,state,2026-12-03,2026-12-03,Thu,2026-12-06,ok,719,,1,Thu 21:35→14:03,1,
2026-10-07T19:36Z,2026-10-07 14:36,MHT,Manchester,NH,state,2026-12-03,2026-12-04,Fri,2026-12-06,ok,604,,1,Fri 05:55→14:03,2,
2026-10-07T19:36Z,2026-10-07 14:36,MHT,Manchester,NH,state,2026-12-10,2026-12-10,Thu,2026-12-13,ok,703,,1,Thu 21:35→14:03,1,
2026-10-07T19:36Z,2026-10-07 14:36,MHT,Manchester,NH,state,2026-12-10,2026-12-11,Fri,2026-12-13,ok,603,,1,Fri 05:55→14:03,2,
2026-10-07T19:36Z,2026-10-07 14:36,PVD,Providence,RI,state,2026-10-08,2026-10-08,Thu,2026-10-11,ok,697,697,0,Thu 18:10→21:58,3,
2026-10-07T19:36Z,2026-10-07 14:36,PVD,Providence,RI,state,2026-10-08,2026-10-09,Fri,2026-10-11,ok,697,697,0,Fri 07:03→10:35,4,
2026-10-07T19:36Z,2026-10-07 14:36,PVD,Providence,RI,state,2026-10-15,2026-10-15,Thu,2026-10-18,ok,697,697,0,Thu 18:10→21:58,2,
2026-10-07T19:36Z,2026-10-07 14:36,PVD,Providence,RI,state,2026-10-15,2026-10-16,Fri,2026-10-18,ok,707,,1,Fri 16:00→23:47,2,
2026-10-07T19:36Z,2026-10-07 14:36,PVD,Providence,RI,state,2026-10-22,2026-10-22,Thu,2026-10-25,ok,710,710,0,Thu 18:10→21:58,2,
2026-10-07T19:36Z,2026-10-07 14:36,PVD,Providence,RI,state,2026-10-22,2026-10-23,Fri,2026-10-25,ok,700,1399,1,Fri 16:00→23:47,4,
2026-10-07T19:36Z,2026-10-07 14:36,PVD,Providence,RI,state,2026-10-29,2026-10-29,Thu,2026-11-01,ok,654,,1,Thu 18:29→09:46,2,
2026-10-07T19:36Z,2026-10-07 14:36,PVD,Providence,RI,state,2026-10-29,2026-10-30,Fri,2026-11-01,ok,630,,1,Fri 05:59→14:08,2,
2026-10-07T19:36Z,2026-10-07 14:36,PVD,Providence,RI,state,2026-11-05,2026-11-05,Thu,2026-11-08,ok,771,,1,Thu 18:07→23:44,2,
2026-10-07T19:36Z,2026-10-07 14:36,PVD,Providence,RI,state,2026-11-05,2026-11-06,Fri,2026-11-08,ok,628,,1,Fri 05:55→14:08,3,
2026-10-07T19:36Z,2026-10-07 14:36,PVD,Providence,RI,state,2026-11-12,2026-11-12,Thu,2026-11-15,ok,598,,1,Thu 18:07→23:44,2,
2026-10-07T19:36Z,2026-10-07 14:36,PVD,Providence,RI,state,2026-11-12,2026-11-13,Fri,2026-11-15,ok,498,498,0,Fri 11:59→15:31,4,
2026-10-07T19:36Z,2026-10-07 14:36,PVD,Providence,RI,state,2026-11-19,2026-11-19,Thu,2026-11-22,ok,669,,1,Thu 18:07→23:44,1,
2026-10-07T19:36Z,2026-10-07 14:36,PVD,Providence,RI,state,2026-11-19,2026-11-20,Fri,2026-11-22,ok,494,494,0,Fri 11:59→15:31,4,
2026-10-07T19:36Z,2026-10-07 14:36,PVD,Providence,RI,state,2026-11-26,2026-11-26,Thu,2026-11-29,error,,,,,0,'NoneType' object is not subscriptable
2026-10-07T19:36Z,2026-10-07 14:36,PVD,Providence,RI,state,2026-11-26,2026-11-27,Fri,2026-11-29,ok,598,598,0,Fri 17:54→21:27,3,
2026-10-07T19:36Z,2026-10-07 14:36,PVD,Providence,RI,state,2026-12-03,2026-12-03,Thu,2026-12-06,ok,776,,1,Thu 21:35→14:13,1,
2026-10-07T19:36Z,2026-10-07 14:36,PVD,Providence,RI,state,2026-12-03,2026-12-04,Fri,2026-12-06,ok,498,498,0,Fri 11:59→15:34,4,
2026-10-07T19:36Z,2026-10-07 14:36,PVD,Providence,RI,state,2026-12-10,2026-12-10,Thu,2026-12-13,ok,776,,1,Thu 21:35→14:13,1,
2026-10-07T19:36Z,2026-10-07 14:36,PVD,Providence,RI,state,2026-12-10,2026-12-11,Fri,2026-12-13,ok,498,498,0,Fri 11:59→15:34,3,
2026-10-07T19:36Z,2026-10-07 14:36,CRW,Charleston,WV,state,2026-10-08,2026-10-08,Thu,2026-10-11,ok,579,579,0,Thu 21:20→23:59,1,
2026-10-07T19:36Z,2026-10-07 14:36,CRW,Charleston,WV,state,2026-10-08,2026-10-09,Fri,2026-10-11,ok,579,579,0,Fri 06:51→09:43,2,
2026-10-07T19:36Z,2026-10-07 14:36,CRW,Charleston,WV,state,2026-10-15,2026-10-15,Thu,2026-10-18,ok,469,469,0,Thu 21:20→23:59,1,
2026-10-07T19:36Z,2026-10-07 14:36,CRW,Charleston,WV,state,2026-10-15,2026-10-16,Fri,2026-10-18,ok,469,469,0,Fri 06:51→09:43,2,
2026-10-07T19:36Z,2026-10-07 14:36,CRW,Charleston,WV,state,2026-10-22,2026-10-22,Thu,2026-10-25,ok,409,409,0,Thu 21:20→23:59,1,
2026-10-07T19:36Z,2026-10-07 14:36,CRW,Charleston,WV,state,2026-10-22,2026-10-23,Fri,2026-10-25,ok,459,459,0,Fri 14:35→17:28,1,
2026-10-07T19:36Z,2026-10-07 14:36,CRW,Charleston,WV,state,2026-10-29,2026-10-29,Thu,2026-11-01,error,,,,,0,'NoneType' object is not subscriptable
2026-10-07T19:36Z,2026-10-07 14:36,CRW,Charleston,WV,state,2026-10-29,2026-10-30,Fri,2026-11-01,ok,653,653,0,Fri 13:55→16:43,1,
2026-10-07T19:36Z,2026-10-07 14:36,CRW,Charleston,WV,state,2026-11-05,2026-11-05,Thu,2026-11-08,error,,,,,0,'NoneType' object is not subscriptable
2026-10-07T19:36Z,2026-10-07 14:36,CRW,Charleston,WV,state,2026-11-05,2026-11-06,Fri,2026-11-08,ok,379,379,0,Fri 10:25→13:15,2,
2026-10-07T19:36Z,2026-10-07 14:36,CRW,Charleston,WV,state,2026-11-12,2026-11-12,Thu,2026-11-15,error,,,,,0,'NoneType' object is not subscriptable
2026-10-07T19:36Z,2026-10-07 14:36,CRW,Charleston,WV,state,2026-11-12,2026-11-13,Fri,2026-11-15,ok,417,417,0,Fri 10:25→13:15,2,
2026-10-07T19:36Z,2026-10-07 14:36,CRW,Charleston,WV,state,2026-11-19,2026-11-19,Thu,2026-11-22,error,,,,,0,'NoneType' object is not subscriptable
2026-10-07T19:36Z,2026-10-07 14:36,CRW,Charleston,WV,state,2026-11-19,2026-11-20,Fri,2026-11-22,ok,429,429,0,Fri 10:25→13:15,2,
2026-10-07T19:36Z,2026-10-07 14:36,CRW,Charleston,WV,state,2026-11-26,2026-11-26,Thu,2026-11-29,error,,,,,0,'NoneType' object is not subscriptable
2026-10-07T19:36Z,2026-10-07 14:36,CRW,Charleston,WV,state,2026-11-26,2026-11-27,Fri,2026-11-29,ok,577,577,0,Fri 10:25→13:15,2,
2026-10-07T19:36Z,2026-10-07 14:36,CRW,Charleston,WV,state,2026-12-03,2026-12-03,Thu,2026-12-06,ok,379,379,0,Thu 21:43→00:28,1,
2026-10-07T19:36Z,2026-10-07 14:36,CRW,Charleston,WV,state,2026-12-03,2026-12-04,Fri,2026-12-06,ok,394,394,0,Fri 14:30→17:18,1,
2026-10-07T19:36Z,2026-10-07 14:36,CRW,Charleston,WV,state,2026-12-10,2026-12-10,Thu,2026-12-13,ok,379,379,0,Thu 21:43→00:28,1,
2026-10-07T19:36Z,2026-10-07 14:36,CRW,Charleston,WV,state,2026-12-10,2026-12-11,Fri,2026-12-13,ok,379,379,0,Fri 14:30→17:18,1,
2026-10-08T02:57Z,2026-10-07 21:57,DEN,Denver,CO,top,2026-10-08,2026-10-08,Thu,2026-10-11,ok,701,701,0,Thu 19:50→21:44,2,
2026-10-08T02:57Z,2026-10-07 21:57,DEN,Denver,CO,top,2026-10-08,2026-10-09,Fri,2026-10-11,ok,701,701,0,Fri 13:30→15:17,6,
2026-10-08T02:57Z,2026-10-07 21:57,DEN,Denver,CO,top,2026-10-15,2026-10-15,Thu,2026-10-18,ok,701,701,0,Thu 22:00→23:54,2,
2026-10-08T02:57Z,2026-10-07 21:57,DEN,Denver,CO,top,2026-10-15,2026-10-16,Fri,2026-10-18,ok,701,701,0,Fri 07:00→08:47,8,
2026-10-08T02:57Z,2026-10-07 21:57,DEN,Denver,CO,top,2026-10-22,2026-10-22,Thu,2026-10-25,ok,557,557,0,Thu 22:00→23:54,2,
2026-10-08T02:57Z,2026-10-07 21:57,DEN,Denver,CO,top,2026-10-22,2026-10-23,Fri,2026-10-25,ok,557,557,0,Fri 17:51→19:45,8,
2026-10-08T02:57Z,2026-10-07 21:57,DEN,Denver,CO,top,2026-10-29,2026-10-29,Thu,2026-11-01,ok,382,382,0,Thu 21:00→22:44,3,
2026-10-08T02:57Z,2026-10-07 21:57,DEN,Denver,CO,top,2026-10-29,2026-10-30,Fri,2026-11-01,ok,408,408,0,Fri 13:30→15:17,6,
2026-10-08T02:57Z,2026-10-07 21:57,DEN,Denver,CO,top,2026-11-05,2026-11-05,Thu,2026-11-08,ok,352,352,0,Thu 21:00→22:44,3,
2026-10-08T02:57Z,2026-10-07 21:57,DEN,Denver,CO,top,2026-11-05,2026-11-06,Fri,2026-11-08,ok,378,378,0,Fri 13:30→15:17,6,
2026-10-08T02:57Z,2026-10-07 21:57,DEN,Denver,CO,top,2026-11-12,2026-11-12,Thu,2026-11-15,ok,352,352,0,Thu 21:00→22:44,3,
2026-10-08T02:57Z,2026-10-07 21:57,DEN,Denver,CO,top,2026-11-12,2026-11-13,Fri,2026-11-15,ok,378,378,0,Fri 13:30→15:17,5,
2026-10-08T02:57Z,2026-10-07 21:57,DEN,Denver,CO,top,2026-11-19,2026-11-19,Thu,2026-11-22,ok,396,396,0,Thu 19:57→21:48,3,
2026-10-08T02:57Z,2026-10-07 21:57,DEN,Denver,CO,top,2026-11-19,2026-11-20,Fri,2026-11-22,ok,396,396,0,Fri 14:30→16:23,6,
2026-10-08T02:57Z,2026-10-07 21:57,DEN,Denver,CO,top,2026-11-26,2026-11-26,Thu,2026-11-29,error,,,,,0,'NoneType' object is not subscriptable
2026-10-08T02:57Z,2026-10-07 21:57,DEN,Denver,CO,top,2026-11-26,2026-11-27,Fri,2026-11-29,ok,606,606,0,Fri 15:56→17:49,3,
2026-10-08T02:57Z,2026-10-07 21:57,DEN,Denver,CO,top,2026-12-03,2026-12-03,Thu,2026-12-06,ok,352,352,0,Thu 20:07→21:59,4,
2026-10-08T02:57Z,2026-10-07 21:57,DEN,Denver,CO,top,2026-12-03,2026-12-04,Fri,2026-12-06,ok,378,378,0,Fri 14:35→16:28,4,
2026-10-08T02:57Z,2026-10-07 21:57,DEN,Denver,CO,top,2026-12-10,2026-12-10,Thu,2026-12-13,ok,352,352,0,Thu 21:30→23:14,3,
2026-10-08T02:57Z,2026-10-07 21:57,DEN,Denver,CO,top,2026-12-10,2026-12-11,Fri,2026-12-13,ok,395,395,0,Fri 17:48→19:45,6,
2026-10-08T02:57Z,2026-10-07 21:57,IAD,Washington Dulles,VA,top,2026-10-08,2026-10-08,Thu,2026-10-11,ok,681,681,0,Thu 21:52→00:58,3,
2026-10-08T02:57Z,2026-10-07 21:57,IAD,Washington Dulles,VA,top,2026-10-08,2026-10-09,Fri,2026-10-11,ok,896,,1,Fri 14:51→20:49,4,
2026-10-08T02:57Z,2026-10-07 21:57,IAD,Washington Dulles,VA,top,2026-10-15,2026-10-15,Thu,2026-10-18,ok,681,681,0,Thu 18:06→21:11,3,
2026-10-08T02:57Z,2026-10-07 21:57,IAD,Washington Dulles,VA,top,2026-10-15,2026-10-16,Fri,2026-10-18,ok,895,,1,Fri 06:55→11:50,4,
2026-10-08T02:57Z,2026-10-07 21:57,IAD,Washington Dulles,VA,top,2026-10-22,2026-10-22,Thu,2026-10-25,ok,571,571,0,Thu 19:47→22:52,3,
2026-10-08T02:57Z,2026-10-07 21:57,IAD,Washington Dulles,VA,top,2026-10-22,2026-10-23,Fri,2026-10-25,ok,874,,1,Fri 06:00→11:25,4,
2026-10-08T02:57Z,2026-10-07 21:57,IAD,Washington Dulles,VA,top,2026-10-29,2026-10-29,Thu,2026-11-01,ok,347,347,0,Thu 21:41→00:30,3,
2026-10-08T02:57Z,2026-10-07 21:57,IAD,Washington Dulles,VA,top,2026-10-29,2026-10-30,Fri,2026-11-01,ok,772,,1,Fri 06:50→11:49,3,
2026-10-08T02:57Z,2026-10-07 21:57,IAD,Washington Dulles,VA,top,2026-11-05,2026-11-05,Thu,2026-11-08,ok,347,347,0,Thu 21:41→00:30,3,
2026-10-08T02:57Z,2026-10-07 21:57,IAD,Washington Dulles,VA,top,2026-11-05,2026-11-06,Fri,2026-11-08,ok,732,,1,Fri 06:59→11:40,3,
2026-10-08T02:57Z,2026-10-07 21:57,IAD,Washington Dulles,VA,top,2026-11-12,2026-11-12,Thu,2026-11-15,ok,347,347,0,Thu 18:07→21:10,3,
2026-10-08T02:57Z,2026-10-07 21:57,IAD,Washington Dulles,VA,top,2026-11-12,2026-11-13,Fri,2026-11-15,ok,757,,1,Fri 06:50→11:49,3,
2026-10-08T02:57Z,2026-10-07 21:57,IAD,Washington Dulles,VA,top,2026-11-19,2026-11-19,Thu,2026-11-22,ok,383,415,1,Thu 19:50→11:45,3,
2026-10-08T02:57Z,2026-10-07 21:57,IAD,Washington Dulles,VA,top,2026-11-19,2026-11-20,Fri,2026-11-22,ok,689,,1,Fri 06:59→11:40,3,
2026-10-08T02:57Z,2026-10-07 21:57,IAD,Washington Dulles,VA,top,2026-11-26,2026-11-26,Thu,2026-11-29,error,,,,,0,'NoneType' object is not subscriptable
2026-10-08T02:57Z,2026-10-07 21:57,IAD,Washington Dulles,VA,top,2026-11-26,2026-11-27,Fri,2026-11-29,ok,772,,1,Fri 15:45→21:22,4,
2026-10-08T02:57Z,2026-10-07 21:57,IAD,Washington Dulles,VA,top,2026-12-03,2026-12-03,Thu,2026-12-06,ok,347,347,0,Thu 21:35→00:24,2,
2026-10-08T02:57Z,2026-10-07 21:57,IAD,Washington Dulles,VA,top,2026-12-03,2026-12-04,Fri,2026-12-06,ok,377,377,0,Fri 10:35→13:38,4,
2026-10-08T02:57Z,2026-10-07 21:57,IAD,Washington Dulles,VA,top,2026-12-10,2026-12-10,Thu,2026-12-13,ok,347,347,0,Thu 21:35→00:24,3,
2026-10-08T02:57Z,2026-10-07 21:57,IAD,Washington Dulles,VA,top,2026-12-10,2026-12-11,Fri,2026-12-13,ok,377,377,0,Fri 10:35→13:38,4,
2026-10-08T02:57Z,2026-10-07 21:57,BOS,Boston,MA,top,2026-10-08,2026-10-08,Thu,2026-10-11,ok,683,683,0,Thu 18:24→21:59,4,
2026-10-08T02:57Z,2026-10-07 21:57,BOS,Boston,MA,top,2026-10-08,2026-10-09,Fri,2026-10-11,ok,806,806,0,Fri 09:05→12:48,3,
2026-10-08T02:57Z,2026-10-07 21:57,BOS,Boston,MA,top,2026-10-15,2026-10-15,Thu,2026-10-18,ok,683,683,0,Thu 18:24→21:59,3,
2026-10-08T02:57Z,2026-10-07 21:57,BOS,Boston,MA,top,2026-10-15,2026-10-16,Fri,2026-10-18,ok,683,683,0,Fri 10:25→14:07,5,
2026-10-08T02:57Z,2026-10-07 21:57,BOS,Boston,MA,top,2026-10-22,2026-10-22,Thu,2026-10-25,ok,446,446,0,Thu 19:50→23:24,4,
2026-10-08T02:57Z,2026-10-07 21:57,BOS,Boston,MA,top,2026-10-22,2026-10-23,Fri,2026-10-25,ok,442,543,1,Fri 17:07→22:45,5,
2026-10-08T02:57Z,2026-10-07 21:57,BOS,Boston,MA,top,2026-10-29,2026-10-29,Thu,2026-11-01,ok,358,358,0,Thu 21:20→00:46,4,
2026-10-08T02:57Z,2026-10-07 21:57,BOS,Boston,MA,top,2026-10-29,2026-10-30,Fri,2026-11-01,ok,396,431,1,Fri 16:00→23:59,4,
2026-10-08T02:57Z,2026-10-07 21:57,BOS,Boston,MA,top,2026-11-05,2026-11-05,Thu,2026-11-08,ok,358,358,0,Thu 20:07→23:35,4,
2026-10-08T02:57Z,2026-10-07 21:57,BOS,Boston,MA,top,2026-11-05,2026-11-06,Fri,2026-11-08,ok,386,386,0,Fri 13:59→17:24,6,
2026-10-08T02:57Z,2026-10-07 21:57,BOS,Boston,MA,top,2026-11-12,2026-11-12,Thu,2026-11-15,ok,358,358,0,Thu 20:07→23:35,4,
2026-10-08T02:57Z,2026-10-07 21:57,BOS,Boston,MA,top,2026-11-12,2026-11-13,Fri,2026-11-15,ok,386,386,0,Fri 12:46→16:11,5,
2026-10-08T02:57Z,2026-10-07 21:57,BOS,Boston,MA,top,2026-11-19,2026-11-19,Thu,2026-11-22,ok,415,415,0,Thu 21:20→00:46,4,
2026-10-08T02:57Z,2026-10-07 21:57,BOS,Boston,MA,top,2026-11-19,2026-11-20,Fri,2026-11-22,ok,415,415,0,Fri 12:46→16:11,5,
2026-10-08T02:57Z,2026-10-07 21:57,BOS,Boston,MA,top,2026-11-26,2026-11-26,Thu,2026-11-29,error,,,,,0,'NoneType' object is not subscriptable
2026-10-08T02:57Z,2026-10-07 21:57,BOS,Boston,MA,top,2026-11-26,2026-11-27,Fri,2026-11-29,ok,509,509,0,Fri 13:59→17:24,5,
2026-10-08T02:57Z,2026-10-07 21:57,BOS,Boston,MA,top,2026-12-03,2026-12-03,Thu,2026-12-06,ok,429,446,1,Thu 18:15→23:59,4,
2026-10-08T02:57Z,2026-10-07 21:57,BOS,Boston,MA,top,2026-12-03,2026-12-04,Fri,2026-12-06,ok,386,386,0,Fri 07:05→10:31,5,
2026-10-08T02:57Z,2026-10-07 21:57,BOS,Boston,MA,top,2026-12-10,2026-12-10,Thu,2026-12-13,ok,358,358,0,Thu 18:20→21:53,2,
2026-10-08T02:57Z,2026-10-07 21:57,BOS,Boston,MA,top,2026-12-10,2026-12-11,Fri,2026-12-13,ok,386,386,0,Fri 07:05→10:31,5,
2026-10-08T02:57Z,2026-10-07 21:57,PHX,Phoenix,AZ,top,2026-10-08,2026-10-08,Thu,2026-10-11,ok,709,709,0,Thu 20:30→22:24,3,
2026-10-08T02:57Z,2026-10-07 21:57,PHX,Phoenix,AZ,top,2026-10-08,2026-10-09,Fri,2026-10-11,ok,719,757,1,Fri 08:40→14:43,4,
2026-10-08T02:57Z,2026-10-07 21:57,PHX,Phoenix,AZ,top,2026-10-15,2026-10-15,Thu,2026-10-18,ok,709,709,0,Thu 20:30→22:24,1,
2026-10-08T02:57Z,2026-10-07 21:57,PHX,Phoenix,AZ,top,2026-10-15,2026-10-16,Fri,2026-10-18,ok,709,709,0,Fri 13:56→15:43,3,
2026-10-08T02:57Z,2026-10-07 21:57,PHX,Phoenix,AZ,top,2026-10-22,2026-10-22,Thu,2026-10-25,ok,709,709,0,Thu 20:30→22:24,1,
2026-10-08T02:57Z,2026-10-07 21:57,PHX,Phoenix,AZ,top,2026-10-22,2026-10-23,Fri,2026-10-25,ok,709,709,0,Fri 13:56→15:43,3,
2026-10-08T02:57Z,2026-10-07 21:57,PHX,Phoenix,AZ,top,2026-10-29,2026-10-29,Thu,2026-11-01,ok,482,482,0,Thu 21:30→23:31,1,
2026-10-08T02:57Z,2026-10-07 21:57,PHX,Phoenix,AZ,top,2026-10-29,2026-10-30,Fri,2026-11-01,ok,511,511,0,Fri 07:15→09:17,5,
2026-10-08T02:57Z,2026-10-07 21:57,PHX,Phoenix,AZ,top,2026-11-05,2026-11-05,Thu,2026-11-08,ok,515,515,0,Thu 20:37→23:40,1,
2026-10-08T02:57Z,2026-10-07 21:57,PHX,Phoenix,AZ,top,2026-11-05,2026-11-06,Fri,2026-11-08,ok,495,495,0,Fri 12:55→15:57,6,
2026-10-08T02:57Z,2026-10-07 21:57,PHX,Phoenix,AZ,top,2026-11-12,2026-11-12,Thu,2026-11-15,ok,481,481,0,Thu 20:37→23:40,1,
2026-10-08T02:57Z,2026-10-07 21:57,PHX,Phoenix,AZ,top,2026-11-12,2026-11-13,Fri,2026-11-15,ok,510,510,0,Fri 07:15→10:17,5,
2026-10-08T02:57Z,2026-10-07 21:57,PHX,Phoenix,AZ,top,2026-11-19,2026-11-19,Thu,2026-11-22,ok,453,453,0,Thu 20:37→23:40,1,
2026-10-08T02:57Z,2026-10-07 21:57,PHX,Phoenix,AZ,top,2026-11-19,2026-11-20,Fri,2026-11-22,ok,459,484,1,Fri 14:00→21:25,6,
2026-10-08T02:57Z,2026-10-07 21:57,PHX,Phoenix,AZ,top,2026-11-26,2026-11-26,Thu,2026-11-29,error,,,,,0,'NoneType' object is not subscriptable
2026-10-08T02:57Z,2026-10-07 21:57,PHX,Phoenix,AZ,top,2026-11-26,2026-11-27,Fri,2026-11-29,ok,556,556,0,Fri 07:15→10:17,6,
2026-10-08T02:57Z,2026-10-07 21:57,PHX,Phoenix,AZ,top,2026-12-03,2026-12-03,Thu,2026-12-06,ok,397,397,0,Thu 20:30→23:34,1,
2026-10-08T02:57Z,2026-10-07 21:57,PHX,Phoenix,AZ,top,2026-12-03,2026-12-04,Fri,2026-12-06,ok,426,426,0,Fri 12:55→15:57,4,
2026-10-08T02:57Z,2026-10-07 21:57,PHX,Phoenix,AZ,top,2026-12-10,2026-12-10,Thu,2026-12-13,ok,472,472,0,Thu 20:30→23:34,1,
2026-10-08T02:57Z,2026-10-07 21:57,PHX,Phoenix,AZ,top,2026-12-10,2026-12-11,Fri,2026-12-13,ok,426,426,0,Fri 07:15→10:18,5,
2026-10-08T02:57Z,2026-10-07 21:57,ATL,Atlanta,GA,top,2026-10-08,2026-10-08,Thu,2026-10-11,ok,703,703,0,Thu 18:03→21:14,2,
2026-10-08T02:57Z,2026-10-07 21:57,ATL,Atlanta,GA,top,2026-10-08,2026-10-09,Fri,2026-10-11,ok,601,601,0,Fri 07:00→10:12,2,
2026-10-08T02:57Z,2026-10-07 21:57,ATL,Atlanta,GA,top,2026-10-15,2026-10-15,Thu,2026-10-18,ok,611,742,1,Thu 18:06→00:23,3,
2026-10-08T02:57Z,2026-10-07 21:57,ATL,Atlanta,GA,top,2026-10-15,2026-10-16,Fri,2026-10-18,ok,611,1095,1,Fri 10:55→19:06,6,
2026-10-08T02:57Z,2026-10-07 21:57,ATL,Atlanta,GA,top,2026-10-22,2026-10-22,Thu,2026-10-25,ok,601,601,0,Thu 18:03→21:14,1,
2026-10-08T02:57Z,2026-10-07 21:57,ATL,Atlanta,GA,top,2026-10-22,2026-10-23,Fri,2026-10-25,ok,601,601,0,Fri 07:00→10:12,4,
2026-10-08T02:57Z,2026-10-07 21:57,ATL,Atlanta,GA,top,2026-10-29,2026-10-29,Thu,2026-11-01,ok,353,353,0,Thu 20:03→23:15,2,
2026-10-08T02:57Z,2026-10-07 21:57,ATL,Atlanta,GA,top,2026-10-29,2026-10-30,Fri,2026-11-01,ok,353,353,0,Fri 06:59→10:09,4,
2026-10-08T02:57Z,2026-10-07 21:57,ATL,Atlanta,GA,top,2026-11-05,2026-11-05,Thu,2026-11-08,ok,306,306,0,Thu 20:03→23:15,2,
2026-10-08T02:57Z,2026-10-07 21:57,ATL,Atlanta,GA,top,2026-11-05,2026-11-06,Fri,2026-11-08,ok,383,383,0,Fri 07:05→10:15,4,
2026-10-08T02:57Z,2026-10-07 21:57,ATL,Atlanta,GA,top,2026-11-12,2026-11-12,Thu,2026-11-15,ok,306,306,0,Thu 20:03→23:15,2,
2026-10-08T02:57Z,2026-10-07 21:57,ATL,Atlanta,GA,top,2026-11-12,2026-11-13,Fri,2026-11-15,ok,306,306,0,Fri 07:05→10:15,4,
2026-10-08T02:57Z,2026-10-07 21:57,ATL,Atlanta,GA,top,2026-11-19,2026-11-19,Thu,2026-11-22,ok,395,395,0,Thu 18:15→21:27,2,
2026-10-08T02:57Z,2026-10-07 21:57,ATL,Atlanta,GA,top,2026-11-19,2026-11-20,Fri,2026-11-22,ok,395,395,0,Fri 07:05→10:15,4,
2026-10-08T02:57Z,2026-10-07 21:57,ATL,Atlanta,GA,top,2026-11-26,2026-11-26,Thu,2026-11-29,error,,,,,0,'NoneType' object is not subscriptable
2026-10-08T02:57Z,2026-10-07 21:57,ATL,Atlanta,GA,top,2026-11-26,2026-11-27,Fri,2026-11-29,ok,426,426,0,Fri 09:00→12:09,4,
2026-10-08T02:57Z,2026-10-07 21:57,ATL,Atlanta,GA,top,2026-12-03,2026-12-03,Thu,2026-12-06,ok,449,449,0,Thu 18:08→21:22,1,
2026-10-08T02:57Z,2026-10-07 21:57,ATL,Atlanta,GA,top,2026-12-03,2026-12-04,Fri,2026-12-06,ok,306,306,0,Fri 06:25→09:29,4,
2026-10-08T02:57Z,2026-10-07 21:57,ATL,Atlanta,GA,top,2026-12-10,2026-12-10,Thu,2026-12-13,ok,433,433,0,Thu 18:08→21:22,1,
2026-10-08T02:57Z,2026-10-07 21:57,ATL,Atlanta,GA,top,2026-12-10,2026-12-11,Fri,2026-12-13,ok,306,306,0,Fri 06:25→09:29,4,
2026-10-08T02:57Z,2026-10-07 21:57,TPA,Tampa,FL,top,2026-10-08,2026-10-08,Thu,2026-10-11,ok,944,,1,Thu 21:52→15:16,2,
2026-10-08T02:57Z,2026-10-07 21:57,TPA,Tampa,FL,top,2026-10-08,2026-10-09,Fri,2026-10-11,ok,581,581,0,Fri 16:45→20:41,4,
2026-10-08T02:57Z,2026-10-07 21:57,TPA,Tampa,FL,top,2026-10-15,2026-10-15,Thu,2026-10-18,ok,908,,1,Thu 21:35→10:12,2,
2026-10-08T02:57Z,2026-10-07 21:57,TPA,Tampa,FL,top,2026-10-15,2026-10-16,Fri,2026-10-18,ok,581,581,0,Fri 12:59→16:47,6,
2026-10-08T02:57Z,2026-10-07 21:57,TPA,Tampa,FL,top,2026-10-22,2026-10-22,Thu,2026-10-25,ok,892,,1,Thu 21:35→10:12,2,
2026-10-08T02:57Z,2026-10-07 21:57,TPA,Tampa,FL,top,2026-10-22,2026-10-23,Fri,2026-10-25,ok,615,615,0,Fri 13:55→17:43,5,
2026-10-08T02:57Z,2026-10-07 21:57,TPA,Tampa,FL,top,2026-10-29,2026-10-29,Thu,2026-11-01,ok,432,432,0,Thu 20:03→23:59,3,
2026-10-08T02:57Z,2026-10-07 21:57,TPA,Tampa,FL,top,2026-10-29,2026-10-30,Fri,2026-11-01,ok,457,457,0,Fri 07:15→11:10,5,
2026-10-08T02:57Z,2026-10-07 21:57,TPA,Tampa,FL,top,2026-11-05,2026-11-05,Thu,2026-11-08,ok,445,445,0,Thu 20:05→23:59,2,
2026-10-08T02:57Z,2026-10-07 21:57,TPA,Tampa,FL,top,2026-11-05,2026-11-06,Fri,2026-11-08,ok,414,414,0,Fri 17:45→21:43,2,
2026-10-08T02:57Z,2026-10-07 21:57,TPA,Tampa,FL,top,2026-11-12,2026-11-12,Thu,2026-11-15,ok,416,416,0,Thu 20:05→23:59,2,
2026-10-08T02:57Z,2026-10-07 21:57,TPA,Tampa,FL,top,2026-11-12,2026-11-13,Fri,2026-11-15,ok,381,381,0,Fri 07:15→11:10,5,
2026-10-08T02:57Z,2026-10-07 21:57,TPA,Tampa,FL,top,2026-11-19,2026-11-19,Thu,2026-11-22,ok,532,532,0,Thu 20:05→23:59,2,
2026-10-08T02:57Z,2026-10-07 21:57,TPA,Tampa,FL,top,2026-11-19,2026-11-20,Fri,2026-11-22,ok,482,573,1,Fri 06:59→15:41,4,
2026-10-08T02:57Z,2026-10-07 21:57,TPA,Tampa,FL,top,2026-11-26,2026-11-26,Thu,2026-11-29,error,,,,,0,'NoneType' object is not subscriptable
2026-10-08T02:57Z,2026-10-07 21:57,TPA,Tampa,FL,top,2026-11-26,2026-11-27,Fri,2026-11-29,ok,605,605,0,Fri 08:54→12:52,4,
2026-10-08T02:57Z,2026-10-07 21:57,TPA,Tampa,FL,top,2026-12-03,2026-12-03,Thu,2026-12-06,ok,577,,1,Thu 21:34→09:22,3,
2026-10-08T02:57Z,2026-10-07 21:57,TPA,Tampa,FL,top,2026-12-03,2026-12-04,Fri,2026-12-06,ok,381,381,0,Fri 13:55→17:46,3,
2026-10-08T02:57Z,2026-10-07 21:57,TPA,Tampa,FL,top,2026-12-10,2026-12-10,Thu,2026-12-13,ok,607,,1,Thu 21:35→10:34,2,
2026-10-08T02:57Z,2026-10-07 21:57,TPA,Tampa,FL,top,2026-12-10,2026-12-11,Fri,2026-12-13,ok,381,381,0,Fri 13:55→17:46,6,
2026-10-08T02:57Z,2026-10-07 21:57,PDX,Portland,OR,top,2026-10-08,2026-10-08,Thu,2026-10-11,ok,647,647,0,Thu 19:45→22:23,4,
2026-10-08T02:57Z,2026-10-07 21:57,PDX,Portland,OR,top,2026-10-08,2026-10-09,Fri,2026-10-11,ok,657,758,1,Fri 17:51→22:53,2,
2026-10-08T02:57Z,2026-10-07 21:57,PDX,Portland,OR,top,2026-10-15,2026-10-15,Thu,2026-10-18,ok,647,647,0,Thu 19:45→22:23,3,
2026-10-08T02:57Z,2026-10-07 21:57,PDX,Portland,OR,top,2026-10-15,2026-10-16,Fri,2026-10-18,ok,657,772,1,Fri 16:40→22:57,3,
2026-10-08T02:57Z,2026-10-07 21:57,PDX,Portland,OR,top,2026-10-22,2026-10-22,Thu,2026-10-25,ok,647,647,0,Thu 19:45→22:23,2,
2026-10-08T02:57Z,2026-10-07 21:57,PDX,Portland,OR,top,2026-10-22,2026-10-23,Fri,2026-10-25,ok,647,647,0,Fri 07:00→09:31,5,
2026-10-08T02:57Z,2026-10-07 21:57,PDX,Portland,OR,top,2026-10-29,2026-10-29,Thu,2026-11-01,ok,493,493,0,Thu 19:45→22:27,2,
2026-10-08T02:57Z,2026-10-07 21:57,PDX,Portland,OR,top,2026-10-29,2026-10-30,Fri,2026-11-01,ok,526,,1,Fri 13:30→18:09,3,
2026-10-08T02:57Z,2026-10-07 21:57,PDX,Portland,OR,top,2026-11-05,2026-11-05,Thu,2026-11-08,ok,463,463,0,Thu 19:45→22:27,2,
2026-10-08T02:57Z,2026-10-07 21:57,PDX,Portland,OR,top,2026-11-05,2026-11-06,Fri,2026-11-08,error,,,,,0,no flights found; received error
2026-10-08T02:57Z,2026-10-07 21:57,PDX,Portland,OR,top,2026-11-12,2026-11-12,Thu,2026-11-15,ok,463,463,0,Thu 19:45→22:27,2,
2026-10-08T02:57Z,2026-10-07 21:57,PDX,Portland,OR,top,2026-11-12,2026-11-13,Fri,2026-11-15,ok,496,,1,Fri 13:30→18:09,3,
2026-10-08T02:57Z,2026-10-07 21:57,PDX,Portland,OR,top,2026-11-19,2026-11-19,Thu,2026-11-22,ok,542,542,0,Thu 19:45→22:27,2,
2026-10-08T02:57Z,2026-10-07 21:57,PDX,Portland,OR,top,2026-11-19,2026-11-20,Fri,2026-11-22,error,,,,,0,no flights found; received error
2026-10-08T02:57Z,2026-10-07 21:57,PDX,Portland,OR,top,2026-11-26,2026-11-26,Thu,2026-11-29,error,,,,,0,'NoneType' object is not subscriptable
2026-10-08T02:57Z,2026-10-07 21:57,PDX,Portland,OR,top,2026-11-26,2026-11-27,Fri,2026-11-29,ok,851,,1,Fri 16:35→00:54,4,
2026-10-08T02:57Z,2026-10-07 21:57,PDX,Portland,OR,top,2026-12-03,2026-12-03,Thu,2026-12-06,error,,,,,0,no flights found; received error
2026-10-08T02:57Z,2026-10-07 21:57,PDX,Portland,OR,top,2026-12-03,2026-12-04,Fri,2026-12-06,error,,,,,0,no flights found; received error
2026-10-08T02:57Z,2026-10-07 21:57,PDX,Portland,OR,top,2026-12-10,2026-12-10,Thu,2026-12-13,ok,603,,1,Thu 21:30→09:36,2,
2026-10-08T02:57Z,2026-10-07 21:57,PDX,Portland,OR,top,2026-12-10,2026-12-11,Fri,2026-12-13,error,,,,,0,no flights found; received error
2026-10-08T02:57Z,2026-10-07 21:57,RDU,Raleigh-Durham,NC,top,2026-10-08,2026-10-08,Thu,2026-10-11,ok,667,667,0,Thu 18:25→21:46,2,
2026-10-08T02:57Z,2026-10-07 21:57,RDU,Raleigh-Durham,NC,top,2026-10-08,2026-10-09,Fri,2026-10-11,ok,667,667,0,Fri 15:35→18:48,2,
2026-10-08T02:57Z,2026-10-07 21:57,RDU,Raleigh-Durham,NC,top,2026-10-15,2026-10-15,Thu,2026-10-18,ok,650,650,0,Thu 18:25→21:46,3,
2026-10-08T02:57Z,2026-10-07 21:57,RDU,Raleigh-Durham,NC,top,2026-10-15,2026-10-16,Fri,2026-10-18,ok,650,650,0,Fri 07:25→10:48,5,
2026-10-08T02:57Z,2026-10-07 21:57,RDU,Raleigh-Durham,NC,top,2026-10-22,2026-10-22,Thu,2026-10-25,ok,639,639,0,Thu 18:25→21:46,3,
2026-10-08T02:57Z,2026-10-07 21:57,RDU,Raleigh-Durham,NC,top,2026-10-22,2026-10-23,Fri,2026-10-25,ok,639,639,0,Fri 07:25→10:48,5,
2026-10-08T02:57Z,2026-10-07 21:57,RDU,Raleigh-Durham,NC,top,2026-10-29,2026-10-29,Thu,2026-11-01,error,,,,,0,no flights found; received error
2026-10-08T02:57Z,2026-10-07 21:57,RDU,Raleigh-Durham,NC,top,2026-10-29,2026-10-30,Fri,2026-11-01,ok,486,486,0,Fri 07:30→10:44,5,
2026-10-08T02:57Z,2026-10-07 21:57,RDU,Raleigh-Durham,NC,top,2026-11-05,2026-11-05,Thu,2026-11-08,ok,495,495,0,Thu 18:25→21:39,3,
2026-10-08T02:57Z,2026-10-07 21:57,RDU,Raleigh-Durham,NC,top,2026-11-05,2026-11-06,Fri,2026-11-08,ok,443,443,0,Fri 07:30→10:44,5,
2026-10-08T02:57Z,2026-10-07 21:57,RDU,Raleigh-Durham,NC,top,2026-11-12,2026-11-12,Thu,2026-11-15,ok,425,475,1,Thu 18:07→23:44,4,
2026-10-08T02:57Z,2026-10-07 21:57,RDU,Raleigh-Durham,NC,top,2026-11-12,2026-11-13,Fri,2026-11-15,ok,443,443,0,Fri 07:30→10:44,4,
2026-10-08T02:57Z,2026-10-07 21:57,RDU,Raleigh-Durham,NC,top,2026-11-19,2026-11-19,Thu,2026-11-22,ok,431,431,0,Thu 18:25→21:39,3,
2026-10-08T02:57Z,2026-10-07 21:57,RDU,Raleigh-Durham,NC,top,2026-11-19,2026-11-20,Fri,2026-11-22,ok,431,431,0,Fri 07:30→10:44,5,
2026-10-08T02:57Z,2026-10-07 21:57,RDU,Raleigh-Durham,NC,top,2026-11-26,2026-11-26,Thu,2026-11-29,error,,,,,0,'NoneType' object is not subscriptable
2026-10-08T02:57Z,2026-10-07 21:57,RDU,Raleigh-Durham,NC,top,2026-11-26,2026-11-27,Fri,2026-11-29,ok,535,535,0,Fri 07:30→10:44,6,
2026-10-08T02:57Z,2026-10-07 21:57,RDU,Raleigh-Durham,NC,top,2026-12-03,2026-12-03,Thu,2026-12-06,ok,475,475,0,Thu 18:25→21:39,3,
2026-10-08T02:57Z,2026-10-07 21:57,RDU,Raleigh-Durham,NC,top,2026-12-03,2026-12-04,Fri,2026-12-06,ok,443,443,0,Fri 07:35→10:49,4,
2026-10-08T02:57Z,2026-10-07 21:57,RDU,Raleigh-Durham,NC,top,2026-12-10,2026-12-10,Thu,2026-12-13,ok,409,409,0,Thu 18:25→21:39,3,
2026-10-08T02:57Z,2026-10-07 21:57,RDU,Raleigh-Durham,NC,top,2026-12-10,2026-12-11,Fri,2026-12-13,ok,443,443,0,Fri 07:35→10:49,4,
2026-10-08T02:57Z,2026-10-07 21:57,CMH,Columbus,OH,top,2026-10-08,2026-10-08,Thu,2026-10-11,ok,664,664,0,Thu 21:25→23:54,3,
2026-10-08T02:57Z,2026-10-07 21:57,CMH,Columbus,OH,top,2026-10-08,2026-10-09,Fri,2026-10-11,ok,760,760,0,Fri 14:30→17:05,6,
2026-10-08T02:57Z,2026-10-07 21:57,CMH,Columbus,OH,top,2026-10-15,2026-10-15,Thu,2026-10-18,ok,649,649,0,Thu 19:50→22:28,3,
2026-10-08T02:57Z,2026-10-07 21:57,CMH,Columbus,OH,top,2026-10-15,2026-10-16,Fri,2026-10-18,ok,659,680,1,Fri 16:00→23:59,5,
2026-10-08T02:57Z,2026-10-07 21:57,CMH,Columbus,OH,top,2026-10-22,2026-10-22,Thu,2026-10-25,ok,579,579,0,Thu 19:50→22:28,3,
2026-10-08T02:57Z,2026-10-07 21:57,CMH,Columbus,OH,top,2026-10-22,2026-10-23,Fri,2026-10-25,ok,579,579,0,Fri 12:53→15:27,4,
2026-10-08T02:57Z,2026-10-07 21:57,CMH,Columbus,OH,top,2026-10-29,2026-10-29,Thu,2026-11-01,ok,404,404,0,Thu 19:55→22:27,2,
2026-10-08T02:57Z,2026-10-07 21:57,CMH,Columbus,OH,top,2026-10-29,2026-10-30,Fri,2026-11-01,ok,436,436,0,Fri 07:29→10:00,6,
2026-10-08T02:57Z,2026-10-07 21:57,CMH,Columbus,OH,top,2026-11-05,2026-11-05,Thu,2026-11-08,ok,414,414,0,Thu 18:00→20:33,3,
2026-10-08T02:57Z,2026-10-07 21:57,CMH,Columbus,OH,top,2026-11-05,2026-11-06,Fri,2026-11-08,ok,484,484,0,Fri 12:29→15:04,5,
2026-10-08T02:57Z,2026-10-07 21:57,CMH,Columbus,OH,top,2026-11-12,2026-11-12,Thu,2026-11-15,ok,393,393,0,Thu 18:00→20:33,4,
2026-10-08T02:57Z,2026-10-07 21:57,CMH,Columbus,OH,top,2026-11-12,2026-11-13,Fri,2026-11-15,error,,,,,0,no flights found; received error
2026-10-08T02:57Z,2026-10-07 21:57,CMH,Columbus,OH,top,2026-11-19,2026-11-19,Thu,2026-11-22,ok,443,443,0,Thu 18:00→20:33,3,
2026-10-08T02:57Z,2026-10-07 21:57,CMH,Columbus,OH,top,2026-11-19,2026-11-20,Fri,2026-11-22,ok,443,443,0,Fri 07:29→10:00,6,
2026-10-08T02:57Z,2026-10-07 21:57,CMH,Columbus,OH,top,2026-11-26,2026-11-26,Thu,2026-11-29,error,,,,,0,'NoneType' object is not subscriptable
2026-10-08T02:57Z,2026-10-07 21:57,CMH,Columbus,OH,top,2026-11-26,2026-11-27,Fri,2026-11-29,ok,655,655,0,Fri 10:38→13:10,4,
2026-10-08T02:57Z,2026-10-07 21:57,CMH,Columbus,OH,top,2026-12-03,2026-12-03,Thu,2026-12-06,ok,393,393,0,Thu 18:05→20:38,3,
2026-10-08T02:57Z,2026-10-07 21:57,CMH,Columbus,OH,top,2026-12-03,2026-12-04,Fri,2026-12-06,ok,425,425,0,Fri 12:29→15:02,3,
2026-10-08T02:57Z,2026-10-07 21:57,CMH,Columbus,OH,top,2026-12-10,2026-12-10,Thu,2026-12-13,ok,393,393,0,Thu 18:05→20:38,3,
2026-10-08T02:57Z,2026-10-07 21:57,CMH,Columbus,OH,top,2026-12-10,2026-12-11,Fri,2026-12-13,ok,425,425,0,Fri 12:29→15:02,3,
2026-10-08T02:57Z,2026-10-07 21:57,SAT,San Antonio,TX,top,2026-10-08,2026-10-08,Thu,2026-10-11,ok,721,721,0,Thu 19:50→22:50,2,
2026-10-08T02:57Z,2026-10-07 21:57,SAT,San Antonio,TX,top,2026-10-08,2026-10-09,Fri,2026-10-11,ok,731,,1,Fri 05:30→10:43,4,
2026-10-08T02:57Z,2026-10-07 21:57,SAT,San Antonio,TX,top,2026-10-15,2026-10-15,Thu,2026-10-18,ok,721,721,0,Thu 19:50→22:50,2,
2026-10-08T02:57Z,2026-10-07 21:57,SAT,San Antonio,TX,top,2026-10-15,2026-10-16,Fri,2026-10-18,ok,731,,1,Fri 05:30→10:43,4,
2026-10-08T02:57Z,2026-10-07 21:57,SAT,San Antonio,TX,top,2026-10-22,2026-10-22,Thu,2026-10-25,ok,713,713,0,Thu 19:50→22:50,3,
2026-10-08T02:57Z,2026-10-07 21:57,SAT,San Antonio,TX,top,2026-10-22,2026-10-23,Fri,2026-10-25,ok,723,,1,Fri 06:25→13:24,5,
2026-10-08T02:57Z,2026-10-07 21:57,SAT,San Antonio,TX,top,2026-10-29,2026-10-29,Thu,2026-11-01,ok,524,524,0,Thu 20:27→23:35,2,
2026-10-08T02:57Z,2026-10-07 21:57,SAT,San Antonio,TX,top,2026-10-29,2026-10-30,Fri,2026-11-01,ok,573,,1,Fri 14:30→20:53,3,
2026-10-08T02:57Z,2026-10-07 21:57,SAT,San Antonio,TX,top,2026-11-05,2026-11-05,Thu,2026-11-08,ok,487,487,0,Thu 20:30→23:37,2,
2026-10-08T02:57Z,2026-10-07 21:57,SAT,San Antonio,TX,top,2026-11-05,2026-11-06,Fri,2026-11-08,ok,536,585,1,Fri 07:00→12:46,9,
2026-10-08T02:57Z,2026-10-07 21:57,SAT,San Antonio,TX,top,2026-11-12,2026-11-12,Thu,2026-11-15,ok,487,487,0,Thu 20:30→23:37,2,
2026-10-08T02:57Z,2026-10-07 21:57,SAT,San Antonio,TX,top,2026-11-12,2026-11-13,Fri,2026-11-15,ok,536,,1,Fri 14:30→20:53,3,
2026-10-08T02:57Z,2026-10-07 21:57,SAT,San Antonio,TX,top,2026-11-19,2026-11-19,Thu,2026-11-22,ok,500,500,0,Thu 20:30→23:37,2,
2026-10-08T02:57Z,2026-10-07 21:57,SAT,San Antonio,TX,top,2026-11-19,2026-11-20,Fri,2026-11-22,ok,557,577,1,Fri 09:21→15:38,6,
2026-10-08T02:57Z,2026-10-07 21:57,SAT,San Antonio,TX,top,2026-11-26,2026-11-26,Thu,2026-11-29,error,,,,,0,no flights found; received error
2026-10-08T02:57Z,2026-10-07 21:57,SAT,San Antonio,TX,top,2026-11-26,2026-11-27,Fri,2026-11-29,ok,682,682,0,Fri 13:30→16:49,4,
2026-10-08T02:57Z,2026-10-07 21:57,SAT,San Antonio,TX,top,2026-12-03,2026-12-03,Thu,2026-12-06,ok,487,487,0,Thu 19:45→22:52,2,
2026-10-08T02:57Z,2026-10-07 21:57,SAT,San Antonio,TX,top,2026-12-03,2026-12-04,Fri,2026-12-06,ok,536,,1,Fri 10:30→15:48,5,
2026-10-08T02:57Z,2026-10-07 21:57,SAT,San Antonio,TX,top,2026-12-10,2026-12-10,Thu,2026-12-13,ok,487,487,0,Thu 19:45→22:52,2,
2026-10-08T02:57Z,2026-10-07 21:57,SAT,San Antonio,TX,top,2026-12-10,2026-12-11,Fri,2026-12-13,ok,536,,1,Fri 10:30→15:48,3,
2026-10-08T02:57Z,2026-10-07 21:57,OGG,Maui,HI,top,2026-10-08,2026-10-08,Thu,2026-10-11,ok,991,,2,Thu 22:00→10:48,4,
2026-10-08T02:57Z,2026-10-07 21:57,OGG,Maui,HI,top,2026-10-08,2026-10-09,Fri,2026-10-11,ok,970,,1,Fri 10:39→19:10,2,
2026-10-08T02:57Z,2026-10-07 21:57,OGG,Maui,HI,top,2026-10-15,2026-10-15,Thu,2026-10-18,ok,990,,1,Thu 21:40→10:48,1,
2026-10-08T02:57Z,2026-10-07 21:57,OGG,Maui,HI,top,2026-10-15,2026-10-16,Fri,2026-10-18,ok,970,,1,Fri 08:40→16:35,3,
2026-10-08T02:57Z,2026-10-07 21:57,OGG,Maui,HI,top,2026-10-22,2026-10-22,Thu,2026-10-25,ok,940,,1,Thu 21:40→10:48,3,
2026-10-08T02:57Z,2026-10-07 21:57,OGG,Maui,HI,top,2026-10-22,2026-10-23,Fri,2026-10-25,ok,920,,1,Fri 07:00→15:05,3,
2026-10-08T02:57Z,2026-10-07 21:57,OGG,Maui,HI,top,2026-10-29,2026-10-29,Thu,2026-11-01,ok,815,,2,Thu 20:02→12:00,3,
2026-10-08T02:57Z,2026-10-07 21:57,OGG,Maui,HI,top,2026-10-29,2026-10-30,Fri,2026-11-01,ok,814,,2,Fri 12:40→12:02,4,
2026-10-08T02:57Z,2026-10-07 21:57,OGG,Maui,HI,top,2026-11-05,2026-11-05,Thu,2026-11-08,ok,818,,1,Thu 21:57→20:22,2,
2026-10-08T02:57Z,2026-10-07 21:57,OGG,Maui,HI,top,2026-11-05,2026-11-06,Fri,2026-11-08,ok,849,,1,Fri 17:52→13:02,3,
2026-10-08T02:57Z,2026-10-07 21:57,OGG,Maui,HI,top,2026-11-12,2026-11-12,Thu,2026-11-15,ok,844,,2,Thu 21:47→11:47,3,
2026-10-08T02:57Z,2026-10-07 21:57,OGG,Maui,HI,top,2026-11-12,2026-11-13,Fri,2026-11-15,ok,862,,2,Fri 12:40→13:02,5,
2026-10-08T02:57Z,2026-10-07 21:57,OGG,Maui,HI,top,2026-11-19,2026-11-19,Thu,2026-11-22,ok,1204,,1,Thu 21:47→16:37,4,
2026-10-08T02:57Z,2026-10-07 21:57,OGG,Maui,HI,top,2026-11-19,2026-11-20,Fri,2026-11-22,ok,1120,,1,Fri 08:40→20:44,4,
2026-10-08T02:57Z,2026-10-07 21:57,OGG,Maui,HI,top,2026-11-26,2026-11-26,Thu,2026-11-29,error,,,,,0,'NoneType' object is not subscriptable
2026-10-08T02:57Z,2026-10-07 21:57,OGG,Maui,HI,top,2026-11-26,2026-11-27,Fri,2026-11-29,ok,1173,,1,Fri 15:00→22:45,2,
2026-10-08T02:57Z,2026-10-07 21:57,OGG,Maui,HI,top,2026-12-03,2026-12-03,Thu,2026-12-06,ok,817,,2,Thu 22:00→16:37,4,
2026-10-08T02:57Z,2026-10-07 21:57,OGG,Maui,HI,top,2026-12-03,2026-12-04,Fri,2026-12-06,ok,850,,1,Fri 16:29→13:00,4,
2026-10-08T02:57Z,2026-10-07 21:57,OGG,Maui,HI,top,2026-12-10,2026-12-10,Thu,2026-12-13,ok,815,,2,Thu 19:55→13:00,6,
2026-10-08T02:57Z,2026-10-07 21:57,OGG,Maui,HI,top,2026-12-10,2026-12-11,Fri,2026-12-13,ok,849,,1,Fri 16:30→13:00,2,
2026-10-08T02:57Z,2026-10-07 21:57,JAX,Jacksonville,FL,top,2026-10-08,2026-10-08,Thu,2026-10-11,ok,691,691,0,Thu 18:05→21:47,3,
2026-10-08T02:57Z,2026-10-07 21:57,JAX,Jacksonville,FL,top,2026-10-08,2026-10-09,Fri,2026-10-11,ok,701,,1,Fri 16:11→23:20,2,
2026-10-08T02:57Z,2026-10-07 21:57,JAX,Jacksonville,FL,top,2026-10-15,2026-10-15,Thu,2026-10-18,ok,691,691,0,Thu 18:05→21:47,4,
2026-10-08T02:57Z,2026-10-07 21:57,JAX,Jacksonville,FL,top,2026-10-15,2026-10-16,Fri,2026-10-18,ok,691,691,0,Fri 07:05→10:51,4,
2026-10-08T02:57Z,2026-10-07 21:57,JAX,Jacksonville,FL,top,2026-10-22,2026-10-22,Thu,2026-10-25,ok,663,663,0,Thu 18:05→21:47,4,
2026-10-08T02:57Z,2026-10-07 21:57,JAX,Jacksonville,FL,top,2026-10-22,2026-10-23,Fri,2026-10-25,ok,673,,1,Fri 16:11→23:20,2,
2026-10-08T02:57Z,2026-10-07 21:57,JAX,Jacksonville,FL,top,2026-10-29,2026-10-29,Thu,2026-11-01,ok,466,466,0,Thu 20:00→23:42,3,
2026-10-08T02:57Z,2026-10-07 21:57,JAX,Jacksonville,FL,top,2026-10-29,2026-10-30,Fri,2026-11-01,ok,477,477,0,Fri 07:45→11:26,3,
2026-10-08T02:57Z,2026-10-07 21:57,JAX,Jacksonville,FL,top,2026-11-05,2026-11-05,Thu,2026-11-08,ok,524,524,0,Thu 20:00→23:42,4,
2026-10-08T02:57Z,2026-10-07 21:57,JAX,Jacksonville,FL,top,2026-11-05,2026-11-06,Fri,2026-11-08,ok,587,,1,Fri 14:30→22:10,2,
2026-10-08T02:57Z,2026-10-07 21:57,JAX,Jacksonville,FL,top,2026-11-12,2026-11-12,Thu,2026-11-15,ok,456,456,0,Thu 20:00→23:42,2,
2026-10-08T02:57Z,2026-10-07 21:57,JAX,Jacksonville,FL,top,2026-11-12,2026-11-13,Fri,2026-11-15,ok,587,,1,Fri 16:07→23:15,2,
2026-10-08T02:57Z,2026-10-07 21:57,JAX,Jacksonville,FL,top,2026-11-19,2026-11-19,Thu,2026-11-22,ok,481,481,0,Thu 20:00→23:42,3,
2026-10-08T02:57Z,2026-10-07 21:57,JAX,Jacksonville,FL,top,2026-11-19,2026-11-20,Fri,2026-11-22,ok,481,481,0,Fri 10:44→14:20,4,
2026-10-08T02:57Z,2026-10-07 21:57,JAX,Jacksonville,FL,top,2026-11-26,2026-11-26,Thu,2026-11-29,error,,,,,0,'NoneType' object is not subscriptable
2026-10-08T02:57Z,2026-10-07 21:57,JAX,Jacksonville,FL,top,2026-11-26,2026-11-27,Fri,2026-11-29,ok,588,588,0,Fri 10:44→14:20,4,
2026-10-08T02:57Z,2026-10-07 21:57,JAX,Jacksonville,FL,top,2026-12-03,2026-12-03,Thu,2026-12-06,error,,,,,0,no flights found; received error
2026-10-08T02:57Z,2026-10-07 21:57,JAX,Jacksonville,FL,top,2026-12-03,2026-12-04,Fri,2026-12-06,ok,467,467,0,Fri 07:30→11:11,4,
2026-10-08T02:57Z,2026-10-07 21:57,JAX,Jacksonville,FL,top,2026-12-10,2026-12-10,Thu,2026-12-13,ok,653,,1,Thu 21:35→10:44,3,
2026-10-08T02:57Z,2026-10-07 21:57,JAX,Jacksonville,FL,top,2026-12-10,2026-12-11,Fri,2026-12-13,ok,467,467,0,Fri 14:25→17:58,4,
2026-10-08T02:57Z,2026-10-07 21:57,BZN,Bozeman,MT,top,2026-10-08,2026-10-08,Thu,2026-10-11,ok,886,,2,Thu 21:20→09:46,7,
2026-10-08T02:57Z,2026-10-07 21:57,BZN,Bozeman,MT,top,2026-10-08,2026-10-09,Fri,2026-10-11,ok,697,,1,Fri 08:40→15:14,4,
2026-10-08T02:57Z,2026-10-07 21:57,BZN,Bozeman,MT,top,2026-10-15,2026-10-15,Thu,2026-10-18,ok,1052,,2,Thu 21:25→09:46,4,
2026-10-08T02:57Z,2026-10-07 21:57,BZN,Bozeman,MT,top,2026-10-15,2026-10-16,Fri,2026-10-18,ok,769,,1,Fri 10:55→15:28,3,
2026-10-08T02:57Z,2026-10-07 21:57,BZN,Bozeman,MT,top,2026-10-22,2026-10-22,Thu,2026-10-25,ok,972,,1,Thu 21:35→10:25,4,
2026-10-08T02:57Z,2026-10-07 21:57,BZN,Bozeman,MT,top,2026-10-22,2026-10-23,Fri,2026-10-25,ok,916,,1,Fri 17:07→10:05,3,
2026-10-08T02:57Z,2026-10-07 21:57,BZN,Bozeman,MT,top,2026-10-29,2026-10-29,Thu,2026-11-01,ok,588,,1,Thu 21:47→09:52,3,
2026-10-08T02:57Z,2026-10-07 21:57,BZN,Bozeman,MT,top,2026-10-29,2026-10-30,Fri,2026-11-01,ok,574,,1,Fri 17:48→09:52,2,
2026-10-08T02:57Z,2026-10-07 21:57,BZN,Bozeman,MT,top,2026-11-05,2026-11-05,Thu,2026-11-08,ok,598,,1,Thu 21:47→09:52,2,
2026-10-08T02:57Z,2026-10-07 21:57,BZN,Bozeman,MT,top,2026-11-05,2026-11-06,Fri,2026-11-08,ok,469,,1,Fri 14:30→21:30,5,
2026-10-08T02:57Z,2026-10-07 21:57,BZN,Bozeman,MT,top,2026-11-12,2026-11-12,Thu,2026-11-15,ok,580,,2,Thu 21:36→13:30,3,
2026-10-08T02:57Z,2026-10-07 21:57,BZN,Bozeman,MT,top,2026-11-12,2026-11-13,Fri,2026-11-15,ok,574,,1,Fri 17:48→09:52,2,
2026-10-08T02:57Z,2026-10-07 21:57,BZN,Bozeman,MT,top,2026-11-19,2026-11-19,Thu,2026-11-22,ok,816,,1,Thu 21:47→09:52,2,
2026-10-08T02:57Z,2026-10-07 21:57,BZN,Bozeman,MT,top,2026-11-19,2026-11-20,Fri,2026-11-22,ok,716,,1,Fri 14:30→21:30,5,
2026-10-08T02:57Z,2026-10-07 21:57,BZN,Bozeman,MT,top,2026-11-26,2026-11-26,Thu,2026-11-29,error,,,,,0,'NoneType' object is not subscriptable
2026-10-08T02:57Z,2026-10-07 21:57,BZN,Bozeman,MT,top,2026-11-26,2026-11-27,Fri,2026-11-29,ok,975,,1,Fri 13:30→21:30,5,
2026-10-08T02:57Z,2026-10-07 21:57,BZN,Bozeman,MT,top,2026-12-03,2026-12-03,Thu,2026-12-06,ok,576,,2,Thu 21:43→13:27,3,
2026-10-08T02:57Z,2026-10-07 21:57,BZN,Bozeman,MT,top,2026-12-03,2026-12-04,Fri,2026-12-06,ok,449,449,0,Fri 08:59→11:33,4,
2026-10-08T02:57Z,2026-10-07 21:57,BZN,Bozeman,MT,top,2026-12-10,2026-12-10,Thu,2026-12-13,ok,598,,1,Thu 21:30→09:45,1,
2026-10-08T02:57Z,2026-10-07 21:57,BZN,Bozeman,MT,top,2026-12-10,2026-12-11,Fri,2026-12-13,ok,459,459,0,Fri 08:59→11:33,4,
2026-10-08T02:57Z,2026-10-07 21:57,BOI,Boise,ID,state,2026-10-08,2026-10-08,Thu,2026-10-11,ok,667,667,0,Thu 19:55→22:58,4,
2026-10-08T02:57Z,2026-10-07 21:57,BOI,Boise,ID,state,2026-10-08,2026-10-09,Fri,2026-10-11,ok,677,,1,Fri 05:00→09:34,5,
2026-10-08T02:57Z,2026-10-07 21:57,BOI,Boise,ID,state,2026-10-15,2026-10-15,Thu,2026-10-18,ok,723,723,0,Thu 19:55→22:58,2,
2026-10-08T02:57Z,2026-10-07 21:57,BOI,Boise,ID,state,2026-10-15,2026-10-16,Fri,2026-10-18,ok,659,,1,Fri 10:39→19:29,5,
2026-10-08T02:57Z,2026-10-07 21:57,BOI,Boise,ID,state,2026-10-22,2026-10-22,Thu,2026-10-25,ok,594,594,0,Thu 19:55→22:58,2,
2026-10-08T02:57Z,2026-10-07 21:57,BOI,Boise,ID,state,2026-10-22,2026-10-23,Fri,2026-10-25,ok,672,,1,Fri 10:39→19:29,4,
2026-10-08T02:57Z,2026-10-07 21:57,BOI,Boise,ID,state,2026-10-29,2026-10-29,Thu,2026-11-01,ok,575,587,1,Thu 21:47→09:52,3,
2026-10-08T02:57Z,2026-10-07 21:57,BOI,Boise,ID,state,2026-10-29,2026-10-30,Fri,2026-11-01,ok,489,,1,Fri 13:00→18:03,6,
2026-10-08T02:57Z,2026-10-07 21:57,BOI,Boise,ID,state,2026-11-05,2026-11-05,Thu,2026-11-08,ok,498,498,0,Thu 19:45→22:51,4,
2026-10-08T02:57Z,2026-10-07 21:57,BOI,Boise,ID,state,2026-11-05,2026-11-06,Fri,2026-11-08,ok,479,,1,Fri 14:30→21:15,6,
2026-10-08T02:57Z,2026-10-07 21:57,BOI,Boise,ID,state,2026-11-12,2026-11-12,Thu,2026-11-15,ok,538,538,0,Thu 19:45→22:51,3,
2026-10-08T02:57Z,2026-10-07 21:57,BOI,Boise,ID,state,2026-11-12,2026-11-13,Fri,2026-11-15,ok,489,,1,Fri 15:56→21:32,6,
2026-10-08T02:57Z,2026-10-07 21:57,BOI,Boise,ID,state,2026-11-19,2026-11-19,Thu,2026-11-22,ok,613,613,0,Thu 19:45→22:51,4,
2026-10-08T02:57Z,2026-10-07 21:57,BOI,Boise,ID,state,2026-11-19,2026-11-20,Fri,2026-11-22,ok,720,,1,Fri 17:48→09:56,4,
2026-10-08T02:57Z,2026-10-07 21:57,BOI,Boise,ID,state,2026-11-26,2026-11-26,Thu,2026-11-29,error,,,,,0,no flights found; received error
2026-10-08T02:57Z,2026-10-07 21:57,BOI,Boise,ID,state,2026-11-26,2026-11-27,Fri,2026-11-29,ok,1082,,1,Fri 13:30→21:32,3,
2026-10-08T02:57Z,2026-10-07 21:57,BOI,Boise,ID,state,2026-12-03,2026-12-03,Thu,2026-12-06,ok,575,587,1,Thu 21:30→09:59,2,
2026-10-08T02:57Z,2026-10-07 21:57,BOI,Boise,ID,state,2026-12-03,2026-12-04,Fri,2026-12-06,ok,535,,1,Fri 08:45→16:50,5,
2026-10-08T02:57Z,2026-10-07 21:57,BOI,Boise,ID,state,2026-12-10,2026-12-10,Thu,2026-12-13,ok,565,795,1,Thu 21:30→09:59,2,
2026-10-08T02:57Z,2026-10-07 21:57,BOI,Boise,ID,state,2026-12-10,2026-12-11,Fri,2026-12-13,ok,623,,1,Fri 12:29→21:52,4,
2026-10-08T02:57Z,2026-10-07 21:57,PWM,Portland,ME,state,2026-10-08,2026-10-08,Thu,2026-10-11,ok,763,763,0,Thu 18:10→21:46,4,
2026-10-08T02:57Z,2026-10-07 21:57,PWM,Portland,ME,state,2026-10-08,2026-10-09,Fri,2026-10-11,ok,627,,1,Fri 16:00→23:59,2,
2026-10-08T02:57Z,2026-10-07 21:57,PWM,Portland,ME,state,2026-10-15,2026-10-15,Thu,2026-10-18,ok,617,617,0,Thu 18:10→21:46,4,
2026-10-08T02:57Z,2026-10-07 21:57,PWM,Portland,ME,state,2026-10-15,2026-10-16,Fri,2026-10-18,error,,,,,0,no flights found; received error
2026-10-08T02:57Z,2026-10-07 21:57,PWM,Portland,ME,state,2026-10-22,2026-10-22,Thu,2026-10-25,ok,617,617,0,Thu 18:10→21:46,3,
2026-10-08T02:57Z,2026-10-07 21:57,PWM,Portland,ME,state,2026-10-22,2026-10-23,Fri,2026-10-25,ok,617,617,0,Fri 06:59→10:40,4,
2026-10-08T02:57Z,2026-10-07 21:57,PWM,Portland,ME,state,2026-10-29,2026-10-29,Thu,2026-11-01,ok,471,471,0,Thu 18:18→21:51,2,
2026-10-08T02:57Z,2026-10-07 21:57,PWM,Portland,ME,state,2026-10-29,2026-10-30,Fri,2026-11-01,ok,514,,1,Fri 17:30→23:21,5,
2026-10-08T02:57Z,2026-10-07 21:57,PWM,Portland,ME,state,2026-11-05,2026-11-05,Thu,2026-11-08,ok,471,471,0,Thu 18:18→21:51,4,
2026-10-08T02:57Z,2026-10-07 21:57,PWM,Portland,ME,state,2026-11-05,2026-11-06,Fri,2026-11-08,ok,481,,1,Fri 17:29→23:21,6,
2026-10-08T02:57Z,2026-10-07 21:57,PWM,Portland,ME,state,2026-11-12,2026-11-12,Thu,2026-11-15,ok,564,564,0,Thu 18:18→21:51,2,
2026-10-08T02:57Z,2026-10-07 21:57,PWM,Portland,ME,state,2026-11-12,2026-11-13,Fri,2026-11-15,ok,481,,1,Fri 13:30→19:02,5,
2026-10-08T02:57Z,2026-10-07 21:57,PWM,Portland,ME,state,2026-11-19,2026-11-19,Thu,2026-11-22,ok,520,520,0,Thu 18:18→21:51,3,
2026-10-08T02:57Z,2026-10-07 21:57,PWM,Portland,ME,state,2026-11-19,2026-11-20,Fri,2026-11-22,ok,530,,1,Fri 15:00→23:59,5,
2026-10-08T02:57Z,2026-10-07 21:57,PWM,Portland,ME,state,2026-11-26,2026-11-26,Thu,2026-11-29,error,,,,,0,'NoneType' object is not subscriptable
2026-10-08T02:57Z,2026-10-07 21:57,PWM,Portland,ME,state,2026-11-26,2026-11-27,Fri,2026-11-29,ok,720,,1,Fri 16:40→23:21,5,
2026-10-08T02:57Z,2026-10-07 21:57,PWM,Portland,ME,state,2026-12-03,2026-12-03,Thu,2026-12-06,ok,789,,1,Thu 21:35→14:37,2,
2026-10-08T02:57Z,2026-10-07 21:57,PWM,Portland,ME,state,2026-12-03,2026-12-04,Fri,2026-12-06,ok,561,808,1,Fri 14:30→20:42,6,
2026-10-08T02:57Z,2026-10-07 21:57,PWM,Portland,ME,state,2026-12-10,2026-12-10,Thu,2026-12-13,ok,691,,1,Thu 21:34→09:05,2,
2026-10-08T02:57Z,2026-10-07 21:57,PWM,Portland,ME,state,2026-12-10,2026-12-11,Fri,2026-12-13,ok,573,,1,Fri 05:55→14:37,5,
2026-10-08T02:57Z,2026-10-07 21:57,ABQ,Albuquerque,NM,state,2026-10-08,2026-10-08,Thu,2026-10-11,ok,709,709,0,Thu 20:10→22:25,2,
2026-10-08T02:57Z,2026-10-07 21:57,ABQ,Albuquerque,NM,state,2026-10-08,2026-10-09,Fri,2026-10-11,ok,719,,1,Fri 06:25→13:35,4,
2026-10-08T02:57Z,2026-10-07 21:57,ABQ,Albuquerque,NM,state,2026-10-15,2026-10-15,Thu,2026-10-18,ok,709,709,0,Thu 20:10→22:25,2,
2026-10-08T02:57Z,2026-10-07 21:57,ABQ,Albuquerque,NM,state,2026-10-15,2026-10-16,Fri,2026-10-18,ok,719,,1,Fri 12:55→20:02,5,
2026-10-08T02:57Z,2026-10-07 21:57,ABQ,Albuquerque,NM,state,2026-10-22,2026-10-22,Thu,2026-10-25,ok,693,693,0,Thu 20:10→22:25,2,
2026-10-08T02:57Z,2026-10-07 21:57,ABQ,Albuquerque,NM,state,2026-10-22,2026-10-23,Fri,2026-10-25,ok,703,,1,Fri 12:45→17:56,4,
2026-10-08T02:57Z,2026-10-07 21:57,ABQ,Albuquerque,NM,state,2026-10-29,2026-10-29,Thu,2026-11-01,ok,618,,1,Thu 21:47→09:41,1,
2026-10-08T02:57Z,2026-10-07 21:57,ABQ,Albuquerque,NM,state,2026-10-29,2026-10-30,Fri,2026-11-01,ok,576,,1,Fri 05:30→11:15,4,
2026-10-08T02:57Z,2026-10-07 21:57,ABQ,Albuquerque,NM,state,2026-11-05,2026-11-05,Thu,2026-11-08,ok,602,,1,Thu 21:47→09:41,1,
2026-10-08T02:57Z,2026-10-07 21:57,ABQ,Albuquerque,NM,state,2026-11-05,2026-11-06,Fri,2026-11-08,ok,597,,1,Fri 10:34→18:23,5,
2026-10-08T02:57Z,2026-10-07 21:57,ABQ,Albuquerque,NM,state,2026-11-12,2026-11-12,Thu,2026-11-15,ok,602,,1,Thu 21:47→09:41,1,
2026-10-08T02:57Z,2026-10-07 21:57,ABQ,Albuquerque,NM,state,2026-11-12,2026-11-13,Fri,2026-11-15,ok,560,,1,Fri 05:30→11:15,5,
2026-10-08T02:57Z,2026-10-07 21:57,ABQ,Albuquerque,NM,state,2026-11-19,2026-11-19,Thu,2026-11-22,ok,612,,1,Thu 21:47→09:41,1,
2026-10-08T02:57Z,2026-10-07 21:57,ABQ,Albuquerque,NM,state,2026-11-19,2026-11-20,Fri,2026-11-22,ok,543,,1,Fri 05:30→11:15,5,
2026-10-08T02:57Z,2026-10-07 21:57,ABQ,Albuquerque,NM,state,2026-11-26,2026-11-26,Thu,2026-11-29,error,,,,,0,'NoneType' object is not subscriptable
2026-10-08T02:57Z,2026-10-07 21:57,ABQ,Albuquerque,NM,state,2026-11-26,2026-11-27,Fri,2026-11-29,ok,825,,1,Fri 14:30→21:00,6,
2026-10-08T02:57Z,2026-10-07 21:57,ABQ,Albuquerque,NM,state,2026-12-03,2026-12-03,Thu,2026-12-06,ok,602,,1,Thu 21:30→09:41,2,
2026-10-08T02:57Z,2026-10-07 21:57,ABQ,Albuquerque,NM,state,2026-12-03,2026-12-04,Fri,2026-12-06,ok,560,,1,Fri 05:45→11:32,5,
2026-10-08T02:57Z,2026-10-07 21:57,ABQ,Albuquerque,NM,state,2026-12-10,2026-12-10,Thu,2026-12-13,error,,,,,0,no flights found; received error
2026-10-08T02:57Z,2026-10-07 21:57,ABQ,Albuquerque,NM,state,2026-12-10,2026-12-11,Fri,2026-12-13,ok,560,,1,Fri 05:45→11:32,5,
2026-10-08T02:57Z,2026-10-07 21:57,CHS,Charleston,SC,state,2026-10-08,2026-10-08,Thu,2026-10-11,ok,681,681,0,Thu 18:10→21:33,2,
2026-10-08T02:57Z,2026-10-07 21:57,CHS,Charleston,SC,state,2026-10-08,2026-10-09,Fri,2026-10-11,ok,701,,1,Fri 16:00→00:15,3,
2026-10-08T02:57Z,2026-10-07 21:57,CHS,Charleston,SC,state,2026-10-15,2026-10-15,Thu,2026-10-18,ok,701,712,1,Thu 18:06→00:15,4,
2026-10-08T02:57Z,2026-10-07 21:57,CHS,Charleston,SC,state,2026-10-15,2026-10-16,Fri,2026-10-18,ok,701,712,1,Fri 07:00→15:10,5,
2026-10-08T02:57Z,2026-10-07 21:57,CHS,Charleston,SC,state,2026-10-22,2026-10-22,Thu,2026-10-25,ok,807,807,0,Thu 18:10→21:33,3,
2026-10-08T02:57Z,2026-10-07 21:57,CHS,Charleston,SC,state,2026-10-22,2026-10-23,Fri,2026-10-25,ok,802,839,1,Fri 07:00→15:10,4,
2026-10-08T02:57Z,2026-10-07 21:57,CHS,Charleston,SC,state,2026-10-29,2026-10-29,Thu,2026-11-01,ok,725,806,1,Thu 21:48→09:12,2,
2026-10-08T02:57Z,2026-10-07 21:57,CHS,Charleston,SC,state,2026-10-29,2026-10-30,Fri,2026-11-01,ok,485,485,0,Fri 07:45→11:19,4,
2026-10-08T02:57Z,2026-10-07 21:57,CHS,Charleston,SC,state,2026-11-05,2026-11-05,Thu,2026-11-08,ok,847,924,1,Thu 21:41→10:06,3,
2026-10-08T02:57Z,2026-10-07 21:57,CHS,Charleston,SC,state,2026-11-05,2026-11-06,Fri,2026-11-08,ok,622,622,0,Fri 14:32→18:06,4,
2026-10-08T02:57Z,2026-10-07 21:57,CHS,Charleston,SC,state,2026-11-12,2026-11-12,Thu,2026-11-15,ok,723,723,0,Thu 18:17→22:00,2,
2026-10-08T02:57Z,2026-10-07 21:57,CHS,Charleston,SC,state,2026-11-12,2026-11-13,Fri,2026-11-15,ok,550,550,0,Fri 07:47→11:21,4,
2026-10-08T02:57Z,2026-10-07 21:57,CHS,Charleston,SC,state,2026-11-19,2026-11-19,Thu,2026-11-22,ok,571,571,0,Thu 18:17→22:00,2,
2026-10-08T02:57Z,2026-10-07 21:57,CHS,Charleston,SC,state,2026-11-19,2026-11-20,Fri,2026-11-22,ok,479,479,0,Fri 07:47→11:21,4,
2026-10-08T02:57Z,2026-10-07 21:57,CHS,Charleston,SC,state,2026-11-26,2026-11-26,Thu,2026-11-29,error,,,,,0,'NoneType' object is not subscriptable
2026-10-08T02:57Z,2026-10-07 21:57,CHS,Charleston,SC,state,2026-11-26,2026-11-27,Fri,2026-11-29,ok,732,732,0,Fri 10:40→13:56,3,
2026-10-08T02:57Z,2026-10-07 21:57,CHS,Charleston,SC,state,2026-12-03,2026-12-03,Thu,2026-12-06,ok,646,,1,Thu 21:34→09:17,1,
2026-10-08T02:57Z,2026-10-07 21:57,CHS,Charleston,SC,state,2026-12-03,2026-12-04,Fri,2026-12-06,ok,475,,1,Fri 08:52→15:32,3,
2026-10-08T02:57Z,2026-10-07 21:57,CHS,Charleston,SC,state,2026-12-10,2026-12-10,Thu,2026-12-13,ok,705,,1,Thu 21:34→09:17,1,
2026-10-08T02:57Z,2026-10-07 21:57,CHS,Charleston,SC,state,2026-12-10,2026-12-11,Fri,2026-12-13,ok,465,465,0,Fri 10:38→14:00,4,
2026-10-08T02:57Z,2026-10-07 21:57,MKE,Milwaukee,WI,state,2026-10-08,2026-10-08,Thu,2026-10-11,ok,637,637,0,Thu 18:00→19:10,3,
2026-10-08T02:57Z,2026-10-07 21:57,MKE,Milwaukee,WI,state,2026-10-08,2026-10-09,Fri,2026-10-11,ok,637,637,0,Fri 05:59→07:07,5,
2026-10-08T02:57Z,2026-10-07 21:57,MKE,Milwaukee,WI,state,2026-10-15,2026-10-15,Thu,2026-10-18,ok,609,609,0,Thu 18:00→19:10,3,
2026-10-08T02:57Z,2026-10-07 21:57,MKE,Milwaukee,WI,state,2026-10-15,2026-10-16,Fri,2026-10-18,ok,619,619,0,Fri 16:30→17:40,4,
2026-10-08T02:57Z,2026-10-07 21:57,MKE,Milwaukee,WI,state,2026-10-22,2026-10-22,Thu,2026-10-25,ok,483,483,0,Thu 22:00→22:59,3,
2026-10-08T02:57Z,2026-10-07 21:57,MKE,Milwaukee,WI,state,2026-10-22,2026-10-23,Fri,2026-10-25,ok,397,397,0,Fri 05:59→07:07,6,
2026-10-08T02:57Z,2026-10-07 21:57,MKE,Milwaukee,WI,state,2026-10-29,2026-10-29,Thu,2026-11-01,ok,319,319,0,Thu 21:20→22:15,3,
2026-10-08T02:57Z,2026-10-07 21:57,MKE,Milwaukee,WI,state,2026-10-29,2026-10-30,Fri,2026-11-01,ok,317,317,0,Fri 15:59→17:02,3,
2026-10-08T02:57Z,2026-10-07 21:57,MKE,Milwaukee,WI,state,2026-11-05,2026-11-05,Thu,2026-11-08,ok,295,295,0,Thu 21:20→22:15,2,
2026-10-08T02:57Z,2026-10-07 21:57,MKE,Milwaukee,WI,state,2026-11-05,2026-11-06,Fri,2026-11-08,ok,317,317,0,Fri 16:00→17:03,5,
2026-10-08T02:57Z,2026-10-07 21:57,MKE,Milwaukee,WI,state,2026-11-12,2026-11-12,Thu,2026-11-15,ok,295,295,0,Thu 19:45→20:50,3,
2026-10-08T02:57Z,2026-10-07 21:57,MKE,Milwaukee,WI,state,2026-11-12,2026-11-13,Fri,2026-11-15,ok,317,317,0,Fri 16:00→17:03,5,
2026-10-08T02:57Z,2026-10-07 21:57,MKE,Milwaukee,WI,state,2026-11-19,2026-11-19,Thu,2026-11-22,ok,329,329,0,Thu 19:45→20:50,3,
2026-10-08T02:57Z,2026-10-07 21:57,MKE,Milwaukee,WI,state,2026-11-19,2026-11-20,Fri,2026-11-22,ok,329,329,0,Fri 16:00→17:03,5,
2026-10-08T02:57Z,2026-10-07 21:57,MKE,Milwaukee,WI,state,2026-11-26,2026-11-26,Thu,2026-11-29,error,,,,,0,'NoneType' object is not subscriptable
2026-10-08T02:57Z,2026-10-07 21:57,MKE,Milwaukee,WI,state,2026-11-26,2026-11-27,Fri,2026-11-29,ok,317,317,0,Fri 09:02→10:13,4,
2026-10-08T02:57Z,2026-10-07 21:57,MKE,Milwaukee,WI,state,2026-12-03,2026-12-03,Thu,2026-12-06,ok,295,295,0,Thu 19:50→20:55,3,
2026-10-08T02:57Z,2026-10-07 21:57,MKE,Milwaukee,WI,state,2026-12-03,2026-12-04,Fri,2026-12-06,ok,317,317,0,Fri 06:29→07:35,6,
2026-10-08T02:57Z,2026-10-07 21:57,MKE,Milwaukee,WI,state,2026-12-10,2026-12-10,Thu,2026-12-13,ok,295,295,0,Thu 19:50→20:55,3,
2026-10-08T02:57Z,2026-10-07 21:57,MKE,Milwaukee,WI,state,2026-12-10,2026-12-11,Fri,2026-12-13,ok,317,317,0,Fri 06:29→07:35,6,
2026-10-08T02:57Z,2026-10-07 21:58,IAH,Houston,TX,top,2026-10-08,2026-10-08,Thu,2026-10-11,ok,701,701,0,Thu 18:29→21:20,4,
2026-10-08T02:57Z,2026-10-07 21:58,IAH,Houston,TX,top,2026-10-08,2026-10-09,Fri,2026-10-11,ok,701,701,0,Fri 05:30→08:19,6,
2026-10-08T02:57Z,2026-10-07 21:58,IAH,Houston,TX,top,2026-10-15,2026-10-15,Thu,2026-10-18,ok,701,701,0,Thu 18:29→21:20,4,
2026-10-08T02:57Z,2026-10-07 21:58,IAH,Houston,TX,top,2026-10-15,2026-10-16,Fri,2026-10-18,ok,701,701,0,Fri 05:30→08:19,6,
2026-10-08T02:57Z,2026-10-07 21:58,IAH,Houston,TX,top,2026-10-22,2026-10-22,Thu,2026-10-25,ok,679,679,0,Thu 18:29→21:20,4,
2026-10-08T02:57Z,2026-10-07 21:58,IAH,Houston,TX,top,2026-10-22,2026-10-23,Fri,2026-10-25,ok,679,679,0,Fri 05:30→08:19,6,
2026-10-08T02:57Z,2026-10-07 21:58,IAH,Houston,TX,top,2026-10-29,2026-10-29,Thu,2026-11-01,ok,460,460,0,Thu 19:55→22:53,4,
2026-10-08T02:57Z,2026-10-07 21:58,IAH,Houston,TX,top,2026-10-29,2026-10-30,Fri,2026-11-01,ok,490,490,0,Fri 07:29→10:32,6,
2026-10-08T02:57Z,2026-10-07 21:58,IAH,Houston,TX,top,2026-11-05,2026-11-05,Thu,2026-11-08,ok,398,398,0,Thu 18:30→21:35,4,
2026-10-08T02:57Z,2026-10-07 21:58,IAH,Houston,TX,top,2026-11-05,2026-11-06,Fri,2026-11-08,ok,428,428,0,Fri 17:30→20:30,5,
2026-10-08T02:57Z,2026-10-07 21:58,IAH,Houston,TX,top,2026-11-12,2026-11-12,Thu,2026-11-15,ok,563,,1,Thu 21:47→08:33,2,
2026-10-08T02:57Z,2026-10-07 21:58,IAH,Houston,TX,top,2026-11-12,2026-11-13,Fri,2026-11-15,ok,428,428,0,Fri 05:30→08:26,6,
2026-10-08T02:57Z,2026-10-07 21:58,IAH,Houston,TX,top,2026-11-19,2026-11-19,Thu,2026-11-22,ok,424,424,0,Thu 18:30→21:35,3,
2026-10-08T02:57Z,2026-10-07 21:58,IAH,Houston,TX,top,2026-11-19,2026-11-20,Fri,2026-11-22,ok,453,453,0,Fri 14:22→17:25,4,
2026-10-08T02:57Z,2026-10-07 21:58,IAH,Houston,TX,top,2026-11-26,2026-11-26,Thu,2026-11-29,error,,,,,0,'NoneType' object is not subscriptable
2026-10-08T02:57Z,2026-10-07 21:58,IAH,Houston,TX,top,2026-11-26,2026-11-27,Fri,2026-11-29,ok,518,518,0,Fri 17:30→20:30,4,
2026-10-08T02:57Z,2026-10-07 21:58,IAH,Houston,TX,top,2026-12-03,2026-12-03,Thu,2026-12-06,ok,398,398,0,Thu 21:35→00:30,4,
2026-10-08T02:57Z,2026-10-07 21:58,IAH,Houston,TX,top,2026-12-03,2026-12-04,Fri,2026-12-06,ok,428,428,0,Fri 05:45→08:41,6,
2026-10-08T02:57Z,2026-10-07 21:58,IAH,Houston,TX,top,2026-12-10,2026-12-10,Thu,2026-12-13,ok,398,398,0,Thu 21:35→00:30,3,
2026-10-08T02:57Z,2026-10-07 21:58,IAH,Houston,TX,top,2026-12-10,2026-12-11,Fri,2026-12-13,ok,428,428,0,Fri 07:30→10:33,5,
2026-10-08T02:57Z,2026-10-07 21:58,LAX,Los Angeles,CA,top,2026-10-08,2026-10-08,Thu,2026-10-11,ok,705,705,0,Thu 18:06→20:39,3,
2026-10-08T02:57Z,2026-10-07 21:58,LAX,Los Angeles,CA,top,2026-10-08,2026-10-09,Fri,2026-10-11,ok,705,705,0,Fri 13:00→15:32,5,
2026-10-08T02:57Z,2026-10-07 21:58,LAX,Los Angeles,CA,top,2026-10-15,2026-10-15,Thu,2026-10-18,ok,705,705,0,Thu 18:06→20:39,3,
2026-10-08T02:57Z,2026-10-07 21:58,LAX,Los Angeles,CA,top,2026-10-15,2026-10-16,Fri,2026-10-18,ok,705,705,0,Fri 13:00→15:32,5,
2026-10-08T02:57Z,2026-10-07 21:58,LAX,Los Angeles,CA,top,2026-10-22,2026-10-22,Thu,2026-10-25,ok,607,607,0,Thu 18:06→20:39,3,
2026-10-08T02:57Z,2026-10-07 21:58,LAX,Los Angeles,CA,top,2026-10-22,2026-10-23,Fri,2026-10-25,ok,705,705,0,Fri 07:00→09:32,4,
2026-10-08T02:57Z,2026-10-07 21:58,LAX,Los Angeles,CA,top,2026-10-29,2026-10-29,Thu,2026-11-01,ok,411,411,0,Thu 20:05→22:49,3,
2026-10-08T02:57Z,2026-10-07 21:58,LAX,Los Angeles,CA,top,2026-10-29,2026-10-30,Fri,2026-11-01,ok,337,337,0,Fri 14:40→17:20,7,
2026-10-08T02:57Z,2026-10-07 21:58,LAX,Los Angeles,CA,top,2026-11-05,2026-11-05,Thu,2026-11-08,ok,387,387,0,Thu 20:11→22:55,2,
2026-10-08T02:57Z,2026-10-07 21:58,LAX,Los Angeles,CA,top,2026-11-05,2026-11-06,Fri,2026-11-08,ok,307,307,0,Fri 14:00→16:40,7,
2026-10-08T02:57Z,2026-10-07 21:58,LAX,Los Angeles,CA,top,2026-11-12,2026-11-12,Thu,2026-11-15,ok,362,362,0,Thu 20:11→22:55,2,
2026-10-08T02:57Z,2026-10-07 21:58,LAX,Los Angeles,CA,top,2026-11-12,2026-11-13,Fri,2026-11-15,ok,307,307,0,Fri 14:00→16:40,7,
2026-10-08T02:57Z,2026-10-07 21:58,LAX,Los Angeles,CA,top,2026-11-19,2026-11-19,Thu,2026-11-22,ok,535,535,0,Thu 20:11→22:55,2,
2026-10-08T02:57Z,2026-10-07 21:58,LAX,Los Angeles,CA,top,2026-11-19,2026-11-20,Fri,2026-11-22,ok,535,535,0,Fri 10:25→13:09,7,
2026-10-08T02:57Z,2026-10-07 21:58,LAX,Los Angeles,CA,top,2026-11-26,2026-11-26,Thu,2026-11-29,error,,,,,0,'NoneType' object is not subscriptable
2026-10-08T02:57Z,2026-10-07 21:58,LAX,Los Angeles,CA,top,2026-11-26,2026-11-27,Fri,2026-11-29,ok,670,670,0,Fri 17:52→20:29,4,
2026-10-08T02:57Z,2026-10-07 21:58,LAX,Los Angeles,CA,top,2026-12-03,2026-12-03,Thu,2026-12-06,ok,433,433,0,Thu 20:15→22:59,2,
2026-10-08T02:57Z,2026-10-07 21:58,LAX,Los Angeles,CA,top,2026-12-03,2026-12-04,Fri,2026-12-06,ok,317,317,0,Fri 14:29→17:09,6,
2026-10-08T02:57Z,2026-10-07 21:58,LAX,Los Angeles,CA,top,2026-12-10,2026-12-10,Thu,2026-12-13,ok,336,336,0,Thu 20:15→22:59,2,
2026-10-08T02:57Z,2026-10-07 21:58,LAX,Los Angeles,CA,top,2026-12-10,2026-12-11,Fri,2026-12-13,ok,317,317,0,Fri 14:29→17:09,6,
2026-10-08T02:57Z,2026-10-07 21:58,LAS,Las Vegas,NV,top,2026-10-08,2026-10-08,Thu,2026-10-11,ok,1009,,1,Thu 21:40→08:45,3,
2026-10-08T02:57Z,2026-10-07 21:58,LAS,Las Vegas,NV,top,2026-10-08,2026-10-09,Fri,2026-10-11,ok,661,809,1,Fri 10:30→15:10,5,
2026-10-08T02:57Z,2026-10-07 21:58,LAS,Las Vegas,NV,top,2026-10-15,2026-10-15,Thu,2026-10-18,ok,651,651,0,Thu 18:20→20:28,3,
2026-10-08T02:57Z,2026-10-07 21:58,LAS,Las Vegas,NV,top,2026-10-15,2026-10-16,Fri,2026-10-18,ok,651,651,0,Fri 15:40→17:49,5,
2026-10-08T02:57Z,2026-10-07 21:58,LAS,Las Vegas,NV,top,2026-10-22,2026-10-22,Thu,2026-10-25,ok,577,577,0,Thu 18:20→20:28,3,
2026-10-08T02:57Z,2026-10-07 21:58,LAS,Las Vegas,NV,top,2026-10-22,2026-10-23,Fri,2026-10-25,ok,577,577,0,Fri 15:40→17:49,5,
2026-10-08T02:57Z,2026-10-07 21:58,LAS,Las Vegas,NV,top,2026-10-29,2026-10-29,Thu,2026-11-01,ok,439,439,0,Thu 18:07→20:23,4,
2026-10-08T02:57Z,2026-10-07 21:58,LAS,Las Vegas,NV,top,2026-10-29,2026-10-30,Fri,2026-11-01,ok,469,469,0,Fri 14:30→16:43,4,
2026-10-08T02:57Z,2026-10-07 21:58,LAS,Las Vegas,NV,top,2026-11-05,2026-11-05,Thu,2026-11-08,ok,422,422,0,Thu 20:19→22:31,3,
2026-10-08T02:57Z,2026-10-07 21:58,LAS,Las Vegas,NV,top,2026-11-05,2026-11-06,Fri,2026-11-08,ok,469,546,1,Fri 17:48→21:55,4,
2026-10-08T02:57Z,2026-10-07 21:58,LAS,Las Vegas,NV,top,2026-11-12,2026-11-12,Thu,2026-11-15,ok,481,481,0,Thu 20:19→22:31,3,
2026-10-08T02:57Z,2026-10-07 21:58,LAS,Las Vegas,NV,top,2026-11-12,2026-11-13,Fri,2026-11-15,ok,521,603,1,Fri 16:20→20:45,6,
2026-10-08T02:57Z,2026-10-07 21:58,LAS,Las Vegas,NV,top,2026-11-19,2026-11-19,Thu,2026-11-22,ok,542,542,0,Thu 18:07→20:23,3,
2026-10-08T02:57Z,2026-10-07 21:58,LAS,Las Vegas,NV,top,2026-11-19,2026-11-20,Fri,2026-11-22,ok,542,542,0,Fri 15:00→17:13,5,
2026-10-08T02:57Z,2026-10-07 21:58,LAS,Las Vegas,NV,top,2026-11-26,2026-11-26,Thu,2026-11-29,error,,,,,0,'NoneType' object is not subscriptable
2026-10-08T02:57Z,2026-10-07 21:58,LAS,Las Vegas,NV,top,2026-11-26,2026-11-27,Fri,2026-11-29,ok,556,556,0,Fri 15:00→17:13,6,
2026-10-08T02:57Z,2026-10-07 21:58,LAS,Las Vegas,NV,top,2026-12-03,2026-12-03,Thu,2026-12-06,ok,416,416,0,Thu 20:42→22:53,2,
2026-10-08T02:57Z,2026-10-07 21:58,LAS,Las Vegas,NV,top,2026-12-03,2026-12-04,Fri,2026-12-06,ok,456,510,1,Fri 12:55→18:07,5,
2026-10-08T02:57Z,2026-10-07 21:58,LAS,Las Vegas,NV,top,2026-12-10,2026-12-10,Thu,2026-12-13,ok,416,416,0,Thu 20:42→22:53,2,
2026-10-08T02:57Z,2026-10-07 21:58,LAS,Las Vegas,NV,top,2026-12-10,2026-12-11,Fri,2026-12-13,ok,446,446,0,Fri 17:59→20:10,4,
2026-10-08T02:57Z,2026-10-07 21:58,SAN,San Diego,CA,top,2026-10-08,2026-10-08,Thu,2026-10-11,error,,,,,0,no flights found; received error
2026-10-08T02:57Z,2026-10-07 21:58,SAN,San Diego,CA,top,2026-10-08,2026-10-09,Fri,2026-10-11,ok,733,733,0,Fri 07:05→09:32,5,
2026-10-08T02:57Z,2026-10-07 21:58,SAN,San Diego,CA,top,2026-10-15,2026-10-15,Thu,2026-10-18,ok,733,733,0,Thu 20:16→22:41,2,
2026-10-08T02:57Z,2026-10-07 21:58,SAN,San Diego,CA,top,2026-10-15,2026-10-16,Fri,2026-10-18,ok,743,,1,Fri 05:00→09:05,4,
2026-10-08T02:57Z,2026-10-07 21:58,SAN,San Diego,CA,top,2026-10-22,2026-10-22,Thu,2026-10-25,ok,539,539,0,Thu 20:16→22:41,2,
2026-10-08T02:57Z,2026-10-07 21:58,SAN,San Diego,CA,top,2026-10-22,2026-10-23,Fri,2026-10-25,ok,607,607,0,Fri 07:05→09:32,6,
2026-10-08T02:57Z,2026-10-07 21:58,SAN,San Diego,CA,top,2026-10-29,2026-10-29,Thu,2026-11-01,ok,434,434,0,Thu 20:02→22:40,2,
2026-10-08T02:57Z,2026-10-07 21:58,SAN,San Diego,CA,top,2026-10-29,2026-10-30,Fri,2026-11-01,ok,434,434,0,Fri 07:00→09:27,5,
2026-10-08T02:57Z,2026-10-07 21:58,SAN,San Diego,CA,top,2026-11-05,2026-11-05,Thu,2026-11-08,ok,415,415,0,Thu 20:02→22:40,2,
2026-10-08T02:57Z,2026-10-07 21:58,SAN,San Diego,CA,top,2026-11-05,2026-11-06,Fri,2026-11-08,ok,394,394,0,Fri 07:00→09:27,6,
2026-10-08T02:57Z,2026-10-07 21:58,SAN,San Diego,CA,top,2026-11-12,2026-11-12,Thu,2026-11-15,ok,415,415,0,Thu 20:02→22:40,2,
2026-10-08T02:57Z,2026-10-07 21:58,SAN,San Diego,CA,top,2026-11-12,2026-11-13,Fri,2026-11-15,ok,404,,1,Fri 13:00→17:17,4,
2026-10-08T02:57Z,2026-10-07 21:58,SAN,San Diego,CA,top,2026-11-19,2026-11-19,Thu,2026-11-22,ok,497,497,0,Thu 20:02→22:40,2,
2026-10-08T02:57Z,2026-10-07 21:58,SAN,San Diego,CA,top,2026-11-19,2026-11-20,Fri,2026-11-22,ok,497,497,0,Fri 07:00→09:27,5,
2026-10-08T02:57Z,2026-10-07 21:58,SAN,San Diego,CA,top,2026-11-26,2026-11-26,Thu,2026-11-29,error,,,,,0,'NoneType' object is not subscriptable
2026-10-08T02:57Z,2026-10-07 21:58,SAN,San Diego,CA,top,2026-11-26,2026-11-27,Fri,2026-11-29,ok,703,,1,Fri 13:00→17:17,3,
2026-10-08T02:57Z,2026-10-07 21:58,SAN,San Diego,CA,top,2026-12-03,2026-12-03,Thu,2026-12-06,ok,600,600,0,Thu 19:55→22:33,1,
2026-10-08T02:57Z,2026-10-07 21:58,SAN,San Diego,CA,top,2026-12-03,2026-12-04,Fri,2026-12-06,ok,404,,1,Fri 12:55→17:37,3,
2026-10-08T02:57Z,2026-10-07 21:58,SAN,San Diego,CA,top,2026-12-10,2026-12-10,Thu,2026-12-13,ok,394,394,0,Thu 19:55→22:33,2,
2026-10-08T02:57Z,2026-10-07 21:58,SAN,San Diego,CA,top,2026-12-10,2026-12-11,Fri,2026-12-13,ok,404,,1,Fri 07:00→11:15,5,
2026-10-08T02:57Z,2026-10-07 21:58,MSP,Minneapolis,MN,top,2026-10-08,2026-10-08,Thu,2026-10-11,ok,647,647,0,Thu 18:27→20:02,2,
2026-10-08T02:57Z,2026-10-07 21:58,MSP,Minneapolis,MN,top,2026-10-08,2026-10-09,Fri,2026-10-11,ok,647,647,0,Fri 07:01→08:41,4,
2026-10-08T02:57Z,2026-10-07 21:58,MSP,Minneapolis,MN,top,2026-10-15,2026-10-15,Thu,2026-10-18,ok,647,647,0,Thu 18:27→20:02,3,
2026-10-08T02:57Z,2026-10-07 21:58,MSP,Minneapolis,MN,top,2026-10-15,2026-10-16,Fri,2026-10-18,ok,647,647,0,Fri 07:01→08:41,4,
2026-10-08T02:57Z,2026-10-07 21:58,MSP,Minneapolis,MN,top,2026-10-22,2026-10-22,Thu,2026-10-25,ok,583,583,0,Thu 18:27→20:02,2,
2026-10-08T02:57Z,2026-10-07 21:58,MSP,Minneapolis,MN,top,2026-10-22,2026-10-23,Fri,2026-10-25,ok,583,583,0,Fri 07:01→08:41,4,
2026-10-08T02:57Z,2026-10-07 21:58,MSP,Minneapolis,MN,top,2026-10-29,2026-10-29,Thu,2026-11-01,ok,389,389,0,Thu 21:25→22:59,2,
2026-10-08T02:57Z,2026-10-07 21:58,MSP,Minneapolis,MN,top,2026-10-29,2026-10-30,Fri,2026-11-01,ok,418,418,0,Fri 07:00→08:33,5,
2026-10-08T02:57Z,2026-10-07 21:58,MSP,Minneapolis,MN,top,2026-11-05,2026-11-05,Thu,2026-11-08,ok,376,376,0,Thu 21:25→22:59,3,
2026-10-08T02:57Z,2026-10-07 21:58,MSP,Minneapolis,MN,top,2026-11-05,2026-11-06,Fri,2026-11-08,ok,405,405,0,Fri 07:00→08:33,3,
2026-10-08T02:57Z,2026-10-07 21:58,MSP,Minneapolis,MN,top,2026-11-12,2026-11-12,Thu,2026-11-15,ok,376,376,0,Thu 21:25→22:59,3,
2026-10-08T02:57Z,2026-10-07 21:58,MSP,Minneapolis,MN,top,2026-11-12,2026-11-13,Fri,2026-11-15,ok,405,405,0,Fri 07:00→08:33,5,
2026-10-08T02:57Z,2026-10-07 21:58,MSP,Minneapolis,MN,top,2026-11-19,2026-11-19,Thu,2026-11-22,ok,358,358,0,Thu 18:06→19:45,2,
2026-10-08T02:57Z,2026-10-07 21:58,MSP,Minneapolis,MN,top,2026-11-19,2026-11-20,Fri,2026-11-22,ok,358,358,0,Fri 07:00→08:33,5,
2026-10-08T02:57Z,2026-10-07 21:58,MSP,Minneapolis,MN,top,2026-11-26,2026-11-26,Thu,2026-11-29,error,,,,,0,'NoneType' object is not subscriptable
2026-10-08T02:57Z,2026-10-07 21:58,MSP,Minneapolis,MN,top,2026-11-26,2026-11-27,Fri,2026-11-29,ok,405,405,0,Fri 07:00→08:33,6,
2026-10-08T02:57Z,2026-10-07 21:58,MSP,Minneapolis,MN,top,2026-12-03,2026-12-03,Thu,2026-12-06,ok,376,376,0,Thu 21:55→23:30,2,
2026-10-08T02:57Z,2026-10-07 21:58,MSP,Minneapolis,MN,top,2026-12-03,2026-12-04,Fri,2026-12-06,ok,405,405,0,Fri 07:15→08:53,5,
2026-10-08T02:57Z,2026-10-07 21:58,MSP,Minneapolis,MN,top,2026-12-10,2026-12-10,Thu,2026-12-13,ok,376,376,0,Thu 21:55→23:30,2,
2026-10-08T02:57Z,2026-10-07 21:58,MSP,Minneapolis,MN,top,2026-12-10,2026-12-11,Fri,2026-12-13,ok,405,405,0,Fri 07:15→08:53,4,
2026-10-08T02:57Z,2026-10-07 21:58,FLL,Fort Lauderdale,FL,top,2026-10-08,2026-10-08,Thu,2026-10-11,ok,866,,1,Thu 21:30→10:18,2,
2026-10-08T02:57Z,2026-10-07 21:58,FLL,Fort Lauderdale,FL,top,2026-10-08,2026-10-09,Fri,2026-10-11,ok,577,649,1,Fri 07:15→14:29,6,
2026-10-08T02:57Z,2026-10-07 21:58,FLL,Fort Lauderdale,FL,top,2026-10-15,2026-10-15,Thu,2026-10-18,ok,779,,1,Thu 21:30→10:18,3,
2026-10-08T02:57Z,2026-10-07 21:58,FLL,Fort Lauderdale,FL,top,2026-10-15,2026-10-16,Fri,2026-10-18,ok,547,,1,Fri 07:15→14:29,3,
2026-10-08T02:57Z,2026-10-07 21:58,FLL,Fort Lauderdale,FL,top,2026-10-22,2026-10-22,Thu,2026-10-25,ok,741,,1,Thu 21:30→10:18,2,
2026-10-08T02:57Z,2026-10-07 21:58,FLL,Fort Lauderdale,FL,top,2026-10-22,2026-10-23,Fri,2026-10-25,ok,550,,1,Fri 07:15→14:29,3,
2026-10-08T02:57Z,2026-10-07 21:58,FLL,Fort Lauderdale,FL,top,2026-10-29,2026-10-29,Thu,2026-11-01,ok,502,,1,Thu 21:35→10:52,3,
2026-10-08T02:57Z,2026-10-07 21:58,FLL,Fort Lauderdale,FL,top,2026-10-29,2026-10-30,Fri,2026-11-01,ok,374,402,1,Fri 15:40→23:44,4,
2026-10-08T02:57Z,2026-10-07 21:58,FLL,Fort Lauderdale,FL,top,2026-11-05,2026-11-05,Thu,2026-11-08,ok,556,,1,Thu 21:35→10:52,4,
2026-10-08T02:57Z,2026-10-07 21:58,FLL,Fort Lauderdale,FL,top,2026-11-05,2026-11-06,Fri,2026-11-08,ok,399,399,0,Fri 15:37→19:46,4,
2026-10-08T02:57Z,2026-10-07 21:58,FLL,Fort Lauderdale,FL,top,2026-11-12,2026-11-12,Thu,2026-11-15,ok,552,,1,Thu 21:36→09:54,3,
2026-10-08T02:57Z,2026-10-07 21:58,FLL,Fort Lauderdale,FL,top,2026-11-12,2026-11-13,Fri,2026-11-15,ok,374,,1,Fri 14:30→22:30,4,
2026-10-08T02:57Z,2026-10-07 21:58,FLL,Fort Lauderdale,FL,top,2026-11-19,2026-11-19,Thu,2026-11-22,ok,415,415,0,Thu 19:45→23:59,4,
2026-10-08T02:57Z,2026-10-07 21:58,FLL,Fort Lauderdale,FL,top,2026-11-19,2026-11-20,Fri,2026-11-22,ok,457,512,1,Fri 06:59→15:55,5,
2026-10-08T02:57Z,2026-10-07 21:58,FLL,Fort Lauderdale,FL,top,2026-11-26,2026-11-26,Thu,2026-11-29,error,,,,,0,'NoneType' object is not subscriptable
2026-10-08T02:57Z,2026-10-07 21:58,FLL,Fort Lauderdale,FL,top,2026-11-26,2026-11-27,Fri,2026-11-29,ok,742,742,0,Fri 10:52→15:05,4,
2026-10-08T02:57Z,2026-10-07 21:58,FLL,Fort Lauderdale,FL,top,2026-12-03,2026-12-03,Thu,2026-12-06,ok,426,426,0,Thu 19:45→23:59,3,
2026-10-08T02:57Z,2026-10-07 21:58,FLL,Fort Lauderdale,FL,top,2026-12-03,2026-12-04,Fri,2026-12-06,ok,426,426,0,Fri 12:40→16:53,5,
2026-10-08T02:57Z,2026-10-07 21:58,FLL,Fort Lauderdale,FL,top,2026-12-10,2026-12-10,Thu,2026-12-13,ok,450,450,0,Thu 18:15→22:36,3,
2026-10-08T02:57Z,2026-10-07 21:58,FLL,Fort Lauderdale,FL,top,2026-12-10,2026-12-11,Fri,2026-12-13,ok,496,723,1,Fri 07:00→16:00,6,
2026-10-08T02:57Z,2026-10-07 21:58,SLC,Salt Lake City,UT,top,2026-10-08,2026-10-08,Thu,2026-10-11,ok,653,653,0,Thu 20:10→22:48,2,
2026-10-08T02:57Z,2026-10-07 21:58,SLC,Salt Lake City,UT,top,2026-10-08,2026-10-09,Fri,2026-10-11,ok,659,,1,Fri 15:50→21:11,5,
2026-10-08T02:57Z,2026-10-07 21:58,SLC,Salt Lake City,UT,top,2026-10-15,2026-10-15,Thu,2026-10-18,ok,821,821,0,Thu 20:10→22:48,3,
2026-10-08T02:57Z,2026-10-07 21:58,SLC,Salt Lake City,UT,top,2026-10-15,2026-10-16,Fri,2026-10-18,ok,800,,1,Fri 05:30→12:14,5,
2026-10-08T02:57Z,2026-10-07 21:58,SLC,Salt Lake City,UT,top,2026-10-22,2026-10-22,Thu,2026-10-25,ok,653,653,0,Thu 20:10→22:48,2,
2026-10-08T02:57Z,2026-10-07 21:58,SLC,Salt Lake City,UT,top,2026-10-22,2026-10-23,Fri,2026-10-25,ok,659,,1,Fri 15:50→21:11,5,
2026-10-08T02:57Z,2026-10-07 21:58,SLC,Salt Lake City,UT,top,2026-10-29,2026-10-29,Thu,2026-11-01,ok,478,478,0,Thu 19:57→22:39,2,
2026-10-08T02:57Z,2026-10-07 21:58,SLC,Salt Lake City,UT,top,2026-10-29,2026-10-30,Fri,2026-11-01,ok,488,,1,Fri 15:56→21:19,4,
2026-10-08T02:57Z,2026-10-07 21:58,SLC,Salt Lake City,UT,top,2026-11-05,2026-11-05,Thu,2026-11-08,ok,513,513,0,Thu 19:57→22:39,2,
2026-10-08T02:57Z,2026-10-07 21:58,SLC,Salt Lake City,UT,top,2026-11-05,2026-11-06,Fri,2026-11-08,ok,524,,1,Fri 15:56→21:19,5,
2026-10-08T02:57Z,2026-10-07 21:58,SLC,Salt Lake City,UT,top,2026-11-12,2026-11-12,Thu,2026-11-15,ok,513,513,0,Thu 19:57→22:39,2,
2026-10-08T02:57Z,2026-10-07 21:58,SLC,Salt Lake City,UT,top,2026-11-12,2026-11-13,Fri,2026-11-15,ok,524,,1,Fri 15:56→21:19,5,
2026-10-08T02:57Z,2026-10-07 21:58,SLC,Salt Lake City,UT,top,2026-11-19,2026-11-19,Thu,2026-11-22,ok,552,552,0,Thu 19:57→22:39,2,
2026-10-08T02:57Z,2026-10-07 21:58,SLC,Salt Lake City,UT,top,2026-11-19,2026-11-20,Fri,2026-11-22,error,,,,,0,no flights found; received error
2026-10-08T02:57Z,2026-10-07 21:58,SLC,Salt Lake City,UT,top,2026-11-26,2026-11-26,Thu,2026-11-29,error,,,,,0,no flights found; received error
2026-10-08T02:57Z,2026-10-07 21:58,SLC,Salt Lake City,UT,top,2026-11-26,2026-11-27,Fri,2026-11-29,ok,705,,1,Fri 10:55→17:13,5,
2026-10-08T02:57Z,2026-10-07 21:58,SLC,Salt Lake City,UT,top,2026-12-03,2026-12-03,Thu,2026-12-06,ok,513,513,0,Thu 20:29→23:10,2,
2026-10-08T02:57Z,2026-10-07 21:58,SLC,Salt Lake City,UT,top,2026-12-03,2026-12-04,Fri,2026-12-06,ok,518,518,0,Fri 10:35→13:22,6,
2026-10-08T02:57Z,2026-10-07 21:58,SLC,Salt Lake City,UT,top,2026-12-10,2026-12-10,Thu,2026-12-13,error,,,,,0,no flights found; received error
2026-10-08T02:57Z,2026-10-07 21:58,SLC,Salt Lake City,UT,top,2026-12-10,2026-12-11,Fri,2026-12-13,error,,,,,0,no flights found; received error
2026-10-08T02:57Z,2026-10-07 21:58,CLT,Charlotte,NC,top,2026-10-08,2026-10-08,Thu,2026-10-11,error,,,,,0,no flights found; received error
2026-10-08T02:57Z,2026-10-07 21:58,CLT,Charlotte,NC,top,2026-10-08,2026-10-09,Fri,2026-10-11,error,,,,,0,no flights found; received error
2026-10-08T02:57Z,2026-10-07 21:58,CLT,Charlotte,NC,top,2026-10-15,2026-10-15,Thu,2026-10-18,error,,,,,0,no flights found; received error
2026-10-08T02:57Z,2026-10-07 21:58,CLT,Charlotte,NC,top,2026-10-15,2026-10-16,Fri,2026-10-18,ok,647,647,0,Fri 06:50→10:08,3,
2026-10-08T02:57Z,2026-10-07 21:58,CLT,Charlotte,NC,top,2026-10-22,2026-10-22,Thu,2026-10-25,ok,607,607,0,Thu 18:03→21:15,2,
2026-10-08T02:57Z,2026-10-07 21:58,CLT,Charlotte,NC,top,2026-10-22,2026-10-23,Fri,2026-10-25,error,,,,,0,no flights found; received error
2026-10-08T02:57Z,2026-10-07 21:58,CLT,Charlotte,NC,top,2026-10-29,2026-10-29,Thu,2026-11-01,ok,437,437,0,Thu 19:58→23:04,1,
2026-10-08T02:57Z,2026-10-07 21:58,CLT,Charlotte,NC,top,2026-10-29,2026-10-30,Fri,2026-11-01,ok,467,467,0,Fri 13:55→17:12,4,
2026-10-08T02:57Z,2026-10-07 21:58,CLT,Charlotte,NC,top,2026-11-05,2026-11-05,Thu,2026-11-08,ok,411,411,0,Thu 19:58→23:04,1,
2026-10-08T02:57Z,2026-10-07 21:58,CLT,Charlotte,NC,top,2026-11-05,2026-11-06,Fri,2026-11-08,error,,,,,0,no flights found; received error
2026-10-08T02:57Z,2026-10-07 21:58,CLT,Charlotte,NC,top,2026-11-12,2026-11-12,Thu,2026-11-15,ok,411,411,0,Thu 19:58→23:04,1,
2026-10-08T02:57Z,2026-10-07 21:58,CLT,Charlotte,NC,top,2026-11-12,2026-11-13,Fri,2026-11-15,ok,451,520,1,Fri 08:50→14:22,2,
2026-10-08T02:57Z,2026-10-07 21:58,CLT,Charlotte,NC,top,2026-11-19,2026-11-19,Thu,2026-11-22,ok,426,426,0,Thu 19:58→23:04,1,
2026-10-08T02:57Z,2026-10-07 21:58,CLT,Charlotte,NC,top,2026-11-19,2026-11-20,Fri,2026-11-22,error,,,,,0,no flights found; received error
2026-10-08T02:57Z,2026-10-07 21:58,CLT,Charlotte,NC,top,2026-11-26,2026-11-26,Thu,2026-11-29,error,,,,,0,'NoneType' object is not subscriptable
2026-10-08T02:57Z,2026-10-07 21:58,CLT,Charlotte,NC,top,2026-11-26,2026-11-27,Fri,2026-11-29,ok,573,573,0,Fri 13:55→17:12,3,
2026-10-08T02:57Z,2026-10-07 21:58,CLT,Charlotte,NC,top,2026-12-03,2026-12-03,Thu,2026-12-06,error,,,,,0,no flights found; received error
2026-10-08T02:57Z,2026-10-07 21:58,CLT,Charlotte,NC,top,2026-12-03,2026-12-04,Fri,2026-12-06,ok,441,441,0,Fri 06:50→10:05,4,
2026-10-08T02:57Z,2026-10-07 21:58,CLT,Charlotte,NC,top,2026-12-10,2026-12-10,Thu,2026-12-13,error,,,,,0,'NoneType' object is not subscriptable
2026-10-08T02:57Z,2026-10-07 21:58,CLT,Charlotte,NC,top,2026-12-10,2026-12-11,Fri,2026-12-13,ok,441,441,0,Fri 06:50→10:05,3,
2026-10-08T02:57Z,2026-10-07 21:58,IND,Indianapolis,IN,top,2026-10-08,2026-10-08,Thu,2026-10-11,ok,637,637,0,Thu 19:45→22:07,3,
2026-10-08T02:57Z,2026-10-07 21:58,IND,Indianapolis,IN,top,2026-10-08,2026-10-09,Fri,2026-10-11,ok,637,637,0,Fri 12:53→15:14,4,
2026-10-08T02:57Z,2026-10-07 21:58,IND,Indianapolis,IN,top,2026-10-15,2026-10-15,Thu,2026-10-18,ok,662,662,0,Thu 19:45→22:07,3,
2026-10-08T02:57Z,2026-10-07 21:58,IND,Indianapolis,IN,top,2026-10-15,2026-10-16,Fri,2026-10-18,ok,727,727,0,Fri 10:25→12:42,6,
2026-10-08T02:57Z,2026-10-07 21:58,IND,Indianapolis,IN,top,2026-10-22,2026-10-22,Thu,2026-10-25,error,,,,,0,no flights found; received error
2026-10-08T02:57Z,2026-10-07 21:58,IND,Indianapolis,IN,top,2026-10-22,2026-10-23,Fri,2026-10-25,ok,579,579,0,Fri 05:59→08:16,6,
2026-10-08T02:57Z,2026-10-07 21:58,IND,Indianapolis,IN,top,2026-10-29,2026-10-29,Thu,2026-11-01,ok,387,387,0,Thu 19:55→22:14,4,
2026-10-08T02:57Z,2026-10-07 21:58,IND,Indianapolis,IN,top,2026-10-29,2026-10-30,Fri,2026-11-01,ok,420,420,0,Fri 12:45→15:00,4,
2026-10-08T02:57Z,2026-10-07 21:58,IND,Indianapolis,IN,top,2026-11-05,2026-11-05,Thu,2026-11-08,ok,387,387,0,Thu 21:35→23:47,3,
2026-10-08T02:57Z,2026-10-07 21:58,IND,Indianapolis,IN,top,2026-11-05,2026-11-06,Fri,2026-11-08,ok,420,420,0,Fri 12:45→15:00,4,
2026-10-08T02:57Z,2026-10-07 21:58,IND,Indianapolis,IN,top,2026-11-12,2026-11-12,Thu,2026-11-15,ok,387,387,0,Thu 19:55→22:14,4,
2026-10-08T02:57Z,2026-10-07 21:58,IND,Indianapolis,IN,top,2026-11-12,2026-11-13,Fri,2026-11-15,ok,420,420,0,Fri 12:45→15:00,4,
2026-10-08T02:57Z,2026-10-07 21:58,IND,Indianapolis,IN,top,2026-11-19,2026-11-19,Thu,2026-11-22,ok,424,424,0,Thu 18:20→20:46,3,
2026-10-08T02:57Z,2026-10-07 21:58,IND,Indianapolis,IN,top,2026-11-19,2026-11-20,Fri,2026-11-22,ok,424,424,0,Fri 12:45→15:00,4,
2026-10-08T02:57Z,2026-10-07 21:58,IND,Indianapolis,IN,top,2026-11-26,2026-11-26,Thu,2026-11-29,error,,,,,0,'NoneType' object is not subscriptable
2026-10-08T02:57Z,2026-10-07 21:58,IND,Indianapolis,IN,top,2026-11-26,2026-11-27,Fri,2026-11-29,ok,420,420,0,Fri 15:35→17:52,2,
2026-10-08T02:57Z,2026-10-07 21:58,IND,Indianapolis,IN,top,2026-12-03,2026-12-03,Thu,2026-12-06,ok,387,387,0,Thu 19:55→22:14,3,
2026-10-08T02:57Z,2026-10-07 21:58,IND,Indianapolis,IN,top,2026-12-03,2026-12-04,Fri,2026-12-06,ok,420,420,0,Fri 14:14→16:26,3,
2026-10-08T02:57Z,2026-10-07 21:58,IND,Indianapolis,IN,top,2026-12-10,2026-12-10,Thu,2026-12-13,ok,387,387,0,Thu 19:55→22:14,3,
2026-10-08T02:57Z,2026-10-07 21:58,IND,Indianapolis,IN,top,2026-12-10,2026-12-11,Fri,2026-12-13,ok,420,420,0,Fri 14:14→16:26,3,
2026-10-08T02:57Z,2026-10-07 21:58,SMF,Sacramento,CA,top,2026-10-08,2026-10-08,Thu,2026-10-11,ok,769,769,0,Thu 20:08→22:46,4,
2026-10-08T02:57Z,2026-10-07 21:58,SMF,Sacramento,CA,top,2026-10-08,2026-10-09,Fri,2026-10-11,ok,769,769,0,Fri 09:25→12:06,9,
2026-10-08T02:57Z,2026-10-07 21:58,SMF,Sacramento,CA,top,2026-10-15,2026-10-15,Thu,2026-10-18,ok,769,769,0,Thu 20:08→22:46,3,
2026-10-08T02:57Z,2026-10-07 21:58,SMF,Sacramento,CA,top,2026-10-15,2026-10-16,Fri,2026-10-18,ok,779,,1,Fri 05:00→09:47,5,
2026-10-08T02:57Z,2026-10-07 21:58,SMF,Sacramento,CA,top,2026-10-22,2026-10-22,Thu,2026-10-25,ok,659,659,0,Thu 20:08→22:46,3,
2026-10-08T02:57Z,2026-10-07 21:58,SMF,Sacramento,CA,top,2026-10-22,2026-10-23,Fri,2026-10-25,ok,779,,1,Fri 05:00→09:47,5,
2026-10-08T02:57Z,2026-10-07 21:58,SMF,Sacramento,CA,top,2026-10-29,2026-10-29,Thu,2026-11-01,ok,532,532,0,Thu 19:55→22:40,2,
2026-10-08T02:57Z,2026-10-07 21:58,SMF,Sacramento,CA,top,2026-10-29,2026-10-30,Fri,2026-11-01,ok,578,,1,Fri 05:59→11:08,5,
2026-10-08T02:57Z,2026-10-07 21:58,SMF,Sacramento,CA,top,2026-11-05,2026-11-05,Thu,2026-11-08,ok,525,525,0,Thu 19:55→22:40,3,
2026-10-08T02:57Z,2026-10-07 21:58,SMF,Sacramento,CA,top,2026-11-05,2026-11-06,Fri,2026-11-08,ok,577,,1,Fri 05:59→11:08,5,
2026-10-08T02:57Z,2026-10-07 21:58,SMF,Sacramento,CA,top,2026-11-12,2026-11-12,Thu,2026-11-15,ok,525,525,0,Thu 19:55→22:40,2,
2026-10-08T02:57Z,2026-10-07 21:58,SMF,Sacramento,CA,top,2026-11-12,2026-11-13,Fri,2026-11-15,ok,577,,1,Fri 05:59→11:08,5,
2026-10-08T02:57Z,2026-10-07 21:58,SMF,Sacramento,CA,top,2026-11-19,2026-11-19,Thu,2026-11-22,ok,592,592,0,Thu 19:55→22:40,3,
2026-10-08T02:57Z,2026-10-07 21:58,SMF,Sacramento,CA,top,2026-11-19,2026-11-20,Fri,2026-11-22,ok,602,,1,Fri 05:59→11:08,5,
2026-10-08T02:57Z,2026-10-07 21:58,SMF,Sacramento,CA,top,2026-11-26,2026-11-26,Thu,2026-11-29,error,,,,,0,'NoneType' object is not subscriptable
2026-10-08T02:57Z,2026-10-07 21:58,SMF,Sacramento,CA,top,2026-11-26,2026-11-27,Fri,2026-11-29,ok,828,,1,Fri 14:00→20:36,5,
2026-10-08T02:57Z,2026-10-07 21:58,SMF,Sacramento,CA,top,2026-12-03,2026-12-03,Thu,2026-12-06,ok,539,539,0,Thu 19:55→22:41,2,
2026-10-08T02:57Z,2026-10-07 21:58,SMF,Sacramento,CA,top,2026-12-03,2026-12-04,Fri,2026-12-06,ok,577,,1,Fri 05:59→11:04,6,
2026-10-08T02:57Z,2026-10-07 21:58,SMF,Sacramento,CA,top,2026-12-10,2026-12-10,Thu,2026-12-13,ok,525,525,0,Thu 19:55→22:41,3,
2026-10-08T02:57Z,2026-10-07 21:58,SMF,Sacramento,CA,top,2026-12-10,2026-12-11,Fri,2026-12-13,ok,606,,1,Fri 15:52→22:59,3,
2026-10-08T02:57Z,2026-10-07 21:58,ANC,Anchorage,AK,top,2026-10-08,2026-10-08,Thu,2026-10-11,error,,,,,0,'NoneType' object is not subscriptable
2026-10-08T02:57Z,2026-10-07 21:58,ANC,Anchorage,AK,top,2026-10-08,2026-10-09,Fri,2026-10-11,ok,775,775,0,Fri 16:05→19:57,2,
2026-10-08T02:57Z,2026-10-07 21:58,ANC,Anchorage,AK,top,2026-10-15,2026-10-15,Thu,2026-10-18,error,,,,,0,'NoneType' object is not subscriptable
2026-10-08T02:57Z,2026-10-07 21:58,ANC,Anchorage,AK,top,2026-10-15,2026-10-16,Fri,2026-10-18,ok,775,775,0,Fri 16:05→19:57,2,
2026-10-08T02:57Z,2026-10-07 21:58,ANC,Anchorage,AK,top,2026-10-22,2026-10-22,Thu,2026-10-25,error,,,,,0,'NoneType' object is not subscriptable
2026-10-08T02:57Z,2026-10-07 21:58,ANC,Anchorage,AK,top,2026-10-22,2026-10-23,Fri,2026-10-25,ok,775,775,0,Fri 16:05→19:57,2,
2026-10-08T02:57Z,2026-10-07 21:58,ANC,Anchorage,AK,top,2026-10-29,2026-10-29,Thu,2026-11-01,error,,,,,0,'NoneType' object is not subscriptable
2026-10-08T02:57Z,2026-10-07 21:58,ANC,Anchorage,AK,top,2026-10-29,2026-10-30,Fri,2026-11-01,ok,694,694,0,Fri 15:35→19:39,2,
2026-10-08T02:57Z,2026-10-07 21:58,ANC,Anchorage,AK,top,2026-11-05,2026-11-05,Thu,2026-11-08,error,,,,,0,'NoneType' object is not subscriptable
2026-10-08T02:57Z,2026-10-07 21:58,ANC,Anchorage,AK,top,2026-11-05,2026-11-06,Fri,2026-11-08,ok,653,653,0,Fri 15:35→19:39,2,
2026-10-08T02:57Z,2026-10-07 21:58,ANC,Anchorage,AK,top,2026-11-12,2026-11-12,Thu,2026-11-15,error,,,,,0,'NoneType' object is not subscriptable
2026-10-08T02:57Z,2026-10-07 21:58,ANC,Anchorage,AK,top,2026-11-12,2026-11-13,Fri,2026-11-15,ok,653,653,0,Fri 15:35→19:39,2,
2026-10-08T02:57Z,2026-10-07 21:58,ANC,Anchorage,AK,top,2026-11-19,2026-11-19,Thu,2026-11-22,error,,,,,0,'NoneType' object is not subscriptable
2026-10-08T02:57Z,2026-10-07 21:58,ANC,Anchorage,AK,top,2026-11-19,2026-11-20,Fri,2026-11-22,ok,721,721,0,Fri 15:35→19:39,3,
2026-10-08T02:57Z,2026-10-07 21:58,ANC,Anchorage,AK,top,2026-11-26,2026-11-26,Thu,2026-11-29,error,,,,,0,'NoneType' object is not subscriptable
2026-10-08T02:57Z,2026-10-07 21:58,ANC,Anchorage,AK,top,2026-11-26,2026-11-27,Fri,2026-11-29,ok,781,781,0,Fri 15:35→19:39,3,
2026-10-08T02:57Z,2026-10-07 21:58,ANC,Anchorage,AK,top,2026-12-03,2026-12-03,Thu,2026-12-06,error,,,,,0,no flights found; received error
2026-10-08T02:57Z,2026-10-07 21:58,ANC,Anchorage,AK,top,2026-12-03,2026-12-04,Fri,2026-12-06,ok,653,653,0,Fri 15:35→19:39,2,
2026-10-08T02:57Z,2026-10-07 21:58,ANC,Anchorage,AK,top,2026-12-10,2026-12-10,Thu,2026-12-13,error,,,,,0,'NoneType' object is not subscriptable
2026-10-08T02:57Z,2026-10-07 21:58,ANC,Anchorage,AK,top,2026-12-10,2026-12-11,Fri,2026-12-13,ok,663,663,0,Fri 15:35→19:39,2,
2026-10-08T02:57Z,2026-10-07 21:58,BWI,Baltimore,MD,top,2026-10-08,2026-10-08,Thu,2026-10-11,ok,617,617,0,Thu 19:45→22:59,2,
2026-10-08T02:57Z,2026-10-07 21:58,BWI,Baltimore,MD,top,2026-10-08,2026-10-09,Fri,2026-10-11,ok,650,650,0,Fri 10:49→13:58,4,
2026-10-08T02:57Z,2026-10-07 21:58,BWI,Baltimore,MD,top,2026-10-15,2026-10-15,Thu,2026-10-18,ok,617,617,0,Thu 19:45→22:59,2,
2026-10-08T02:57Z,2026-10-07 21:58,BWI,Baltimore,MD,top,2026-10-15,2026-10-16,Fri,2026-10-18,ok,617,617,0,Fri 07:30→10:30,4,
2026-10-08T02:57Z,2026-10-07 21:58,BWI,Baltimore,MD,top,2026-10-22,2026-10-22,Thu,2026-10-25,error,,,,,0,no flights found; received error
2026-10-08T02:57Z,2026-10-07 21:58,BWI,Baltimore,MD,top,2026-10-22,2026-10-23,Fri,2026-10-25,ok,593,593,0,Fri 07:30→10:30,4,
2026-10-08T02:57Z,2026-10-07 21:58,BWI,Baltimore,MD,top,2026-10-29,2026-10-29,Thu,2026-11-01,ok,415,415,0,Thu 18:29→21:42,1,
2026-10-08T02:57Z,2026-10-07 21:58,BWI,Baltimore,MD,top,2026-10-29,2026-10-30,Fri,2026-11-01,ok,445,445,0,Fri 07:25→10:29,3,
2026-10-08T02:57Z,2026-10-07 21:58,BWI,Baltimore,MD,top,2026-11-05,2026-11-05,Thu,2026-11-08,ok,405,405,0,Thu 18:29→21:42,2,
2026-10-08T02:57Z,2026-10-07 21:58,BWI,Baltimore,MD,top,2026-11-05,2026-11-06,Fri,2026-11-08,ok,435,435,0,Fri 07:25→10:29,3,
2026-10-08T02:57Z,2026-10-07 21:58,BWI,Baltimore,MD,top,2026-11-12,2026-11-12,Thu,2026-11-15,ok,405,405,0,Thu 18:29→21:42,2,
2026-10-08T02:57Z,2026-10-07 21:58,BWI,Baltimore,MD,top,2026-11-12,2026-11-13,Fri,2026-11-15,ok,435,435,0,Fri 07:25→10:29,3,
2026-10-08T02:57Z,2026-10-07 21:58,BWI,Baltimore,MD,top,2026-11-19,2026-11-19,Thu,2026-11-22,ok,441,441,0,Thu 18:29→21:42,2,
2026-10-08T02:57Z,2026-10-07 21:58,BWI,Baltimore,MD,top,2026-11-19,2026-11-20,Fri,2026-11-22,ok,441,441,0,Fri 07:25→10:29,3,
2026-10-08T02:57Z,2026-10-07 21:58,BWI,Baltimore,MD,top,2026-11-26,2026-11-26,Thu,2026-11-29,error,,,,,0,'NoneType' object is not subscriptable
2026-10-08T02:57Z,2026-10-07 21:58,BWI,Baltimore,MD,top,2026-11-26,2026-11-27,Fri,2026-11-29,ok,479,479,0,Fri 11:00→14:06,3,
2026-10-08T02:57Z,2026-10-07 21:58,BWI,Baltimore,MD,top,2026-12-03,2026-12-03,Thu,2026-12-06,ok,405,405,0,Thu 18:25→21:38,1,
2026-10-08T02:57Z,2026-10-07 21:58,BWI,Baltimore,MD,top,2026-12-03,2026-12-04,Fri,2026-12-06,ok,435,435,0,Fri 06:50→09:44,2,
2026-10-08T02:57Z,2026-10-07 21:58,BWI,Baltimore,MD,top,2026-12-10,2026-12-10,Thu,2026-12-13,ok,405,405,0,Thu 18:25→21:38,2,
2026-10-08T02:57Z,2026-10-07 21:58,BWI,Baltimore,MD,top,2026-12-10,2026-12-11,Fri,2026-12-13,ok,435,435,0,Fri 06:50→09:44,2,
2026-10-08T02:57Z,2026-10-07 21:58,COS,Colorado Springs,CO,top,2026-10-08,2026-10-08,Thu,2026-10-11,ok,661,685,1,Thu 19:50→23:59,3,
2026-10-08T02:57Z,2026-10-07 21:58,COS,Colorado Springs,CO,top,2026-10-08,2026-10-09,Fri,2026-10-11,ok,1075,,1,Fri 12:46→16:26,3,
2026-10-08T02:57Z,2026-10-07 21:58,COS,Colorado Springs,CO,top,2026-10-15,2026-10-15,Thu,2026-10-18,ok,677,677,0,Thu 19:47→21:53,3,
2026-10-08T02:57Z,2026-10-07 21:58,COS,Colorado Springs,CO,top,2026-10-15,2026-10-16,Fri,2026-10-18,ok,729,,1,Fri 16:11→21:42,4,
2026-10-08T02:57Z,2026-10-07 21:58,COS,Colorado Springs,CO,top,2026-10-22,2026-10-22,Thu,2026-10-25,ok,729,729,0,Thu 19:47→21:53,2,
2026-10-08T02:57Z,2026-10-07 21:58,COS,Colorado Springs,CO,top,2026-10-22,2026-10-23,Fri,2026-10-25,ok,772,,1,Fri 17:51→23:59,4,
2026-10-08T02:57Z,2026-10-07 21:58,COS,Colorado Springs,CO,top,2026-10-29,2026-10-29,Thu,2026-11-01,ok,444,444,0,Thu 19:50→21:57,3,
2026-10-08T02:57Z,2026-10-07 21:58,COS,Colorado Springs,CO,top,2026-10-29,2026-10-30,Fri,2026-11-01,ok,541,,1,Fri 15:56→20:49,3,
2026-10-08T02:57Z,2026-10-07 21:58,COS,Colorado Springs,CO,top,2026-11-05,2026-11-05,Thu,2026-11-08,ok,458,458,0,Thu 19:50→21:57,3,
2026-10-08T02:57Z,2026-10-07 21:58,COS,Colorado Springs,CO,top,2026-11-05,2026-11-06,Fri,2026-11-08,ok,470,,1,Fri 17:48→23:59,5,
2026-10-08T02:57Z,2026-10-07 21:58,COS,Colorado Springs,CO,top,2026-11-12,2026-11-12,Thu,2026-11-15,ok,434,434,0,Thu 19:50→21:57,3,
2026-10-08T02:57Z,2026-10-07 21:58,COS,Colorado Springs,CO,top,2026-11-12,2026-11-13,Fri,2026-11-15,ok,480,,1,Fri 17:48→23:59,3,
2026-10-08T02:57Z,2026-10-07 21:58,COS,Colorado Springs,CO,top,2026-11-19,2026-11-19,Thu,2026-11-22,ok,462,462,0,Thu 19:50→21:57,3,
2026-10-08T02:57Z,2026-10-07 21:58,COS,Colorado Springs,CO,top,2026-11-19,2026-11-20,Fri,2026-11-22,ok,559,,1,Fri 14:30→20:49,5,
2026-10-08T02:57Z,2026-10-07 21:58,COS,Colorado Springs,CO,top,2026-11-26,2026-11-26,Thu,2026-11-29,error,,,,,0,'NoneType' object is not subscriptable
2026-10-08T02:57Z,2026-10-07 21:58,COS,Colorado Springs,CO,top,2026-11-26,2026-11-27,Fri,2026-11-29,ok,828,,1,Fri 17:48→23:59,5,
2026-10-08T02:57Z,2026-10-07 21:58,COS,Colorado Springs,CO,top,2026-12-03,2026-12-03,Thu,2026-12-06,ok,458,458,0,Thu 19:52→21:59,3,
2026-10-08T02:57Z,2026-10-07 21:58,COS,Colorado Springs,CO,top,2026-12-03,2026-12-04,Fri,2026-12-06,ok,620,,1,Fri 14:35→18:56,3,
2026-10-08T02:57Z,2026-10-07 21:58,COS,Colorado Springs,CO,top,2026-12-10,2026-12-10,Thu,2026-12-13,ok,496,496,0,Thu 19:52→21:59,3,
2026-10-08T02:57Z,2026-10-07 21:58,COS,Colorado Springs,CO,top,2026-12-10,2026-12-11,Fri,2026-12-13,ok,696,,1,Fri 12:59→17:19,5,
2026-10-08T02:57Z,2026-10-07 21:58,DSM,Des Moines,IA,state,2026-10-08,2026-10-08,Thu,2026-10-11,ok,657,657,0,Thu 19:55→21:23,2,
2026-10-08T02:57Z,2026-10-07 21:58,DSM,Des Moines,IA,state,2026-10-08,2026-10-09,Fri,2026-10-11,ok,657,657,0,Fri 09:00→10:31,4,
2026-10-08T02:57Z,2026-10-07 21:58,DSM,Des Moines,IA,state,2026-10-15,2026-10-15,Thu,2026-10-18,ok,657,657,0,Thu 19:55→21:23,2,
2026-10-08T02:57Z,2026-10-07 21:58,DSM,Des Moines,IA,state,2026-10-15,2026-10-16,Fri,2026-10-18,ok,657,657,0,Fri 09:00→10:31,4,
2026-10-08T02:57Z,2026-10-07 21:58,DSM,Des Moines,IA,state,2026-10-22,2026-10-22,Thu,2026-10-25,ok,557,557,0,Thu 19:55→21:23,2,
2026-10-08T02:57Z,2026-10-07 21:58,DSM,Des Moines,IA,state,2026-10-22,2026-10-23,Fri,2026-10-25,ok,557,557,0,Fri 09:00→10:31,4,
2026-10-08T02:57Z,2026-10-07 21:58,DSM,Des Moines,IA,state,2026-10-29,2026-10-29,Thu,2026-11-01,ok,413,413,0,Thu 20:25→21:55,3,
2026-10-08T02:57Z,2026-10-07 21:58,DSM,Des Moines,IA,state,2026-10-29,2026-10-30,Fri,2026-11-01,error,,,,,0,no flights found; received error
2026-10-08T02:57Z,2026-10-07 21:58,DSM,Des Moines,IA,state,2026-11-05,2026-11-05,Thu,2026-11-08,error,,,,,0,no flights found; received error
2026-10-08T02:57Z,2026-10-07 21:58,DSM,Des Moines,IA,state,2026-11-05,2026-11-06,Fri,2026-11-08,ok,434,434,0,Fri 17:45→19:16,4,
2026-10-08T02:57Z,2026-10-07 21:58,DSM,Des Moines,IA,state,2026-11-12,2026-11-12,Thu,2026-11-15,ok,399,399,0,Thu 20:25→21:55,3,
2026-10-08T02:57Z,2026-10-07 21:58,DSM,Des Moines,IA,state,2026-11-12,2026-11-13,Fri,2026-11-15,ok,434,434,0,Fri 17:45→19:16,4,
2026-10-08T02:57Z,2026-10-07 21:58,DSM,Des Moines,IA,state,2026-11-19,2026-11-19,Thu,2026-11-22,ok,418,418,0,Thu 20:25→21:55,3,
2026-10-08T02:57Z,2026-10-07 21:58,DSM,Des Moines,IA,state,2026-11-19,2026-11-20,Fri,2026-11-22,ok,418,418,0,Fri 16:00→17:28,4,
2026-10-08T02:57Z,2026-10-07 21:58,DSM,Des Moines,IA,state,2026-11-26,2026-11-26,Thu,2026-11-29,error,,,,,0,'NoneType' object is not subscriptable
2026-10-08T02:57Z,2026-10-07 21:58,DSM,Des Moines,IA,state,2026-11-26,2026-11-27,Fri,2026-11-29,ok,434,434,0,Fri 08:50→10:32,5,
2026-10-08T02:57Z,2026-10-07 21:58,DSM,Des Moines,IA,state,2026-12-03,2026-12-03,Thu,2026-12-06,ok,399,399,0,Thu 19:55→21:25,2,
2026-10-08T02:57Z,2026-10-07 21:58,DSM,Des Moines,IA,state,2026-12-03,2026-12-04,Fri,2026-12-06,ok,434,434,0,Fri 17:45→19:19,2,
2026-10-08T02:57Z,2026-10-07 21:58,DSM,Des Moines,IA,state,2026-12-10,2026-12-10,Thu,2026-12-13,ok,399,399,0,Thu 19:55→21:25,2,
2026-10-08T02:57Z,2026-10-07 21:58,DSM,Des Moines,IA,state,2026-12-10,2026-12-11,Fri,2026-12-13,ok,434,434,0,Fri 08:55→10:37,4,
2026-10-08T02:57Z,2026-10-07 21:58,JAN,Jackson,MS,state,2026-10-08,2026-10-08,Thu,2026-10-11,ok,1082,,1,Thu 21:45→13:33,2,
2026-10-08T02:57Z,2026-10-07 21:58,JAN,Jackson,MS,state,2026-10-08,2026-10-09,Fri,2026-10-11,ok,715,,1,Fri 06:25→11:27,4,
2026-10-08T02:57Z,2026-10-07 21:58,JAN,Jackson,MS,state,2026-10-15,2026-10-15,Thu,2026-10-18,ok,1031,,1,Thu 21:45→11:27,1,
2026-10-08T02:57Z,2026-10-07 21:58,JAN,Jackson,MS,state,2026-10-15,2026-10-16,Fri,2026-10-18,ok,829,,1,Fri 08:45→16:25,3,
2026-10-08T02:57Z,2026-10-07 21:58,JAN,Jackson,MS,state,2026-10-22,2026-10-22,Thu,2026-10-25,ok,953,,1,Thu 21:45→11:27,1,
2026-10-08T02:57Z,2026-10-07 21:58,JAN,Jackson,MS,state,2026-10-22,2026-10-23,Fri,2026-10-25,ok,731,,1,Fri 07:30→13:33,5,
2026-10-08T02:57Z,2026-10-07 21:58,JAN,Jackson,MS,state,2026-10-29,2026-10-29,Thu,2026-11-01,ok,679,,1,Thu 21:35→11:15,1,
2026-10-08T02:57Z,2026-10-07 21:58,JAN,Jackson,MS,state,2026-10-29,2026-10-30,Fri,2026-11-01,ok,652,,1,Fri 10:34→16:34,3,
2026-10-08T02:57Z,2026-10-07 21:58,JAN,Jackson,MS,state,2026-11-05,2026-11-05,Thu,2026-11-08,ok,679,,1,Thu 21:35→11:15,1,
2026-10-08T02:57Z,2026-10-07 21:58,JAN,Jackson,MS,state,2026-11-05,2026-11-06,Fri,2026-11-08,ok,705,,1,Fri 09:21→16:34,3,
2026-10-08T02:57Z,2026-10-07 21:58,JAN,Jackson,MS,state,2026-11-12,2026-11-12,Thu,2026-11-15,ok,679,,1,Thu 21:35→11:15,1,
2026-10-08T02:57Z,2026-10-07 21:58,JAN,Jackson,MS,state,2026-11-12,2026-11-13,Fri,2026-11-15,ok,656,,1,Fri 10:34→16:34,3,
2026-10-08T02:57Z,2026-10-07 21:58,JAN,Jackson,MS,state,2026-11-19,2026-11-19,Thu,2026-11-22,ok,752,,1,Thu 21:35→11:15,1,
2026-10-08T02:57Z,2026-10-07 21:58,JAN,Jackson,MS,state,2026-11-19,2026-11-20,Fri,2026-11-22,ok,657,,1,Fri 09:21→16:34,3,
2026-10-08T02:57Z,2026-10-07 21:58,JAN,Jackson,MS,state,2026-11-26,2026-11-26,Thu,2026-11-29,error,,,,,0,'NoneType' object is not subscriptable
2026-10-08T02:57Z,2026-10-07 21:58,JAN,Jackson,MS,state,2026-11-26,2026-11-27,Fri,2026-11-29,ok,881,,1,Fri 12:40→20:26,4,
2026-10-08T02:57Z,2026-10-07 21:58,JAN,Jackson,MS,state,2026-12-03,2026-12-03,Thu,2026-12-06,ok,717,,1,Thu 21:35→11:23,1,
2026-10-08T02:57Z,2026-10-07 21:58,JAN,Jackson,MS,state,2026-12-03,2026-12-04,Fri,2026-12-06,ok,699,,1,Fri 05:45→11:23,4,
2026-10-08T02:57Z,2026-10-07 21:58,JAN,Jackson,MS,state,2026-12-10,2026-12-10,Thu,2026-12-13,ok,629,,1,Thu 21:35→11:23,1,
2026-10-08T02:57Z,2026-10-07 21:58,JAN,Jackson,MS,state,2026-12-10,2026-12-11,Fri,2026-12-13,ok,590,,1,Fri 09:19→16:34,2,
2026-10-08T02:57Z,2026-10-07 21:58,FAR,Fargo,ND,state,2026-10-08,2026-10-08,Thu,2026-10-11,ok,627,627,0,Thu 21:20→23:34,3,
2026-10-08T02:57Z,2026-10-07 21:58,FAR,Fargo,ND,state,2026-10-08,2026-10-09,Fri,2026-10-11,ok,627,627,0,Fri 17:45→20:00,4,
2026-10-08T02:57Z,2026-10-07 21:58,FAR,Fargo,ND,state,2026-10-15,2026-10-15,Thu,2026-10-18,ok,612,612,0,Thu 21:20→23:34,3,
2026-10-08T02:57Z,2026-10-07 21:58,FAR,Fargo,ND,state,2026-10-15,2026-10-16,Fri,2026-10-18,ok,1042,1080,2,Fri 09:00→16:32,2,
2026-10-08T02:57Z,2026-10-07 21:58,FAR,Fargo,ND,state,2026-10-22,2026-10-22,Thu,2026-10-25,ok,459,459,0,Thu 21:20→23:34,2,
2026-10-08T02:57Z,2026-10-07 21:58,FAR,Fargo,ND,state,2026-10-22,2026-10-23,Fri,2026-10-25,ok,459,459,0,Fri 08:40→10:55,4,
2026-10-08T02:57Z,2026-10-07 21:58,FAR,Fargo,ND,state,2026-10-29,2026-10-29,Thu,2026-11-01,ok,419,419,0,Thu 21:20→23:32,3,
2026-10-08T02:57Z,2026-10-07 21:58,FAR,Fargo,ND,state,2026-10-29,2026-10-30,Fri,2026-11-01,ok,419,419,0,Fri 08:40→10:55,4,
2026-10-08T02:57Z,2026-10-07 21:58,FAR,Fargo,ND,state,2026-11-05,2026-11-05,Thu,2026-11-08,ok,419,419,0,Thu 21:20→23:32,3,
2026-10-08T02:57Z,2026-10-07 21:58,FAR,Fargo,ND,state,2026-11-05,2026-11-06,Fri,2026-11-08,ok,419,419,0,Fri 12:45→15:00,4,
2026-10-08T02:57Z,2026-10-07 21:58,FAR,Fargo,ND,state,2026-11-12,2026-11-12,Thu,2026-11-15,ok,419,419,0,Thu 21:20→23:32,2,
2026-10-08T02:57Z,2026-10-07 21:58,FAR,Fargo,ND,state,2026-11-12,2026-11-13,Fri,2026-11-15,ok,419,419,0,Fri 08:40→10:55,4,
2026-10-08T02:57Z,2026-10-07 21:58,FAR,Fargo,ND,state,2026-11-19,2026-11-19,Thu,2026-11-22,ok,419,419,0,Thu 21:20→23:32,2,
2026-10-08T02:57Z,2026-10-07 21:58,FAR,Fargo,ND,state,2026-11-19,2026-11-20,Fri,2026-11-22,ok,433,433,0,Fri 16:29→18:48,4,
2026-10-08T02:57Z,2026-10-07 21:58,FAR,Fargo,ND,state,2026-11-26,2026-11-26,Thu,2026-11-29,error,,,,,0,'NoneType' object is not subscriptable
2026-10-08T02:57Z,2026-10-07 21:58,FAR,Fargo,ND,state,2026-11-26,2026-11-27,Fri,2026-11-29,ok,505,505,0,Fri 08:40→10:55,4,
2026-10-08T02:57Z,2026-10-07 21:58,FAR,Fargo,ND,state,2026-12-03,2026-12-03,Thu,2026-12-06,ok,419,419,0,Thu 19:45→21:59,4,
2026-10-08T02:57Z,2026-10-07 21:58,FAR,Fargo,ND,state,2026-12-03,2026-12-04,Fri,2026-12-06,ok,419,419,0,Fri 08:40→10:55,4,
2026-10-08T02:57Z,2026-10-07 21:58,FAR,Fargo,ND,state,2026-12-10,2026-12-10,Thu,2026-12-13,ok,419,419,0,Thu 19:45→21:59,3,
2026-10-08T02:57Z,2026-10-07 21:58,FAR,Fargo,ND,state,2026-12-10,2026-12-11,Fri,2026-12-13,ok,419,419,0,Fri 08:40→10:55,4,
2026-10-08T02:57Z,2026-10-07 21:58,RAP,Rapid City,SD,state,2026-10-08,2026-10-08,Thu,2026-10-11,ok,919,,1,Thu 22:00→09:28,1,
2026-10-08T02:57Z,2026-10-07 21:58,RAP,Rapid City,SD,state,2026-10-08,2026-10-09,Fri,2026-10-11,ok,867,,1,Fri 05:00→09:28,5,
2026-10-08T02:57Z,2026-10-07 21:58,RAP,Rapid City,SD,state,2026-10-15,2026-10-15,Thu,2026-10-18,ok,753,,2,Thu 21:30→09:28,2,
2026-10-08T02:57Z,2026-10-07 21:58,RAP,Rapid City,SD,state,2026-10-15,2026-10-16,Fri,2026-10-18,ok,849,,1,Fri 10:55→19:08,4,
2026-10-08T02:57Z,2026-10-07 21:58,RAP,Rapid City,SD,state,2026-10-22,2026-10-22,Thu,2026-10-25,ok,832,,1,Thu 22:00→12:26,2,
2026-10-08T02:57Z,2026-10-07 21:58,RAP,Rapid City,SD,state,2026-10-22,2026-10-23,Fri,2026-10-25,ok,689,,1,Fri 14:30→20:52,5,
2026-10-08T02:57Z,2026-10-07 21:58,RAP,Rapid City,SD,state,2026-10-29,2026-10-29,Thu,2026-11-01,ok,548,,1,Thu 21:47→09:33,1,
2026-10-08T02:57Z,2026-10-07 21:58,RAP,Rapid City,SD,state,2026-10-29,2026-10-30,Fri,2026-11-01,ok,439,,1,Fri 13:00→17:09,5,
2026-10-08T02:57Z,2026-10-07 21:58,RAP,Rapid City,SD,state,2026-11-05,2026-11-05,Thu,2026-11-08,ok,716,,2,Thu 21:25→09:33,2,
2026-10-08T02:57Z,2026-10-07 21:58,RAP,Rapid City,SD,state,2026-11-05,2026-11-06,Fri,2026-11-08,ok,510,,1,Fri 14:30→19:19,5,
2026-10-08T02:57Z,2026-10-07 21:58,RAP,Rapid City,SD,state,2026-11-12,2026-11-12,Thu,2026-11-15,ok,662,,1,Thu 21:47→09:33,1,
2026-10-08T02:57Z,2026-10-07 21:58,RAP,Rapid City,SD,state,2026-11-12,2026-11-13,Fri,2026-11-15,ok,439,,1,Fri 13:00→17:09,5,
2026-10-08T02:57Z,2026-10-07 21:58,RAP,Rapid City,SD,state,2026-11-19,2026-11-19,Thu,2026-11-22,ok,611,,1,Thu 21:47→09:33,1,
2026-10-08T02:57Z,2026-10-07 21:58,RAP,Rapid City,SD,state,2026-11-19,2026-11-20,Fri,2026-11-22,ok,439,,1,Fri 14:30→20:43,5,
2026-10-08T02:57Z,2026-10-07 21:58,RAP,Rapid City,SD,state,2026-11-26,2026-11-26,Thu,2026-11-29,error,,,,,0,no flights found; received error
2026-10-08T02:57Z,2026-10-07 21:58,RAP,Rapid City,SD,state,2026-11-26,2026-11-27,Fri,2026-11-29,ok,716,,1,Fri 15:56→20:43,3,
2026-10-08T02:57Z,2026-10-07 21:58,RAP,Rapid City,SD,state,2026-12-03,2026-12-03,Thu,2026-12-06,ok,419,419,0,Thu 19:50→21:42,2,
2026-10-08T02:57Z,2026-10-07 21:58,RAP,Rapid City,SD,state,2026-12-03,2026-12-04,Fri,2026-12-06,ok,429,,1,Fri 14:35→19:51,5,
2026-10-08T02:57Z,2026-10-07 21:58,RAP,Rapid City,SD,state,2026-12-10,2026-12-10,Thu,2026-12-13,ok,419,419,0,Thu 19:50→21:42,3,
2026-10-08T02:57Z,2026-10-07 21:58,RAP,Rapid City,SD,state,2026-12-10,2026-12-11,Fri,2026-12-13,ok,494,,1,Fri 16:07→21:08,4,
2026-10-08T02:57Z,2026-10-07 21:58,JAC,Jackson Hole,WY,state,2026-10-08,2026-10-08,Thu,2026-10-11,ok,1023,,2,Thu 21:32→12:44,3,
2026-10-08T02:57Z,2026-10-07 21:58,JAC,Jackson Hole,WY,state,2026-10-08,2026-10-09,Fri,2026-10-11,ok,707,,1,Fri 07:00→13:45,5,
2026-10-08T02:57Z,2026-10-07 21:58,JAC,Jackson Hole,WY,state,2026-10-15,2026-10-15,Thu,2026-10-18,ok,927,,2,Thu 21:30→09:44,4,
2026-10-08T02:57Z,2026-10-07 21:58,JAC,Jackson Hole,WY,state,2026-10-15,2026-10-16,Fri,2026-10-18,ok,720,,1,Fri 10:55→15:24,3,
2026-10-08T02:57Z,2026-10-07 21:58,JAC,Jackson Hole,WY,state,2026-10-22,2026-10-22,Thu,2026-10-25,ok,922,,2,Thu 21:20→09:44,3,
2026-10-08T02:57Z,2026-10-07 21:58,JAC,Jackson Hole,WY,state,2026-10-22,2026-10-23,Fri,2026-10-25,ok,743,743,0,Fri 16:20→18:41,5,
2026-10-08T02:57Z,2026-10-07 21:58,JAC,Jackson Hole,WY,state,2026-10-29,2026-10-29,Thu,2026-11-01,ok,737,,2,Thu 19:59→09:47,2,
2026-10-08T02:57Z,2026-10-07 21:58,JAC,Jackson Hole,WY,state,2026-10-29,2026-10-30,Fri,2026-11-01,ok,649,,1,Fri 08:40→13:25,4,
2026-10-08T02:57Z,2026-10-07 21:58,JAC,Jackson Hole,WY,state,2026-11-05,2026-11-05,Thu,2026-11-08,ok,697,,2,Thu 20:03→13:25,2,
2026-10-08T02:57Z,2026-10-07 21:58,JAC,Jackson Hole,WY,state,2026-11-05,2026-11-06,Fri,2026-11-08,ok,591,,1,Fri 08:40→13:25,3,
2026-10-08T02:57Z,2026-10-07 21:58,JAC,Jackson Hole,WY,state,2026-11-12,2026-11-12,Thu,2026-11-15,ok,758,,2,Thu 19:59→09:47,2,
2026-10-08T02:57Z,2026-10-07 21:58,JAC,Jackson Hole,WY,state,2026-11-12,2026-11-13,Fri,2026-11-15,ok,640,,1,Fri 08:40→13:25,3,
2026-10-08T02:57Z,2026-10-07 21:58,JAC,Jackson Hole,WY,state,2026-11-19,2026-11-19,Thu,2026-11-22,ok,792,,1,Thu 21:47→09:47,2,
2026-10-08T02:57Z,2026-10-07 21:58,JAC,Jackson Hole,WY,state,2026-11-19,2026-11-20,Fri,2026-11-22,ok,591,,1,Fri 14:30→20:57,4,
2026-10-08T02:57Z,2026-10-07 21:58,JAC,Jackson Hole,WY,state,2026-11-26,2026-11-26,Thu,2026-11-29,error,,,,,0,'NoneType' object is not subscriptable
2026-10-08T02:57Z,2026-10-07 21:58,JAC,Jackson Hole,WY,state,2026-11-26,2026-11-27,Fri,2026-11-29,ok,1085,,1,Fri 08:40→09:47,6,
2026-10-08T02:57Z,2026-10-07 21:58,JAC,Jackson Hole,WY,state,2026-12-03,2026-12-03,Thu,2026-12-06,ok,719,,1,Thu 21:30→09:48,1,
2026-10-08T02:57Z,2026-10-07 21:58,JAC,Jackson Hole,WY,state,2026-12-03,2026-12-04,Fri,2026-12-06,ok,571,571,0,Fri 08:58→11:23,4,
2026-10-08T02:57Z,2026-10-07 21:58,JAC,Jackson Hole,WY,state,2026-12-10,2026-12-10,Thu,2026-12-13,ok,719,,1,Thu 21:30→09:48,4,
2026-10-08T02:57Z,2026-10-07 21:58,JAC,Jackson Hole,WY,state,2026-12-10,2026-12-11,Fri,2026-12-13,ok,634,,1,Fri 14:35→21:13,5,
2026-10-08T02:57Z,2026-10-07 21:57,EWR,Newark / New York,NJ,top,2026-10-08,2026-10-08,Thu,2026-10-11,ok,771,771,0,Thu 19:52→23:15,5,
2026-10-08T02:57Z,2026-10-07 21:57,EWR,Newark / New York,NJ,top,2026-10-08,2026-10-09,Fri,2026-10-11,ok,521,521,0,Fri 16:00→19:30,7,
2026-10-08T02:57Z,2026-10-07 21:57,EWR,Newark / New York,NJ,top,2026-10-15,2026-10-15,Thu,2026-10-18,ok,818,,1,Thu 21:41→08:08,4,
2026-10-08T02:57Z,2026-10-07 21:57,EWR,Newark / New York,NJ,top,2026-10-15,2026-10-16,Fri,2026-10-18,ok,580,580,0,Fri 10:55→14:18,5,
2026-10-08T02:57Z,2026-10-07 21:57,EWR,Newark / New York,NJ,top,2026-10-22,2026-10-22,Thu,2026-10-25,ok,499,499,0,Thu 21:35→00:57,4,
2026-10-08T02:57Z,2026-10-07 21:57,EWR,Newark / New York,NJ,top,2026-10-22,2026-10-23,Fri,2026-10-25,ok,494,494,0,Fri 16:00→19:30,7,
2026-10-08T02:57Z,2026-10-07 21:57,EWR,Newark / New York,NJ,top,2026-10-29,2026-10-29,Thu,2026-11-01,ok,410,410,0,Thu 21:48→00:59,4,
2026-10-08T02:57Z,2026-10-07 21:57,EWR,Newark / New York,NJ,top,2026-10-29,2026-10-30,Fri,2026-11-01,ok,375,375,0,Fri 16:40→20:04,8,
2026-10-08T02:57Z,2026-10-07 21:57,EWR,Newark / New York,NJ,top,2026-11-05,2026-11-05,Thu,2026-11-08,ok,351,351,0,Thu 20:40→23:59,5,
2026-10-08T02:57Z,2026-10-07 21:57,EWR,Newark / New York,NJ,top,2026-11-05,2026-11-06,Fri,2026-11-08,ok,375,375,0,Fri 17:29→20:51,8,
2026-10-08T02:57Z,2026-10-07 21:57,EWR,Newark / New York,NJ,top,2026-11-12,2026-11-12,Thu,2026-11-15,ok,351,351,0,Thu 20:40→23:59,5,
2026-10-08T02:57Z,2026-10-07 21:57,EWR,Newark / New York,NJ,top,2026-11-12,2026-11-13,Fri,2026-11-15,ok,375,375,0,Fri 12:59→16:17,8,
2026-10-08T02:57Z,2026-10-07 21:57,EWR,Newark / New York,NJ,top,2026-11-19,2026-11-19,Thu,2026-11-22,ok,437,437,0,Thu 19:45→23:04,4,
2026-10-08T02:57Z,2026-10-07 21:57,EWR,Newark / New York,NJ,top,2026-11-19,2026-11-20,Fri,2026-11-22,ok,477,477,0,Fri 16:40→20:04,8,
2026-10-08T02:57Z,2026-10-07 21:57,EWR,Newark / New York,NJ,top,2026-11-26,2026-11-26,Thu,2026-11-29,error,,,,,0,'NoneType' object is not subscriptable
2026-10-08T02:57Z,2026-10-07 21:57,EWR,Newark / New York,NJ,top,2026-11-26,2026-11-27,Fri,2026-11-29,ok,580,580,0,Fri 14:30→17:52,5,
2026-10-08T02:57Z,2026-10-07 21:57,EWR,Newark / New York,NJ,top,2026-12-03,2026-12-03,Thu,2026-12-06,ok,546,,1,Thu 21:50→08:35,3,
2026-10-08T02:57Z,2026-10-07 21:57,EWR,Newark / New York,NJ,top,2026-12-03,2026-12-04,Fri,2026-12-06,ok,375,375,0,Fri 16:37→20:01,6,
2026-10-08T02:57Z,2026-10-07 21:57,EWR,Newark / New York,NJ,top,2026-12-10,2026-12-10,Thu,2026-12-13,ok,546,732,1,Thu 21:50→07:24,4,
2026-10-08T02:57Z,2026-10-07 21:57,EWR,Newark / New York,NJ,top,2026-12-10,2026-12-11,Fri,2026-12-13,ok,405,405,0,Fri 14:30→17:52,6,
2026-10-08T02:57Z,2026-10-07 21:57,LGA,New York LaGuardia,NY,top,2026-10-08,2026-10-08,Thu,2026-10-11,ok,561,561,0,Thu 18:00→21:25,4,
2026-10-08T02:57Z,2026-10-07 21:57,LGA,New York LaGuardia,NY,top,2026-10-08,2026-10-09,Fri,2026-10-11,ok,481,481,0,Fri 14:00→17:25,9,
2026-10-08T02:57Z,2026-10-07 21:57,LGA,New York LaGuardia,NY,top,2026-10-15,2026-10-15,Thu,2026-10-18,ok,481,481,0,Thu 18:29→21:54,3,
2026-10-08T02:57Z,2026-10-07 21:57,LGA,New York LaGuardia,NY,top,2026-10-15,2026-10-16,Fri,2026-10-18,ok,481,481,0,Fri 14:00→17:25,8,
2026-10-08T02:57Z,2026-10-07 21:57,LGA,New York LaGuardia,NY,top,2026-10-22,2026-10-22,Thu,2026-10-25,ok,500,500,0,Thu 18:29→21:54,3,
2026-10-08T02:57Z,2026-10-07 21:57,LGA,New York LaGuardia,NY,top,2026-10-22,2026-10-23,Fri,2026-10-25,ok,445,445,0,Fri 17:00→20:25,9,
2026-10-08T02:57Z,2026-10-07 21:57,LGA,New York LaGuardia,NY,top,2026-10-29,2026-10-29,Thu,2026-11-01,ok,502,502,0,Thu 18:26→21:59,2,
2026-10-08T02:57Z,2026-10-07 21:57,LGA,New York LaGuardia,NY,top,2026-10-29,2026-10-30,Fri,2026-11-01,ok,435,435,0,Fri 14:00→17:15,10,
2026-10-08T02:57Z,2026-10-07 21:57,LGA,New York LaGuardia,NY,top,2026-11-05,2026-11-05,Thu,2026-11-08,ok,367,367,0,Thu 20:10→23:29,2,
2026-10-08T02:57Z,2026-10-07 21:57,LGA,New York LaGuardia,NY,top,2026-11-05,2026-11-06,Fri,2026-11-08,ok,375,375,0,Fri 14:00→17:15,10,
2026-10-08T02:57Z,2026-10-07 21:57,LGA,New York LaGuardia,NY,top,2026-11-12,2026-11-12,Thu,2026-11-15,ok,351,351,0,Thu 20:10→23:29,2,
2026-10-08T02:57Z,2026-10-07 21:57,LGA,New York LaGuardia,NY,top,2026-11-12,2026-11-13,Fri,2026-11-15,ok,375,375,0,Fri 11:02→14:23,10,
2026-10-08T02:57Z,2026-10-07 21:57,LGA,New York LaGuardia,NY,top,2026-11-19,2026-11-19,Thu,2026-11-22,ok,415,415,0,Thu 18:26→21:59,2,
2026-10-08T02:57Z,2026-10-07 21:57,LGA,New York LaGuardia,NY,top,2026-11-19,2026-11-20,Fri,2026-11-22,ok,415,415,0,Fri 17:00→20:19,9,
2026-10-08T02:57Z,2026-10-07 21:57,LGA,New York LaGuardia,NY,top,2026-11-26,2026-11-26,Thu,2026-11-29,error,,,,,0,'NoneType' object is not subscriptable
2026-10-08T02:57Z,2026-10-07 21:57,LGA,New York LaGuardia,NY,top,2026-11-26,2026-11-27,Fri,2026-11-29,ok,522,522,0,Fri 11:59→15:10,8,
2026-10-08T02:57Z,2026-10-07 21:57,LGA,New York LaGuardia,NY,top,2026-12-03,2026-12-03,Thu,2026-12-06,ok,435,435,0,Thu 18:03→21:29,3,
2026-10-08T02:57Z,2026-10-07 21:57,LGA,New York LaGuardia,NY,top,2026-12-03,2026-12-04,Fri,2026-12-06,ok,466,466,0,Fri 08:50→12:08,7,
2026-10-08T02:57Z,2026-10-07 21:57,LGA,New York LaGuardia,NY,top,2026-12-10,2026-12-10,Thu,2026-12-13,ok,409,409,0,Thu 18:30→21:59,3,
2026-10-08T02:57Z,2026-10-07 21:57,LGA,New York LaGuardia,NY,top,2026-12-10,2026-12-11,Fri,2026-12-13,ok,430,430,0,Fri 11:59→15:14,9,
2026-10-08T02:57Z,2026-10-07 21:57,MCO,Orlando,FL,top,2026-10-08,2026-10-08,Thu,2026-10-11,ok,602,1098,1,Thu 19:50→05:36,3,
2026-10-08T02:57Z,2026-10-07 21:57,MCO,Orlando,FL,top,2026-10-08,2026-10-09,Fri,2026-10-11,ok,545,647,1,Fri 07:15→13:57,5,
2026-10-08T02:57Z,2026-10-07 21:57,MCO,Orlando,FL,top,2026-10-15,2026-10-15,Thu,2026-10-18,ok,539,539,0,Thu 18:15→22:07,2,
2026-10-08T02:57Z,2026-10-07 21:57,MCO,Orlando,FL,top,2026-10-15,2026-10-16,Fri,2026-10-18,ok,539,539,0,Fri 12:55→16:44,6,
2026-10-08T02:57Z,2026-10-07 21:57,MCO,Orlando,FL,top,2026-10-22,2026-10-22,Thu,2026-10-25,ok,539,539,0,Thu 19:57→23:54,3,
2026-10-08T02:57Z,2026-10-07 21:57,MCO,Orlando,FL,top,2026-10-22,2026-10-23,Fri,2026-10-25,ok,549,743,1,Fri 16:00→00:59,5,
2026-10-08T02:57Z,2026-10-07 21:57,MCO,Orlando,FL,top,2026-10-29,2026-10-29,Thu,2026-11-01,ok,429,429,0,Thu 19:45→23:39,2,
2026-10-08T02:57Z,2026-10-07 21:57,MCO,Orlando,FL,top,2026-10-29,2026-10-30,Fri,2026-11-01,ok,461,461,0,Fri 16:20→20:12,3,
2026-10-08T02:57Z,2026-10-07 21:57,MCO,Orlando,FL,top,2026-11-05,2026-11-05,Thu,2026-11-08,ok,484,484,1,Thu 18:07→00:59,3,
2026-10-08T02:57Z,2026-10-07 21:57,MCO,Orlando,FL,top,2026-11-05,2026-11-06,Fri,2026-11-08,ok,442,504,1,Fri 07:15→14:50,5,
2026-10-08T02:57Z,2026-10-07 21:57,MCO,Orlando,FL,top,2026-11-12,2026-11-12,Thu,2026-11-15,ok,609,,1,Thu 21:41→12:23,4,
2026-10-08T02:57Z,2026-10-07 21:57,MCO,Orlando,FL,top,2026-11-12,2026-11-13,Fri,2026-11-15,ok,452,452,0,Fri 17:45→21:37,5,
2026-10-08T02:57Z,2026-10-07 21:57,MCO,Orlando,FL,top,2026-11-19,2026-11-19,Thu,2026-11-22,ok,548,548,0,Thu 19:45→23:39,3,
2026-10-08T02:57Z,2026-10-07 21:57,MCO,Orlando,FL,top,2026-11-19,2026-11-20,Fri,2026-11-22,ok,493,565,1,Fri 07:15→14:50,6,
2026-10-08T02:57Z,2026-10-07 21:57,MCO,Orlando,FL,top,2026-11-26,2026-11-26,Thu,2026-11-29,error,,,,,0,'NoneType' object is not subscriptable
2026-10-08T02:57Z,2026-10-07 21:57,MCO,Orlando,FL,top,2026-11-26,2026-11-27,Fri,2026-11-29,ok,699,699,0,Fri 16:20→20:12,4,
2026-10-08T02:57Z,2026-10-07 21:57,MCO,Orlando,FL,top,2026-12-03,2026-12-03,Thu,2026-12-06,ok,457,468,1,Thu 18:15→00:58,2,
2026-10-08T02:57Z,2026-10-07 21:57,MCO,Orlando,FL,top,2026-12-03,2026-12-04,Fri,2026-12-06,ok,446,452,1,Fri 09:00→15:13,6,
2026-10-08T02:57Z,2026-10-07 21:57,MCO,Orlando,FL,top,2026-12-10,2026-12-10,Thu,2026-12-13,ok,442,442,0,Thu 20:05→23:59,1,
2026-10-08T02:57Z,2026-10-07 21:57,MCO,Orlando,FL,top,2026-12-10,2026-12-11,Fri,2026-12-13,ok,436,436,0,Fri 14:05→17:57,6,
2026-10-08T02:57Z,2026-10-07 21:57,AUS,Austin,TX,top,2026-10-08,2026-10-08,Thu,2026-10-11,ok,621,621,0,Thu 20:03→22:58,4,
2026-10-08T02:57Z,2026-10-07 21:57,AUS,Austin,TX,top,2026-10-08,2026-10-09,Fri,2026-10-11,ok,631,,1,Fri 14:10→19:57,4,
2026-10-08T02:57Z,2026-10-07 21:57,AUS,Austin,TX,top,2026-10-15,2026-10-15,Thu,2026-10-18,ok,669,669,0,Thu 20:03→22:58,2,
2026-10-08T02:57Z,2026-10-07 21:57,AUS,Austin,TX,top,2026-10-15,2026-10-16,Fri,2026-10-18,ok,621,621,0,Fri 07:00→09:58,6,
2026-10-08T02:57Z,2026-10-07 21:57,AUS,Austin,TX,top,2026-10-22,2026-10-22,Thu,2026-10-25,ok,764,764,0,Thu 20:03→22:58,3,
2026-10-08T02:57Z,2026-10-07 21:57,AUS,Austin,TX,top,2026-10-22,2026-10-23,Fri,2026-10-25,ok,656,912,1,Fri 05:00→11:30,4,
2026-10-08T02:57Z,2026-10-07 21:57,AUS,Austin,TX,top,2026-10-29,2026-10-29,Thu,2026-11-01,ok,530,530,0,Thu 19:55→22:52,3,
2026-10-08T02:57Z,2026-10-07 21:57,AUS,Austin,TX,top,2026-10-29,2026-10-30,Fri,2026-11-01,ok,449,,1,Fri 13:00→18:55,4,
2026-10-08T02:57Z,2026-10-07 21:57,AUS,Austin,TX,top,2026-11-05,2026-11-05,Thu,2026-11-08,ok,468,468,0,Thu 19:55→22:52,3,
2026-10-08T02:57Z,2026-10-07 21:57,AUS,Austin,TX,top,2026-11-05,2026-11-06,Fri,2026-11-08,ok,421,,1,Fri 13:30→20:58,5,
2026-10-08T02:57Z,2026-10-07 21:57,AUS,Austin,TX,top,2026-11-12,2026-11-12,Thu,2026-11-15,ok,450,450,0,Thu 19:55→22:52,2,
2026-10-08T02:57Z,2026-10-07 21:57,AUS,Austin,TX,top,2026-11-12,2026-11-13,Fri,2026-11-15,ok,404,,1,Fri 13:00→18:55,3,
2026-10-08T02:57Z,2026-10-07 21:57,AUS,Austin,TX,top,2026-11-19,2026-11-19,Thu,2026-11-22,ok,488,488,0,Thu 19:55→22:52,3,
2026-10-08T02:57Z,2026-10-07 21:57,AUS,Austin,TX,top,2026-11-19,2026-11-20,Fri,2026-11-22,ok,476,539,1,Fri 07:29→13:17,4,
2026-10-08T02:57Z,2026-10-07 21:57,AUS,Austin,TX,top,2026-11-26,2026-11-26,Thu,2026-11-29,error,,,,,0,'NoneType' object is not subscriptable
2026-10-08T02:57Z,2026-10-07 21:57,AUS,Austin,TX,top,2026-11-26,2026-11-27,Fri,2026-11-29,ok,586,586,0,Fri 08:40→11:41,5,
2026-10-08T02:57Z,2026-10-07 21:57,AUS,Austin,TX,top,2026-12-03,2026-12-03,Thu,2026-12-06,ok,380,380,0,Thu 19:45→22:45,2,
2026-10-08T02:57Z,2026-10-07 21:57,AUS,Austin,TX,top,2026-12-03,2026-12-04,Fri,2026-12-06,error,,,,,0,no flights found; received error
2026-10-08T02:57Z,2026-10-07 21:57,AUS,Austin,TX,top,2026-12-10,2026-12-10,Thu,2026-12-13,ok,380,380,0,Thu 19:45→22:45,3,
2026-10-08T02:57Z,2026-10-07 21:57,AUS,Austin,TX,top,2026-12-10,2026-12-11,Fri,2026-12-13,ok,399,,1,Fri 05:45→11:11,3,
2026-10-08T02:57Z,2026-10-07 21:57,DTW,Detroit,MI,top,2026-10-08,2026-10-08,Thu,2026-10-11,ok,601,601,0,Thu 18:10→20:40,3,
2026-10-08T02:57Z,2026-10-07 21:57,DTW,Detroit,MI,top,2026-10-08,2026-10-09,Fri,2026-10-11,ok,601,601,0,Fri 06:55→09:28,4,
2026-10-08T02:57Z,2026-10-07 21:57,DTW,Detroit,MI,top,2026-10-15,2026-10-15,Thu,2026-10-18,ok,601,601,0,Thu 18:10→20:40,3,
2026-10-08T02:57Z,2026-10-07 21:57,DTW,Detroit,MI,top,2026-10-15,2026-10-16,Fri,2026-10-18,ok,601,601,0,Fri 06:55→09:28,4,
2026-10-08T02:57Z,2026-10-07 21:57,DTW,Detroit,MI,top,2026-10-22,2026-10-22,Thu,2026-10-25,ok,583,583,0,Thu 18:10→20:40,3,
2026-10-08T02:57Z,2026-10-07 21:57,DTW,Detroit,MI,top,2026-10-22,2026-10-23,Fri,2026-10-25,ok,583,583,0,Fri 12:49→15:27,2,
2026-10-08T02:57Z,2026-10-07 21:57,DTW,Detroit,MI,top,2026-10-29,2026-10-29,Thu,2026-11-01,ok,389,389,0,Thu 19:47→22:22,2,
2026-10-08T02:57Z,2026-10-07 21:57,DTW,Detroit,MI,top,2026-10-29,2026-10-30,Fri,2026-11-01,ok,418,418,0,Fri 14:30→17:10,2,
2026-10-08T02:57Z,2026-10-07 21:57,DTW,Detroit,MI,top,2026-11-05,2026-11-05,Thu,2026-11-08,ok,376,376,0,Thu 19:47→22:22,2,
2026-10-08T02:57Z,2026-10-07 21:57,DTW,Detroit,MI,top,2026-11-05,2026-11-06,Fri,2026-11-08,ok,405,405,0,Fri 14:30→17:10,2,
2026-10-08T02:57Z,2026-10-07 21:57,DTW,Detroit,MI,top,2026-11-12,2026-11-12,Thu,2026-11-15,ok,376,376,0,Thu 19:47→22:22,3,
2026-10-08T02:57Z,2026-10-07 21:57,DTW,Detroit,MI,top,2026-11-12,2026-11-13,Fri,2026-11-15,ok,405,405,0,Fri 14:30→17:10,2,
2026-10-08T02:57Z,2026-10-07 21:57,DTW,Detroit,MI,top,2026-11-19,2026-11-19,Thu,2026-11-22,ok,395,395,0,Thu 19:47→22:22,3,
2026-10-08T02:57Z,2026-10-07 21:57,DTW,Detroit,MI,top,2026-11-19,2026-11-20,Fri,2026-11-22,ok,395,395,0,Fri 17:59→20:30,2,
2026-10-08T02:57Z,2026-10-07 21:57,DTW,Detroit,MI,top,2026-11-26,2026-11-26,Thu,2026-11-29,error,,,,,0,'NoneType' object is not subscriptable
2026-10-08T02:57Z,2026-10-07 21:57,DTW,Detroit,MI,top,2026-11-26,2026-11-27,Fri,2026-11-29,ok,405,405,0,Fri 10:47→13:28,4,
2026-10-08T02:57Z,2026-10-07 21:57,DTW,Detroit,MI,top,2026-12-03,2026-12-03,Thu,2026-12-06,ok,376,376,0,Thu 19:45→22:14,4,
2026-10-08T02:57Z,2026-10-07 21:57,DTW,Detroit,MI,top,2026-12-03,2026-12-04,Fri,2026-12-06,ok,405,405,0,Fri 07:00→09:39,4,
2026-10-08T02:57Z,2026-10-07 21:57,DTW,Detroit,MI,top,2026-12-10,2026-12-10,Thu,2026-12-13,ok,376,376,0,Thu 19:45→22:14,4,
2026-10-08T02:57Z,2026-10-07 21:57,DTW,Detroit,MI,top,2026-12-10,2026-12-11,Fri,2026-12-13,ok,405,405,0,Fri 07:00→09:39,4,
2026-10-08T02:57Z,2026-10-07 21:57,MIA,Miami,FL,top,2026-10-08,2026-10-08,Thu,2026-10-11,error,,,,,0,'NoneType' object is not subscriptable
2026-10-08T02:57Z,2026-10-07 21:57,MIA,Miami,FL,top,2026-10-08,2026-10-09,Fri,2026-10-11,ok,771,771,0,Fri 07:30→11:55,4,
2026-10-08T02:57Z,2026-10-07 21:57,MIA,Miami,FL,top,2026-10-15,2026-10-15,Thu,2026-10-18,error,,,,,0,'NoneType' object is not subscriptable
2026-10-08T02:57Z,2026-10-07 21:57,MIA,Miami,FL,top,2026-10-15,2026-10-16,Fri,2026-10-18,ok,771,771,0,Fri 07:30→11:55,4,
2026-10-08T02:57Z,2026-10-07 21:57,MIA,Miami,FL,top,2026-10-22,2026-10-22,Thu,2026-10-25,error,,,,,0,'NoneType' object is not subscriptable
2026-10-08T02:57Z,2026-10-07 21:57,MIA,Miami,FL,top,2026-10-22,2026-10-23,Fri,2026-10-25,ok,713,713,0,Fri 07:30→11:55,4,
2026-10-08T02:57Z,2026-10-07 21:57,MIA,Miami,FL,top,2026-10-29,2026-10-29,Thu,2026-11-01,ok,501,501,0,Thu 18:12→22:31,1,
2026-10-08T02:57Z,2026-10-07 21:57,MIA,Miami,FL,top,2026-10-29,2026-10-30,Fri,2026-11-01,ok,536,536,0,Fri 07:00→11:11,3,
2026-10-08T02:57Z,2026-10-07 21:57,MIA,Miami,FL,top,2026-11-05,2026-11-05,Thu,2026-11-08,ok,472,472,0,Thu 18:12→22:31,1,
2026-10-08T02:57Z,2026-10-07 21:57,MIA,Miami,FL,top,2026-11-05,2026-11-06,Fri,2026-11-08,ok,507,507,0,Fri 14:30→18:50,3,
2026-10-08T02:57Z,2026-10-07 21:57,MIA,Miami,FL,top,2026-11-12,2026-11-12,Thu,2026-11-15,ok,472,472,0,Thu 18:12→22:31,1,
2026-10-08T02:57Z,2026-10-07 21:57,MIA,Miami,FL,top,2026-11-12,2026-11-13,Fri,2026-11-15,ok,507,507,0,Fri 07:00→11:11,4,
2026-10-08T02:57Z,2026-10-07 21:57,MIA,Miami,FL,top,2026-11-19,2026-11-19,Thu,2026-11-22,error,,,,,0,no flights found; received error
2026-10-08T02:57Z,2026-10-07 21:57,MIA,Miami,FL,top,2026-11-19,2026-11-20,Fri,2026-11-22,error,,,,,0,no flights found; received error
2026-10-08T02:57Z,2026-10-07 21:57,MIA,Miami,FL,top,2026-11-26,2026-11-26,Thu,2026-11-29,error,,,,,0,'NoneType' object is not subscriptable
2026-10-08T02:57Z,2026-10-07 21:57,MIA,Miami,FL,top,2026-11-26,2026-11-27,Fri,2026-11-29,ok,619,619,0,Fri 07:00→11:11,4,
2026-10-08T02:57Z,2026-10-07 21:57,MIA,Miami,FL,top,2026-12-03,2026-12-03,Thu,2026-12-06,error,,,,,0,no flights found; received error
2026-10-08T02:57Z,2026-10-07 21:57,MIA,Miami,FL,top,2026-12-03,2026-12-04,Fri,2026-12-06,error,,,,,0,no flights found; received error
2026-10-08T02:57Z,2026-10-07 21:57,MIA,Miami,FL,top,2026-12-10,2026-12-10,Thu,2026-12-13,error,,,,,0,no flights found; received error
2026-10-08T02:57Z,2026-10-07 21:57,MIA,Miami,FL,top,2026-12-10,2026-12-11,Fri,2026-12-13,ok,640,642,1,Fri 09:19→18:15,5,
2026-10-08T02:57Z,2026-10-07 21:57,MSY,New Orleans,LA,top,2026-10-08,2026-10-08,Thu,2026-10-11,ok,1025,,1,Thu 21:45→13:13,4,
2026-10-08T02:57Z,2026-10-07 21:57,MSY,New Orleans,LA,top,2026-10-08,2026-10-09,Fri,2026-10-11,error,,,,,0,no flights found; received error
2026-10-08T02:57Z,2026-10-07 21:57,MSY,New Orleans,LA,top,2026-10-15,2026-10-15,Thu,2026-10-18,ok,680,680,0,Thu 20:12→22:45,3,
2026-10-08T02:57Z,2026-10-07 21:57,MSY,New Orleans,LA,top,2026-10-15,2026-10-16,Fri,2026-10-18,error,,,,,0,no flights found; received error
2026-10-08T02:57Z,2026-10-07 21:57,MSY,New Orleans,LA,top,2026-10-22,2026-10-22,Thu,2026-10-25,ok,711,711,0,Thu 20:12→22:45,3,
2026-10-08T02:57Z,2026-10-07 21:57,MSY,New Orleans,LA,top,2026-10-22,2026-10-23,Fri,2026-10-25,ok,856,,1,Fri 12:55→19:48,4,
2026-10-08T02:57Z,2026-10-07 21:57,MSY,New Orleans,LA,top,2026-10-29,2026-10-29,Thu,2026-11-01,error,,,,,0,no flights found; received error
2026-10-08T02:57Z,2026-10-07 21:57,MSY,New Orleans,LA,top,2026-10-29,2026-10-30,Fri,2026-11-01,error,,,,,0,no flights found; received error
2026-10-08T02:57Z,2026-10-07 21:57,MSY,New Orleans,LA,top,2026-11-05,2026-11-05,Thu,2026-11-08,ok,812,812,0,Thu 21:20→23:52,2,
2026-10-08T02:57Z,2026-10-07 21:57,MSY,New Orleans,LA,top,2026-11-05,2026-11-06,Fri,2026-11-08,ok,743,,1,Fri 14:30→21:32,5,
2026-10-08T02:57Z,2026-10-07 21:57,MSY,New Orleans,LA,top,2026-11-12,2026-11-12,Thu,2026-11-15,error,,,,,0,no flights found; received error
2026-10-08T02:57Z,2026-10-07 21:57,MSY,New Orleans,LA,top,2026-11-12,2026-11-13,Fri,2026-11-15,error,,,,,0,no flights found; received error
2026-10-08T02:57Z,2026-10-07 21:57,MSY,New Orleans,LA,top,2026-11-19,2026-11-19,Thu,2026-11-22,ok,477,477,0,Thu 21:20→23:52,3,
2026-10-08T02:57Z,2026-10-07 21:57,MSY,New Orleans,LA,top,2026-11-19,2026-11-20,Fri,2026-11-22,ok,528,,1,Fri 16:07→21:43,5,
2026-10-08T02:57Z,2026-10-07 21:57,MSY,New Orleans,LA,top,2026-11-26,2026-11-26,Thu,2026-11-29,error,,,,,0,no flights found; received error
2026-10-08T02:57Z,2026-10-07 21:57,MSY,New Orleans,LA,top,2026-11-26,2026-11-27,Fri,2026-11-29,error,,,,,0,no flights found; received error
2026-10-08T02:57Z,2026-10-07 21:57,MSY,New Orleans,LA,top,2026-12-03,2026-12-03,Thu,2026-12-06,ok,521,521,0,Thu 20:20→22:54,4,
2026-10-08T02:57Z,2026-10-07 21:57,MSY,New Orleans,LA,top,2026-12-03,2026-12-04,Fri,2026-12-06,error,,,,,0,no flights found; received error
2026-10-08T02:57Z,2026-10-07 21:57,MSY,New Orleans,LA,top,2026-12-10,2026-12-10,Thu,2026-12-13,ok,609,645,1,Thu 21:35→16:08,3,
2026-10-08T02:57Z,2026-10-07 21:57,MSY,New Orleans,LA,top,2026-12-10,2026-12-11,Fri,2026-12-13,ok,514,,1,Fri 16:37→23:44,5,
2026-10-08T02:57Z,2026-10-07 21:57,PIT,Pittsburgh,PA,top,2026-10-08,2026-10-08,Thu,2026-10-11,error,,,,,0,no flights found; received error
2026-10-08T02:57Z,2026-10-07 21:57,PIT,Pittsburgh,PA,top,2026-10-08,2026-10-09,Fri,2026-10-11,ok,797,797,0,Fri 07:15→09:54,4,
2026-10-08T02:57Z,2026-10-07 21:57,PIT,Pittsburgh,PA,top,2026-10-15,2026-10-15,Thu,2026-10-18,ok,637,637,0,Thu 21:20→23:59,3,
2026-10-08T02:57Z,2026-10-07 21:57,PIT,Pittsburgh,PA,top,2026-10-15,2026-10-16,Fri,2026-10-18,ok,637,637,0,Fri 12:47→15:25,4,
2026-10-08T02:57Z,2026-10-07 21:57,PIT,Pittsburgh,PA,top,2026-10-22,2026-10-22,Thu,2026-10-25,ok,637,637,0,Thu 21:20→23:59,2,
2026-10-08T02:57Z,2026-10-07 21:57,PIT,Pittsburgh,PA,top,2026-10-22,2026-10-23,Fri,2026-10-25,ok,637,637,0,Fri 12:47→15:25,4,
2026-10-08T02:57Z,2026-10-07 21:57,PIT,Pittsburgh,PA,top,2026-10-29,2026-10-29,Thu,2026-11-01,ok,633,,1,Thu 21:35→11:31,3,
2026-10-08T02:57Z,2026-10-07 21:57,PIT,Pittsburgh,PA,top,2026-10-29,2026-10-30,Fri,2026-11-01,ok,484,484,0,Fri 14:16→16:55,2,
2026-10-08T02:57Z,2026-10-07 21:57,PIT,Pittsburgh,PA,top,2026-11-05,2026-11-05,Thu,2026-11-08,ok,421,421,0,Thu 18:10→20:49,4,
2026-10-08T02:57Z,2026-10-07 21:57,PIT,Pittsburgh,PA,top,2026-11-05,2026-11-06,Fri,2026-11-08,ok,504,,1,Fri 14:30→20:47,3,
2026-10-08T02:57Z,2026-10-07 21:57,PIT,Pittsburgh,PA,top,2026-11-12,2026-11-12,Thu,2026-11-15,ok,465,465,0,Thu 21:30→23:59,3,
2026-10-08T02:57Z,2026-10-07 21:57,PIT,Pittsburgh,PA,top,2026-11-12,2026-11-13,Fri,2026-11-15,ok,504,541,1,Fri 16:00→23:30,4,
2026-10-08T02:57Z,2026-10-07 21:57,PIT,Pittsburgh,PA,top,2026-11-19,2026-11-19,Thu,2026-11-22,ok,435,435,0,Thu 18:10→20:49,3,
2026-10-08T02:57Z,2026-10-07 21:57,PIT,Pittsburgh,PA,top,2026-11-19,2026-11-20,Fri,2026-11-22,ok,435,435,0,Fri 10:30→13:06,5,
2026-10-08T02:57Z,2026-10-07 21:57,PIT,Pittsburgh,PA,top,2026-11-26,2026-11-26,Thu,2026-11-29,error,,,,,0,'NoneType' object is not subscriptable
2026-10-08T02:57Z,2026-10-07 21:57,PIT,Pittsburgh,PA,top,2026-11-26,2026-11-27,Fri,2026-11-29,ok,457,457,0,Fri 12:48→15:19,5,
2026-10-08T02:57Z,2026-10-07 21:57,PIT,Pittsburgh,PA,top,2026-12-03,2026-12-03,Thu,2026-12-06,ok,614,,1,Thu 21:34→09:19,2,
2026-10-08T02:57Z,2026-10-07 21:57,PIT,Pittsburgh,PA,top,2026-12-03,2026-12-04,Fri,2026-12-06,ok,457,457,0,Fri 12:29→15:03,6,
2026-10-08T02:57Z,2026-10-07 21:57,PIT,Pittsburgh,PA,top,2026-12-10,2026-12-10,Thu,2026-12-13,ok,437,437,0,Thu 18:10→20:49,4,
2026-10-08T02:57Z,2026-10-07 21:57,PIT,Pittsburgh,PA,top,2026-12-10,2026-12-11,Fri,2026-12-13,ok,457,457,0,Fri 12:29→15:03,6,
2026-10-08T02:57Z,2026-10-07 21:57,STL,St. Louis,MO,top,2026-10-08,2026-10-08,Thu,2026-10-11,ok,649,649,0,Thu 18:10→19:41,4,
2026-10-08T02:57Z,2026-10-07 21:57,STL,St. Louis,MO,top,2026-10-08,2026-10-09,Fri,2026-10-11,ok,649,649,0,Fri 10:40→12:13,5,
2026-10-08T02:57Z,2026-10-07 21:57,STL,St. Louis,MO,top,2026-10-15,2026-10-15,Thu,2026-10-18,ok,649,649,0,Thu 18:10→19:41,4,
2026-10-08T02:57Z,2026-10-07 21:57,STL,St. Louis,MO,top,2026-10-15,2026-10-16,Fri,2026-10-18,ok,649,649,0,Fri 17:30→19:01,3,
2026-10-08T02:57Z,2026-10-07 21:57,STL,St. Louis,MO,top,2026-10-22,2026-10-22,Thu,2026-10-25,ok,579,579,0,Thu 18:10→19:41,4,
2026-10-08T02:57Z,2026-10-07 21:57,STL,St. Louis,MO,top,2026-10-22,2026-10-23,Fri,2026-10-25,ok,579,579,0,Fri 10:40→12:13,6,
2026-10-08T02:57Z,2026-10-07 21:57,STL,St. Louis,MO,top,2026-10-29,2026-10-29,Thu,2026-11-01,ok,416,416,0,Thu 20:10→21:40,2,
2026-10-08T02:57Z,2026-10-07 21:57,STL,St. Louis,MO,top,2026-10-29,2026-10-30,Fri,2026-11-01,ok,452,452,0,Fri 07:27→08:55,8,
2026-10-08T02:57Z,2026-10-07 21:57,STL,St. Louis,MO,top,2026-11-05,2026-11-05,Thu,2026-11-08,ok,405,405,0,Thu 20:10→21:40,2,
2026-10-08T02:57Z,2026-10-07 21:57,STL,St. Louis,MO,top,2026-11-05,2026-11-06,Fri,2026-11-08,ok,441,441,0,Fri 13:00→14:34,5,
2026-10-08T02:57Z,2026-10-07 21:57,STL,St. Louis,MO,top,2026-11-12,2026-11-12,Thu,2026-11-15,ok,405,405,0,Thu 20:10→21:40,2,
2026-10-08T02:57Z,2026-10-07 21:57,STL,St. Louis,MO,top,2026-11-12,2026-11-13,Fri,2026-11-15,ok,441,441,0,Fri 13:00→14:34,5,
2026-10-08T02:57Z,2026-10-07 21:57,STL,St. Louis,MO,top,2026-11-19,2026-11-19,Thu,2026-11-22,ok,369,369,0,Thu 20:10→21:40,2,
2026-10-08T02:57Z,2026-10-07 21:57,STL,St. Louis,MO,top,2026-11-19,2026-11-20,Fri,2026-11-22,ok,369,369,0,Fri 13:00→14:34,5,
2026-10-08T02:57Z,2026-10-07 21:57,STL,St. Louis,MO,top,2026-11-26,2026-11-26,Thu,2026-11-29,error,,,,,0,'NoneType' object is not subscriptable
2026-10-08T02:57Z,2026-10-07 21:57,STL,St. Louis,MO,top,2026-11-26,2026-11-27,Fri,2026-11-29,ok,441,441,0,Fri 14:12→15:43,4,
2026-10-08T02:57Z,2026-10-07 21:57,STL,St. Louis,MO,top,2026-12-03,2026-12-03,Thu,2026-12-06,ok,405,405,0,Thu 21:45→22:59,2,
2026-10-08T02:57Z,2026-10-07 21:57,STL,St. Louis,MO,top,2026-12-03,2026-12-04,Fri,2026-12-06,ok,441,441,0,Fri 14:48→16:24,4,
2026-10-08T02:57Z,2026-10-07 21:57,STL,St. Louis,MO,top,2026-12-10,2026-12-10,Thu,2026-12-13,ok,405,405,0,Thu 21:45→22:59,2,
2026-10-08T02:57Z,2026-10-07 21:57,STL,St. Louis,MO,top,2026-12-10,2026-12-11,Fri,2026-12-13,ok,441,441,0,Fri 10:52→12:22,6,
2026-10-08T02:57Z,2026-10-07 21:57,SJC,San Jose,CA,top,2026-10-08,2026-10-08,Thu,2026-10-11,ok,1368,1368,0,Thu 19:55→22:42,2,
2026-10-08T02:57Z,2026-10-07 21:57,SJC,San Jose,CA,top,2026-10-08,2026-10-09,Fri,2026-10-11,ok,1369,1369,0,Fri 09:14→12:01,3,
2026-10-08T02:57Z,2026-10-07 21:57,SJC,San Jose,CA,top,2026-10-15,2026-10-15,Thu,2026-10-18,ok,877,877,0,Thu 19:55→22:42,2,
2026-10-08T02:57Z,2026-10-07 21:57,SJC,San Jose,CA,top,2026-10-15,2026-10-16,Fri,2026-10-18,ok,877,877,0,Fri 09:14→12:01,3,
2026-10-08T02:57Z,2026-10-07 21:57,SJC,San Jose,CA,top,2026-10-22,2026-10-22,Thu,2026-10-25,ok,727,727,0,Thu 19:55→22:42,2,
2026-10-08T02:57Z,2026-10-07 21:57,SJC,San Jose,CA,top,2026-10-22,2026-10-23,Fri,2026-10-25,ok,727,727,0,Fri 09:14→12:01,4,
2026-10-08T02:57Z,2026-10-07 21:57,SJC,San Jose,CA,top,2026-10-29,2026-10-29,Thu,2026-11-01,ok,617,617,0,Thu 20:08→22:59,2,
2026-10-08T02:57Z,2026-10-07 21:57,SJC,San Jose,CA,top,2026-10-29,2026-10-30,Fri,2026-11-01,ok,617,617,0,Fri 09:02→12:02,3,
2026-10-08T02:57Z,2026-10-07 21:57,SJC,San Jose,CA,top,2026-11-05,2026-11-05,Thu,2026-11-08,ok,597,597,0,Thu 20:08→22:59,2,
2026-10-08T02:57Z,2026-10-07 21:57,SJC,San Jose,CA,top,2026-11-05,2026-11-06,Fri,2026-11-08,ok,577,577,0,Fri 09:02→12:02,3,
2026-10-08T02:57Z,2026-10-07 21:57,SJC,San Jose,CA,top,2026-11-12,2026-11-12,Thu,2026-11-15,ok,577,577,0,Thu 20:08→22:59,2,
2026-10-08T02:57Z,2026-10-07 21:57,SJC,San Jose,CA,top,2026-11-12,2026-11-13,Fri,2026-11-15,ok,577,577,0,Fri 09:02→12:02,3,
2026-10-08T02:57Z,2026-10-07 21:57,SJC,San Jose,CA,top,2026-11-19,2026-11-19,Thu,2026-11-22,ok,552,552,0,Thu 20:08→22:59,2,
2026-10-08T02:57Z,2026-10-07 21:57,SJC,San Jose,CA,top,2026-11-19,2026-11-20,Fri,2026-11-22,ok,586,,1,Fri 07:00→13:18,4,
2026-10-08T02:57Z,2026-10-07 21:57,SJC,San Jose,CA,top,2026-11-26,2026-11-26,Thu,2026-11-29,error,,,,,0,'NoneType' object is not subscriptable
2026-10-08T02:57Z,2026-10-07 21:57,SJC,San Jose,CA,top,2026-11-26,2026-11-27,Fri,2026-11-29,ok,1057,,1,Fri 10:55→15:08,4,
2026-10-08T02:57Z,2026-10-07 21:57,SJC,San Jose,CA,top,2026-12-03,2026-12-03,Thu,2026-12-06,ok,682,,1,Thu 21:30→13:13,1,
2026-10-08T02:57Z,2026-10-07 21:57,SJC,San Jose,CA,top,2026-12-03,2026-12-04,Fri,2026-12-06,ok,587,,1,Fri 14:35→20:53,3,
2026-10-08T02:57Z,2026-10-07 21:57,SJC,San Jose,CA,top,2026-12-10,2026-12-10,Thu,2026-12-13,ok,682,,1,Thu 21:30→13:13,1,
2026-10-08T02:57Z,2026-10-07 21:57,SJC,San Jose,CA,top,2026-12-10,2026-12-11,Fri,2026-12-13,ok,587,,1,Fri 14:35→20:53,3,
2026-10-08T02:57Z,2026-10-07 21:57,RSW,Fort Myers,FL,top,2026-10-08,2026-10-08,Thu,2026-10-11,ok,1022,,1,Thu 21:52→11:10,1,
2026-10-08T02:57Z,2026-10-07 21:57,RSW,Fort Myers,FL,top,2026-10-08,2026-10-09,Fri,2026-10-11,ok,676,676,0,Fri 07:05→11:11,4,
2026-10-08T02:57Z,2026-10-07 21:57,RSW,Fort Myers,FL,top,2026-10-15,2026-10-15,Thu,2026-10-18,ok,937,,1,Thu 21:45→13:01,3,
2026-10-08T02:57Z,2026-10-07 21:57,RSW,Fort Myers,FL,top,2026-10-15,2026-10-16,Fri,2026-10-18,ok,655,655,0,Fri 07:05→11:11,4,
2026-10-08T02:57Z,2026-10-07 21:57,RSW,Fort Myers,FL,top,2026-10-22,2026-10-22,Thu,2026-10-25,ok,883,,1,Thu 21:52→11:10,2,
2026-10-08T02:57Z,2026-10-07 21:57,RSW,Fort Myers,FL,top,2026-10-22,2026-10-23,Fri,2026-10-25,ok,655,655,0,Fri 07:05→11:11,4,
2026-10-08T02:57Z,2026-10-07 21:57,RSW,Fort Myers,FL,top,2026-10-29,2026-10-29,Thu,2026-11-01,ok,692,,1,Thu 21:36→11:57,4,
2026-10-08T02:57Z,2026-10-07 21:57,RSW,Fort Myers,FL,top,2026-10-29,2026-10-30,Fri,2026-11-01,ok,520,520,0,Fri 13:00→17:02,2,
2026-10-08T02:57Z,2026-10-07 21:57,RSW,Fort Myers,FL,top,2026-11-05,2026-11-05,Thu,2026-11-08,ok,660,,1,Thu 21:48→13:19,4,
2026-10-08T02:57Z,2026-10-07 21:57,RSW,Fort Myers,FL,top,2026-11-05,2026-11-06,Fri,2026-11-08,ok,464,464,0,Fri 13:30→17:32,4,
2026-10-08T02:57Z,2026-10-07 21:57,RSW,Fort Myers,FL,top,2026-11-12,2026-11-12,Thu,2026-11-15,ok,630,,1,Thu 21:48→13:19,2,
2026-10-08T02:57Z,2026-10-07 21:57,RSW,Fort Myers,FL,top,2026-11-12,2026-11-13,Fri,2026-11-15,ok,454,454,0,Fri 13:30→17:32,2,
2026-10-08T02:57Z,2026-10-07 21:57,RSW,Fort Myers,FL,top,2026-11-19,2026-11-19,Thu,2026-11-22,ok,702,,1,Thu 21:48→14:29,4,
2026-10-08T02:57Z,2026-10-07 21:57,RSW,Fort Myers,FL,top,2026-11-19,2026-11-20,Fri,2026-11-22,ok,609,609,0,Fri 07:15→11:18,5,
2026-10-08T02:57Z,2026-10-07 21:57,RSW,Fort Myers,FL,top,2026-11-26,2026-11-26,Thu,2026-11-29,error,,,,,0,'NoneType' object is not subscriptable
2026-10-08T02:57Z,2026-10-07 21:57,RSW,Fort Myers,FL,top,2026-11-26,2026-11-27,Fri,2026-11-29,ok,964,964,0,Fri 07:15→11:18,3,
2026-10-08T02:57Z,2026-10-07 21:57,RSW,Fort Myers,FL,top,2026-12-03,2026-12-03,Thu,2026-12-06,ok,423,423,0,Thu 18:20→22:28,4,
2026-10-08T02:57Z,2026-10-07 21:57,RSW,Fort Myers,FL,top,2026-12-03,2026-12-04,Fri,2026-12-06,ok,454,454,0,Fri 07:15→11:18,5,
2026-10-08T02:57Z,2026-10-07 21:57,RSW,Fort Myers,FL,top,2026-12-10,2026-12-10,Thu,2026-12-13,ok,423,423,0,Thu 18:20→22:28,4,
2026-10-08T02:57Z,2026-10-07 21:57,RSW,Fort Myers,FL,top,2026-12-10,2026-12-11,Fri,2026-12-13,ok,454,454,0,Fri 12:55→16:54,6,
2026-10-08T02:57Z,2026-10-07 21:57,BDL,Hartford,CT,top,2026-10-08,2026-10-08,Thu,2026-10-11,ok,762,762,0,Thu 18:15→21:37,3,
2026-10-08T02:57Z,2026-10-07 21:57,BDL,Hartford,CT,top,2026-10-08,2026-10-09,Fri,2026-10-11,ok,681,,1,Fri 16:00→23:59,5,
2026-10-08T02:57Z,2026-10-07 21:57,BDL,Hartford,CT,top,2026-10-15,2026-10-15,Thu,2026-10-18,ok,679,679,0,Thu 18:15→21:37,2,
2026-10-08T02:57Z,2026-10-07 21:57,BDL,Hartford,CT,top,2026-10-15,2026-10-16,Fri,2026-10-18,ok,681,,1,Fri 16:00→23:59,4,
2026-10-08T02:57Z,2026-10-07 21:57,BDL,Hartford,CT,top,2026-10-22,2026-10-22,Thu,2026-10-25,ok,686,686,0,Thu 18:15→21:37,2,
2026-10-08T02:57Z,2026-10-07 21:57,BDL,Hartford,CT,top,2026-10-22,2026-10-23,Fri,2026-10-25,ok,681,,1,Fri 16:00→23:59,2,
2026-10-08T02:57Z,2026-10-07 21:57,BDL,Hartford,CT,top,2026-10-29,2026-10-29,Thu,2026-11-01,ok,550,550,0,Thu 18:25→21:47,2,
2026-10-08T02:57Z,2026-10-07 21:57,BDL,Hartford,CT,top,2026-10-29,2026-10-30,Fri,2026-11-01,error,,,,,0,no flights found; received error
2026-10-08T02:57Z,2026-10-07 21:57,BDL,Hartford,CT,top,2026-11-05,2026-11-05,Thu,2026-11-08,ok,493,493,0,Thu 18:25→21:47,2,
2026-10-08T02:57Z,2026-10-07 21:57,BDL,Hartford,CT,top,2026-11-05,2026-11-06,Fri,2026-11-08,ok,505,,1,Fri 16:00→23:59,2,
2026-10-08T02:57Z,2026-10-07 21:57,BDL,Hartford,CT,top,2026-11-12,2026-11-12,Thu,2026-11-15,ok,493,493,0,Thu 18:25→21:47,2,
2026-10-08T02:57Z,2026-10-07 21:57,BDL,Hartford,CT,top,2026-11-12,2026-11-13,Fri,2026-11-15,ok,505,,1,Fri 16:00→23:59,2,
2026-10-08T02:57Z,2026-10-07 21:57,BDL,Hartford,CT,top,2026-11-19,2026-11-19,Thu,2026-11-22,ok,492,492,0,Thu 18:25→21:47,2,
2026-10-08T02:57Z,2026-10-07 21:57,BDL,Hartford,CT,top,2026-11-19,2026-11-20,Fri,2026-11-22,ok,502,,1,Fri 16:00→23:59,2,
2026-10-08T02:57Z,2026-10-07 21:57,BDL,Hartford,CT,top,2026-11-26,2026-11-26,Thu,2026-11-29,error,,,,,0,'NoneType' object is not subscriptable
2026-10-08T02:57Z,2026-10-07 21:57,BDL,Hartford,CT,top,2026-11-26,2026-11-27,Fri,2026-11-29,ok,548,,1,Fri 16:00→23:59,2,
2026-10-08T02:57Z,2026-10-07 21:57,BDL,Hartford,CT,top,2026-12-03,2026-12-03,Thu,2026-12-06,ok,457,457,0,Thu 18:20→21:40,2,
2026-10-08T02:57Z,2026-10-07 21:57,BDL,Hartford,CT,top,2026-12-03,2026-12-04,Fri,2026-12-06,ok,505,,1,Fri 16:00→23:44,2,
2026-10-08T02:57Z,2026-10-07 21:57,BDL,Hartford,CT,top,2026-12-10,2026-12-10,Thu,2026-12-13,ok,457,457,0,Thu 18:20→21:40,2,
2026-10-08T02:57Z,2026-10-07 21:57,BDL,Hartford,CT,top,2026-12-10,2026-12-11,Fri,2026-12-13,ok,505,,1,Fri 16:00→23:44,3,
2026-10-08T02:57Z,2026-10-07 21:57,BHM,Birmingham,AL,state,2026-10-08,2026-10-08,Thu,2026-10-11,error,,,,,0,'NoneType' object is not subscriptable
2026-10-08T02:57Z,2026-10-07 21:57,BHM,Birmingham,AL,state,2026-10-08,2026-10-09,Fri,2026-10-11,ok,2071,,1,Fri 10:55→21:21,3,
2026-10-08T02:57Z,2026-10-07 21:57,BHM,Birmingham,AL,state,2026-10-15,2026-10-15,Thu,2026-10-18,ok,798,798,0,Thu 21:35→23:38,2,
2026-10-08T02:57Z,2026-10-07 21:57,BHM,Birmingham,AL,state,2026-10-15,2026-10-16,Fri,2026-10-18,ok,697,697,0,Fri 11:20→13:27,4,
2026-10-08T02:57Z,2026-10-07 21:57,BHM,Birmingham,AL,state,2026-10-22,2026-10-22,Thu,2026-10-25,ok,1342,1342,0,Thu 21:35→23:38,1,
2026-10-08T02:57Z,2026-10-07 21:57,BHM,Birmingham,AL,state,2026-10-22,2026-10-23,Fri,2026-10-25,ok,1161,,1,Fri 05:00→14:53,5,
2026-10-08T02:57Z,2026-10-07 21:57,BHM,Birmingham,AL,state,2026-10-29,2026-10-29,Thu,2026-11-01,ok,574,574,0,Thu 21:30→23:30,2,
2026-10-08T02:57Z,2026-10-07 21:57,BHM,Birmingham,AL,state,2026-10-29,2026-10-30,Fri,2026-11-01,ok,497,497,0,Fri 10:29→12:27,3,
2026-10-08T02:57Z,2026-10-07 21:57,BHM,Birmingham,AL,state,2026-11-05,2026-11-05,Thu,2026-11-08,ok,610,638,1,Thu 21:35→09:29,2,
2026-10-08T02:57Z,2026-10-07 21:57,BHM,Birmingham,AL,state,2026-11-05,2026-11-06,Fri,2026-11-08,ok,524,524,0,Fri 10:29→12:27,4,
2026-10-08T02:57Z,2026-10-07 21:57,BHM,Birmingham,AL,state,2026-11-12,2026-11-12,Thu,2026-11-15,ok,696,696,0,Thu 21:30→23:30,2,
2026-10-08T02:57Z,2026-10-07 21:57,BHM,Birmingham,AL,state,2026-11-12,2026-11-13,Fri,2026-11-15,ok,660,,1,Fri 07:29→14:05,3,
2026-10-08T02:57Z,2026-10-07 21:57,BHM,Birmingham,AL,state,2026-11-19,2026-11-19,Thu,2026-11-22,ok,467,467,0,Thu 21:30→23:30,2,
2026-10-08T02:57Z,2026-10-07 21:57,BHM,Birmingham,AL,state,2026-11-19,2026-11-20,Fri,2026-11-22,ok,513,513,0,Fri 10:29→12:27,3,
2026-10-08T02:57Z,2026-10-07 21:57,BHM,Birmingham,AL,state,2026-11-26,2026-11-26,Thu,2026-11-29,error,,,,,0,'NoneType' object is not subscriptable
2026-10-08T02:57Z,2026-10-07 21:57,BHM,Birmingham,AL,state,2026-11-26,2026-11-27,Fri,2026-11-29,ok,1168,,1,Fri 10:34→20:12,2,
2026-10-08T02:57Z,2026-10-07 21:57,BHM,Birmingham,AL,state,2026-12-03,2026-12-03,Thu,2026-12-06,ok,526,526,0,Thu 21:20→23:15,2,
2026-10-08T02:57Z,2026-10-07 21:57,BHM,Birmingham,AL,state,2026-12-03,2026-12-04,Fri,2026-12-06,ok,526,526,0,Fri 15:40→17:45,3,
2026-10-08T02:57Z,2026-10-07 21:57,BHM,Birmingham,AL,state,2026-12-10,2026-12-10,Thu,2026-12-13,ok,603,603,0,Thu 21:20→23:15,2,
2026-10-08T02:57Z,2026-10-07 21:57,BHM,Birmingham,AL,state,2026-12-10,2026-12-11,Fri,2026-12-13,ok,563,563,0,Fri 10:25→12:30,3,
2026-10-08T02:57Z,2026-10-07 21:57,ICT,Wichita,KS,state,2026-10-08,2026-10-08,Thu,2026-10-11,ok,689,689,0,Thu 21:25→23:31,2,
2026-10-08T02:57Z,2026-10-07 21:57,ICT,Wichita,KS,state,2026-10-08,2026-10-09,Fri,2026-10-11,error,,,,,0,no flights found; received error
2026-10-08T02:57Z,2026-10-07 21:57,ICT,Wichita,KS,state,2026-10-15,2026-10-15,Thu,2026-10-18,ok,689,689,0,Thu 21:25→23:31,3,
2026-10-08T02:57Z,2026-10-07 21:57,ICT,Wichita,KS,state,2026-10-15,2026-10-16,Fri,2026-10-18,ok,699,,1,Fri 05:00→10:15,6,
2026-10-08T02:57Z,2026-10-07 21:57,ICT,Wichita,KS,state,2026-10-22,2026-10-22,Thu,2026-10-25,ok,607,607,0,Thu 21:25→23:31,2,
2026-10-08T02:57Z,2026-10-07 21:57,ICT,Wichita,KS,state,2026-10-22,2026-10-23,Fri,2026-10-25,ok,617,,1,Fri 05:00→10:15,4,
2026-10-08T02:57Z,2026-10-07 21:57,ICT,Wichita,KS,state,2026-10-29,2026-10-29,Thu,2026-11-01,ok,430,430,0,Thu 21:20→23:25,2,
2026-10-08T02:57Z,2026-10-07 21:57,ICT,Wichita,KS,state,2026-10-29,2026-10-30,Fri,2026-11-01,ok,529,,1,Fri 13:00→18:02,4,
2026-10-08T02:57Z,2026-10-07 21:57,ICT,Wichita,KS,state,2026-11-05,2026-11-05,Thu,2026-11-08,ok,420,420,0,Thu 21:27→23:32,2,
2026-10-08T02:57Z,2026-10-07 21:57,ICT,Wichita,KS,state,2026-11-05,2026-11-06,Fri,2026-11-08,ok,519,,1,Fri 07:00→12:25,3,
2026-10-08T02:57Z,2026-10-07 21:57,ICT,Wichita,KS,state,2026-11-12,2026-11-12,Thu,2026-11-15,ok,420,420,0,Thu 21:27→23:32,3,
2026-10-08T02:57Z,2026-10-07 21:57,ICT,Wichita,KS,state,2026-11-12,2026-11-13,Fri,2026-11-15,ok,519,,1,Fri 17:48→23:37,2,
2026-10-08T02:57Z,2026-10-07 21:57,ICT,Wichita,KS,state,2026-11-19,2026-11-19,Thu,2026-11-22,ok,464,464,0,Thu 21:27→23:32,2,
2026-10-08T02:57Z,2026-10-07 21:57,ICT,Wichita,KS,state,2026-11-19,2026-11-20,Fri,2026-11-22,ok,484,,1,Fri 07:29→14:08,5,
2026-10-08T02:57Z,2026-10-07 21:57,ICT,Wichita,KS,state,2026-11-26,2026-11-26,Thu,2026-11-29,error,,,,,0,'NoneType' object is not subscriptable
2026-10-08T02:57Z,2026-10-07 21:57,ICT,Wichita,KS,state,2026-11-26,2026-11-27,Fri,2026-11-29,ok,594,,1,Fri 16:07→21:59,2,
2026-10-08T02:57Z,2026-10-07 21:57,ICT,Wichita,KS,state,2026-12-03,2026-12-03,Thu,2026-12-06,ok,420,420,0,Thu 21:45→23:49,1,
2026-10-08T02:57Z,2026-10-07 21:57,ICT,Wichita,KS,state,2026-12-03,2026-12-04,Fri,2026-12-06,ok,455,455,0,Fri 08:00→10:18,4,
2026-10-08T02:57Z,2026-10-07 21:57,ICT,Wichita,KS,state,2026-12-10,2026-12-10,Thu,2026-12-13,ok,420,420,0,Thu 21:45→23:49,1,
2026-10-08T02:57Z,2026-10-07 21:57,ICT,Wichita,KS,state,2026-12-10,2026-12-11,Fri,2026-12-13,ok,455,455,0,Fri 12:29→14:46,4,
2026-10-08T02:57Z,2026-10-07 21:57,OMA,Omaha,NE,state,2026-10-08,2026-10-08,Thu,2026-10-11,ok,649,649,0,Thu 21:20→22:59,2,
2026-10-08T02:57Z,2026-10-07 21:57,OMA,Omaha,NE,state,2026-10-08,2026-10-09,Fri,2026-10-11,ok,649,649,0,Fri 15:49→17:34,3,
2026-10-08T02:57Z,2026-10-07 21:57,OMA,Omaha,NE,state,2026-10-15,2026-10-15,Thu,2026-10-18,ok,649,649,0,Thu 21:20→22:59,2,
2026-10-08T02:57Z,2026-10-07 21:57,OMA,Omaha,NE,state,2026-10-15,2026-10-16,Fri,2026-10-18,ok,649,649,0,Fri 15:49→17:34,2,
2026-10-08T02:57Z,2026-10-07 21:57,OMA,Omaha,NE,state,2026-10-22,2026-10-22,Thu,2026-10-25,ok,579,579,0,Thu 21:20→22:59,2,
2026-10-08T02:57Z,2026-10-07 21:57,OMA,Omaha,NE,state,2026-10-22,2026-10-23,Fri,2026-10-25,ok,579,579,0,Fri 10:25→12:14,5,
2026-10-08T02:57Z,2026-10-07 21:57,OMA,Omaha,NE,state,2026-10-29,2026-10-29,Thu,2026-11-01,ok,416,416,0,Thu 20:10→21:57,2,
2026-10-08T02:57Z,2026-10-07 21:57,OMA,Omaha,NE,state,2026-10-29,2026-10-30,Fri,2026-11-01,ok,452,452,0,Fri 16:00→17:43,2,
2026-10-08T02:57Z,2026-10-07 21:57,OMA,Omaha,NE,state,2026-11-05,2026-11-05,Thu,2026-11-08,ok,405,405,0,Thu 19:59→21:46,2,
2026-10-08T02:57Z,2026-10-07 21:57,OMA,Omaha,NE,state,2026-11-05,2026-11-06,Fri,2026-11-08,ok,441,441,0,Fri 17:45→19:38,2,
2026-10-08T02:57Z,2026-10-07 21:57,OMA,Omaha,NE,state,2026-11-12,2026-11-12,Thu,2026-11-15,ok,405,405,0,Thu 19:59→21:46,2,
2026-10-08T02:57Z,2026-10-07 21:57,OMA,Omaha,NE,state,2026-11-12,2026-11-13,Fri,2026-11-15,ok,441,441,0,Fri 16:00→17:43,2,
2026-10-08T02:57Z,2026-10-07 21:57,OMA,Omaha,NE,state,2026-11-19,2026-11-19,Thu,2026-11-22,ok,431,431,0,Thu 19:59→21:46,2,
2026-10-08T02:57Z,2026-10-07 21:57,OMA,Omaha,NE,state,2026-11-19,2026-11-20,Fri,2026-11-22,ok,431,431,0,Fri 16:00→17:43,3,
2026-10-08T02:57Z,2026-10-07 21:57,OMA,Omaha,NE,state,2026-11-26,2026-11-26,Thu,2026-11-29,error,,,,,0,'NoneType' object is not subscriptable
2026-10-08T02:57Z,2026-10-07 21:57,OMA,Omaha,NE,state,2026-11-26,2026-11-27,Fri,2026-11-29,error,,,,,0,no flights found; received error
2026-10-08T02:57Z,2026-10-07 21:57,OMA,Omaha,NE,state,2026-12-03,2026-12-03,Thu,2026-12-06,ok,405,405,0,Thu 19:55→21:42,3,
2026-10-08T02:57Z,2026-10-07 21:57,OMA,Omaha,NE,state,2026-12-03,2026-12-04,Fri,2026-12-06,ok,441,441,0,Fri 08:40→10:32,4,
2026-10-08T02:57Z,2026-10-07 21:57,OMA,Omaha,NE,state,2026-12-10,2026-12-10,Thu,2026-12-13,ok,405,405,0,Thu 19:55→21:42,3,
2026-10-08T02:57Z,2026-10-07 21:57,OMA,Omaha,NE,state,2026-12-10,2026-12-11,Fri,2026-12-13,ok,441,441,0,Fri 08:40→10:32,4,
2026-10-08T02:57Z,2026-10-07 21:57,OKC,Oklahoma City,OK,state,2026-10-08,2026-10-08,Thu,2026-10-11,ok,661,661,0,Thu 20:10→22:31,1,
2026-10-08T02:57Z,2026-10-07 21:57,OKC,Oklahoma City,OK,state,2026-10-08,2026-10-09,Fri,2026-10-11,ok,671,,1,Fri 05:00→10:50,5,
2026-10-08T02:57Z,2026-10-07 21:57,OKC,Oklahoma City,OK,state,2026-10-15,2026-10-15,Thu,2026-10-18,ok,671,671,0,Thu 20:10→22:31,3,
2026-10-08T02:57Z,2026-10-07 21:57,OKC,Oklahoma City,OK,state,2026-10-15,2026-10-16,Fri,2026-10-18,ok,681,,1,Fri 05:00→10:50,4,
2026-10-08T02:57Z,2026-10-07 21:57,OKC,Oklahoma City,OK,state,2026-10-22,2026-10-22,Thu,2026-10-25,ok,607,607,0,Thu 20:10→22:31,3,
2026-10-08T02:57Z,2026-10-07 21:57,OKC,Oklahoma City,OK,state,2026-10-22,2026-10-23,Fri,2026-10-25,ok,617,,1,Fri 05:00→10:50,5,
2026-10-08T02:57Z,2026-10-07 21:57,OKC,Oklahoma City,OK,state,2026-10-29,2026-10-29,Thu,2026-11-01,ok,461,461,0,Thu 21:25→23:54,2,
2026-10-08T02:57Z,2026-10-07 21:57,OKC,Oklahoma City,OK,state,2026-10-29,2026-10-30,Fri,2026-11-01,ok,568,,1,Fri 05:30→11:09,2,
2026-10-08T02:57Z,2026-10-07 21:57,OKC,Oklahoma City,OK,state,2026-11-05,2026-11-05,Thu,2026-11-08,ok,450,450,0,Thu 21:25→23:54,3,
2026-10-08T02:57Z,2026-10-07 21:57,OKC,Oklahoma City,OK,state,2026-11-05,2026-11-06,Fri,2026-11-08,ok,557,,1,Fri 05:30→11:09,2,
2026-10-08T02:57Z,2026-10-07 21:57,OKC,Oklahoma City,OK,state,2026-11-12,2026-11-12,Thu,2026-11-15,ok,450,450,0,Thu 21:25→23:54,2,
2026-10-08T02:57Z,2026-10-07 21:57,OKC,Oklahoma City,OK,state,2026-11-12,2026-11-13,Fri,2026-11-15,ok,557,,1,Fri 17:48→23:30,2,
2026-10-08T02:57Z,2026-10-07 21:57,OKC,Oklahoma City,OK,state,2026-11-19,2026-11-19,Thu,2026-11-22,ok,494,494,0,Thu 21:25→23:54,3,
2026-10-08T02:57Z,2026-10-07 21:57,OKC,Oklahoma City,OK,state,2026-11-19,2026-11-20,Fri,2026-11-22,ok,494,494,0,Fri 16:40→19:20,3,
2026-10-08T02:57Z,2026-10-07 21:57,OKC,Oklahoma City,OK,state,2026-11-26,2026-11-26,Thu,2026-11-29,error,,,,,0,'NoneType' object is not subscriptable
2026-10-08T02:57Z,2026-10-07 21:57,OKC,Oklahoma City,OK,state,2026-11-26,2026-11-27,Fri,2026-11-29,ok,521,521,0,Fri 08:50→11:40,4,
2026-10-08T02:57Z,2026-10-07 21:57,OKC,Oklahoma City,OK,state,2026-12-03,2026-12-03,Thu,2026-12-06,ok,450,450,0,Thu 19:55→22:24,2,
2026-10-08T02:57Z,2026-10-07 21:57,OKC,Oklahoma City,OK,state,2026-12-03,2026-12-04,Fri,2026-12-06,ok,557,,1,Fri 17:48→23:11,2,
2026-10-08T02:57Z,2026-10-07 21:57,OKC,Oklahoma City,OK,state,2026-12-10,2026-12-10,Thu,2026-12-13,ok,450,450,0,Thu 19:55→22:24,2,
2026-10-08T02:57Z,2026-10-07 21:57,OKC,Oklahoma City,OK,state,2026-12-10,2026-12-11,Fri,2026-12-13,ok,557,,1,Fri 05:45→11:14,2,
2026-10-08T02:57Z,2026-10-07 21:57,BTV,Burlington,VT,state,2026-10-08,2026-10-08,Thu,2026-10-11,ok,1623,,1,Thu 18:00→09:30,3,
2026-10-08T02:57Z,2026-10-07 21:57,BTV,Burlington,VT,state,2026-10-08,2026-10-09,Fri,2026-10-11,ok,1002,1791,1,Fri 12:09→18:26,5,
2026-10-08T02:57Z,2026-10-07 21:57,BTV,Burlington,VT,state,2026-10-15,2026-10-15,Thu,2026-10-18,ok,637,,1,Thu 18:06→23:59,3,
2026-10-08T02:57Z,2026-10-07 21:57,BTV,Burlington,VT,state,2026-10-15,2026-10-16,Fri,2026-10-18,ok,604,737,1,Fri 17:07→23:32,5,
2026-10-08T02:57Z,2026-10-07 21:57,BTV,Burlington,VT,state,2026-10-22,2026-10-22,Thu,2026-10-25,ok,727,,1,Thu 18:06→23:59,3,
2026-10-08T02:57Z,2026-10-07 21:57,BTV,Burlington,VT,state,2026-10-22,2026-10-23,Fri,2026-10-25,ok,580,580,0,Fri 07:25→10:48,3,
2026-10-08T02:57Z,2026-10-07 21:57,BTV,Burlington,VT,state,2026-10-29,2026-10-29,Thu,2026-11-01,ok,419,419,0,Thu 18:28→21:50,3,
2026-10-08T02:57Z,2026-10-07 21:57,BTV,Burlington,VT,state,2026-10-29,2026-10-30,Fri,2026-11-01,ok,429,,1,Fri 05:59→13:56,5,
2026-10-08T02:57Z,2026-10-07 21:57,BTV,Burlington,VT,state,2026-11-05,2026-11-05,Thu,2026-11-08,ok,419,419,0,Thu 18:28→21:50,2,
2026-10-08T02:57Z,2026-10-07 21:57,BTV,Burlington,VT,state,2026-11-05,2026-11-06,Fri,2026-11-08,ok,453,,1,Fri 05:55→13:56,6,
2026-10-08T02:57Z,2026-10-07 21:57,BTV,Burlington,VT,state,2026-11-12,2026-11-12,Thu,2026-11-15,ok,419,419,0,Thu 18:28→21:50,2,
2026-10-08T02:57Z,2026-10-07 21:57,BTV,Burlington,VT,state,2026-11-12,2026-11-13,Fri,2026-11-15,ok,498,,1,Fri 05:55→13:56,5,
2026-10-08T02:57Z,2026-10-07 21:57,BTV,Burlington,VT,state,2026-11-19,2026-11-19,Thu,2026-11-22,ok,419,419,0,Thu 18:28→21:50,4,
2026-10-08T02:57Z,2026-10-07 21:57,BTV,Burlington,VT,state,2026-11-19,2026-11-20,Fri,2026-11-22,ok,592,,1,Fri 14:00→23:25,5,
2026-10-08T02:57Z,2026-10-07 21:57,BTV,Burlington,VT,state,2026-11-26,2026-11-26,Thu,2026-11-29,error,,,,,0,'NoneType' object is not subscriptable
2026-10-08T02:57Z,2026-10-07 21:57,BTV,Burlington,VT,state,2026-11-26,2026-11-27,Fri,2026-11-29,ok,720,,1,Fri 16:40→23:25,5,
2026-10-08T02:57Z,2026-10-07 21:57,BTV,Burlington,VT,state,2026-12-03,2026-12-03,Thu,2026-12-06,ok,419,419,0,Thu 18:29→21:51,3,
2026-10-08T02:57Z,2026-10-07 21:57,BTV,Burlington,VT,state,2026-12-03,2026-12-04,Fri,2026-12-06,ok,419,419,0,Fri 07:00→10:17,4,
2026-10-08T02:57Z,2026-10-07 21:57,BTV,Burlington,VT,state,2026-12-10,2026-12-10,Thu,2026-12-13,ok,419,419,0,Thu 18:29→21:51,3,
2026-10-08T02:57Z,2026-10-07 21:57,BTV,Burlington,VT,state,2026-12-10,2026-12-11,Fri,2026-12-13,ok,419,419,0,Fri 07:00→10:17,4,
2026-10-08T02:57Z,2026-10-07 21:57,SFO,San Francisco,CA,top,2026-10-08,2026-10-08,Thu,2026-10-11,ok,721,721,0,Thu 20:09→22:59,3,
2026-10-08T02:57Z,2026-10-07 21:57,SFO,San Francisco,CA,top,2026-10-08,2026-10-09,Fri,2026-10-11,ok,721,721,0,Fri 14:32→17:20,4,
2026-10-08T02:57Z,2026-10-07 21:57,SFO,San Francisco,CA,top,2026-10-15,2026-10-15,Thu,2026-10-18,ok,721,721,0,Thu 18:25→21:15,3,
2026-10-08T02:57Z,2026-10-07 21:57,SFO,San Francisco,CA,top,2026-10-15,2026-10-16,Fri,2026-10-18,ok,721,721,0,Fri 14:32→17:20,4,
2026-10-08T02:57Z,2026-10-07 21:57,SFO,San Francisco,CA,top,2026-10-22,2026-10-22,Thu,2026-10-25,ok,721,721,0,Thu 18:25→21:15,4,
2026-10-08T02:57Z,2026-10-07 21:57,SFO,San Francisco,CA,top,2026-10-22,2026-10-23,Fri,2026-10-25,ok,721,721,0,Fri 14:32→17:20,4,
2026-10-08T02:57Z,2026-10-07 21:57,SFO,San Francisco,CA,top,2026-10-29,2026-10-29,Thu,2026-11-01,ok,454,454,0,Thu 21:00→23:56,3,
2026-10-08T02:57Z,2026-10-07 21:57,SFO,San Francisco,CA,top,2026-10-29,2026-10-30,Fri,2026-11-01,ok,487,487,0,Fri 10:25→13:30,6,
2026-10-08T02:57Z,2026-10-07 21:57,SFO,San Francisco,CA,top,2026-11-05,2026-11-05,Thu,2026-11-08,ok,442,442,0,Thu 21:57→00:53,3,
2026-10-08T02:57Z,2026-10-07 21:57,SFO,San Francisco,CA,top,2026-11-05,2026-11-06,Fri,2026-11-08,ok,475,475,0,Fri 12:42→15:35,6,
2026-10-08T02:57Z,2026-10-07 21:57,SFO,San Francisco,CA,top,2026-11-12,2026-11-12,Thu,2026-11-15,ok,452,452,0,Thu 20:29→23:28,3,
2026-10-08T02:57Z,2026-10-07 21:57,SFO,San Francisco,CA,top,2026-11-12,2026-11-13,Fri,2026-11-15,ok,485,485,0,Fri 10:25→13:30,6,
2026-10-08T02:57Z,2026-10-07 21:57,SFO,San Francisco,CA,top,2026-11-19,2026-11-19,Thu,2026-11-22,ok,484,484,0,Thu 20:29→23:28,3,
2026-10-08T02:57Z,2026-10-07 21:57,SFO,San Francisco,CA,top,2026-11-19,2026-11-20,Fri,2026-11-22,ok,546,546,0,Fri 13:30→16:20,7,
2026-10-08T02:57Z,2026-10-07 21:57,SFO,San Francisco,CA,top,2026-11-26,2026-11-26,Thu,2026-11-29,error,,,,,0,'NoneType' object is not subscriptable
2026-10-08T02:57Z,2026-10-07 21:57,SFO,San Francisco,CA,top,2026-11-26,2026-11-27,Fri,2026-11-29,ok,772,772,0,Fri 10:25→13:30,7,
2026-10-08T02:57Z,2026-10-07 21:57,SFO,San Francisco,CA,top,2026-12-03,2026-12-03,Thu,2026-12-06,ok,601,601,0,Thu 20:00→22:58,3,
2026-10-08T02:57Z,2026-10-07 21:57,SFO,San Francisco,CA,top,2026-12-03,2026-12-04,Fri,2026-12-06,ok,475,475,0,Fri 12:40→15:33,5,
2026-10-08T02:57Z,2026-10-07 21:57,SFO,San Francisco,CA,top,2026-12-10,2026-12-10,Thu,2026-12-13,ok,551,,1,Thu 20:15→07:31,3,
2026-10-08T02:57Z,2026-10-07 21:57,SFO,San Francisco,CA,top,2026-12-10,2026-12-11,Fri,2026-12-13,ok,475,475,0,Fri 12:40→15:33,5,
2026-10-08T02:57Z,2026-10-07 21:57,DCA,Washington National,VA,top,2026-10-08,2026-10-08,Thu,2026-10-11,ok,681,681,0,Thu 19:45→22:52,2,
2026-10-08T02:57Z,2026-10-07 21:57,DCA,Washington National,VA,top,2026-10-08,2026-10-09,Fri,2026-10-11,ok,681,681,0,Fri 07:00→09:59,6,
2026-10-08T02:57Z,2026-10-07 21:57,DCA,Washington National,VA,top,2026-10-15,2026-10-15,Thu,2026-10-18,ok,681,681,0,Thu 18:05→21:14,2,
2026-10-08T02:57Z,2026-10-07 21:57,DCA,Washington National,VA,top,2026-10-15,2026-10-16,Fri,2026-10-18,ok,681,681,0,Fri 05:59→08:54,8,
2026-10-08T02:57Z,2026-10-07 21:57,DCA,Washington National,VA,top,2026-10-22,2026-10-22,Thu,2026-10-25,ok,593,593,0,Thu 18:05→21:14,2,
2026-10-08T02:57Z,2026-10-07 21:57,DCA,Washington National,VA,top,2026-10-22,2026-10-23,Fri,2026-10-25,ok,593,593,0,Fri 05:59→08:54,8,
2026-10-08T02:57Z,2026-10-07 21:57,DCA,Washington National,VA,top,2026-10-29,2026-10-29,Thu,2026-11-01,ok,415,415,0,Thu 18:03→21:14,2,
2026-10-08T02:57Z,2026-10-07 21:57,DCA,Washington National,VA,top,2026-10-29,2026-10-30,Fri,2026-11-01,ok,445,445,0,Fri 05:59→08:55,8,
2026-10-08T02:57Z,2026-10-07 21:57,DCA,Washington National,VA,top,2026-11-05,2026-11-05,Thu,2026-11-08,ok,410,410,0,Thu 18:00→21:11,2,
2026-10-08T02:57Z,2026-10-07 21:57,DCA,Washington National,VA,top,2026-11-05,2026-11-06,Fri,2026-11-08,ok,440,440,0,Fri 05:59→08:55,7,
2026-10-08T02:57Z,2026-10-07 21:57,DCA,Washington National,VA,top,2026-11-12,2026-11-12,Thu,2026-11-15,ok,410,410,0,Thu 18:00→21:11,2,
2026-10-08T02:57Z,2026-10-07 21:57,DCA,Washington National,VA,top,2026-11-12,2026-11-13,Fri,2026-11-15,ok,440,440,0,Fri 05:59→08:55,7,
2026-10-08T02:57Z,2026-10-07 21:57,DCA,Washington National,VA,top,2026-11-19,2026-11-19,Thu,2026-11-22,ok,435,435,0,Thu 18:00→21:11,2,
2026-10-08T02:57Z,2026-10-07 21:57,DCA,Washington National,VA,top,2026-11-19,2026-11-20,Fri,2026-11-22,ok,441,441,0,Fri 05:59→08:55,7,
2026-10-08T02:57Z,2026-10-07 21:57,DCA,Washington National,VA,top,2026-11-26,2026-11-26,Thu,2026-11-29,error,,,,,0,'NoneType' object is not subscriptable
2026-10-08T02:57Z,2026-10-07 21:57,DCA,Washington National,VA,top,2026-11-26,2026-11-27,Fri,2026-11-29,ok,482,482,0,Fri 07:59→11:08,5,
2026-10-08T02:57Z,2026-10-07 21:57,DCA,Washington National,VA,top,2026-12-03,2026-12-03,Thu,2026-12-06,ok,410,410,0,Thu 18:00→21:11,2,
2026-10-08T02:57Z,2026-10-07 21:57,DCA,Washington National,VA,top,2026-12-03,2026-12-04,Fri,2026-12-06,ok,440,440,0,Fri 05:55→08:51,7,
2026-10-08T02:57Z,2026-10-07 21:57,DCA,Washington National,VA,top,2026-12-10,2026-12-10,Thu,2026-12-13,ok,410,410,0,Thu 18:00→21:11,2,
2026-10-08T02:57Z,2026-10-07 21:57,DCA,Washington National,VA,top,2026-12-10,2026-12-11,Fri,2026-12-13,ok,440,440,0,Fri 05:55→08:51,7,
2026-10-08T02:57Z,2026-10-07 21:57,SEA,Seattle,WA,top,2026-10-08,2026-10-08,Thu,2026-10-11,ok,1155,1330,1,Thu 21:40→10:03,2,
2026-10-08T02:57Z,2026-10-07 21:57,SEA,Seattle,WA,top,2026-10-08,2026-10-09,Fri,2026-10-11,ok,1120,1120,0,Fri 16:05→18:52,2,
2026-10-08T02:57Z,2026-10-07 21:57,SEA,Seattle,WA,top,2026-10-15,2026-10-15,Thu,2026-10-18,ok,763,763,0,Thu 20:12→22:56,2,
2026-10-08T02:57Z,2026-10-07 21:57,SEA,Seattle,WA,top,2026-10-15,2026-10-16,Fri,2026-10-18,ok,763,763,0,Fri 07:00→09:36,4,
2026-10-08T02:57Z,2026-10-07 21:57,SEA,Seattle,WA,top,2026-10-22,2026-10-22,Thu,2026-10-25,ok,627,627,0,Thu 20:12→22:56,1,
2026-10-08T02:57Z,2026-10-07 21:57,SEA,Seattle,WA,top,2026-10-22,2026-10-23,Fri,2026-10-25,ok,627,627,0,Fri 07:00→09:36,4,
2026-10-08T02:57Z,2026-10-07 21:57,SEA,Seattle,WA,top,2026-10-29,2026-10-29,Thu,2026-11-01,ok,397,397,0,Thu 20:30→23:17,2,
2026-10-08T02:57Z,2026-10-07 21:57,SEA,Seattle,WA,top,2026-10-29,2026-10-30,Fri,2026-11-01,ok,407,,1,Fri 13:00→17:57,2,
2026-10-08T02:57Z,2026-10-07 21:57,SEA,Seattle,WA,top,2026-11-05,2026-11-05,Thu,2026-11-08,ok,397,397,0,Thu 20:20→23:07,2,
2026-10-08T02:57Z,2026-10-07 21:57,SEA,Seattle,WA,top,2026-11-05,2026-11-06,Fri,2026-11-08,ok,417,,1,Fri 17:48→23:15,2,
2026-10-08T02:57Z,2026-10-07 21:57,SEA,Seattle,WA,top,2026-11-12,2026-11-12,Thu,2026-11-15,ok,397,397,0,Thu 20:20→23:07,2,
2026-10-08T02:57Z,2026-10-07 21:57,SEA,Seattle,WA,top,2026-11-12,2026-11-13,Fri,2026-11-15,ok,407,,1,Fri 13:00→17:57,3,
2026-10-08T02:57Z,2026-10-07 21:57,SEA,Seattle,WA,top,2026-11-19,2026-11-19,Thu,2026-11-22,ok,483,483,0,Thu 20:20→23:07,2,
2026-10-08T02:57Z,2026-10-07 21:57,SEA,Seattle,WA,top,2026-11-19,2026-11-20,Fri,2026-11-22,ok,483,483,0,Fri 09:25→12:19,4,
2026-10-08T02:57Z,2026-10-07 21:57,SEA,Seattle,WA,top,2026-11-26,2026-11-26,Thu,2026-11-29,error,,,,,0,'NoneType' object is not subscriptable
2026-10-08T02:57Z,2026-10-07 21:57,SEA,Seattle,WA,top,2026-11-26,2026-11-27,Fri,2026-11-29,ok,606,606,0,Fri 16:15→19:03,5,
2026-10-08T02:57Z,2026-10-07 21:57,SEA,Seattle,WA,top,2026-12-03,2026-12-03,Thu,2026-12-06,ok,427,427,0,Thu 19:55→22:43,2,
2026-10-08T02:57Z,2026-10-07 21:57,SEA,Seattle,WA,top,2026-12-03,2026-12-04,Fri,2026-12-06,ok,397,397,0,Fri 13:30→16:18,3,
2026-10-08T02:57Z,2026-10-07 21:57,SEA,Seattle,WA,top,2026-12-10,2026-12-10,Thu,2026-12-13,ok,397,397,0,Thu 19:55→22:43,2,
2026-10-08T02:57Z,2026-10-07 21:57,SEA,Seattle,WA,top,2026-12-10,2026-12-11,Fri,2026-12-13,ok,407,,1,Fri 15:00→20:47,3,
2026-10-08T02:57Z,2026-10-07 21:57,DFW,Dallas,TX,top,2026-10-08,2026-10-08,Thu,2026-10-11,ok,763,763,0,Thu 19:50→22:28,1,
2026-10-08T02:57Z,2026-10-07 21:57,DFW,Dallas,TX,top,2026-10-08,2026-10-09,Fri,2026-10-11,ok,689,689,0,Fri 07:00→09:41,5,
2026-10-08T02:57Z,2026-10-07 21:57,DFW,Dallas,TX,top,2026-10-15,2026-10-15,Thu,2026-10-18,ok,689,689,0,Thu 19:50→22:28,1,
2026-10-08T02:57Z,2026-10-07 21:57,DFW,Dallas,TX,top,2026-10-15,2026-10-16,Fri,2026-10-18,ok,689,689,0,Fri 07:00→09:41,6,
2026-10-08T02:57Z,2026-10-07 21:57,DFW,Dallas,TX,top,2026-10-22,2026-10-22,Thu,2026-10-25,ok,671,671,0,Thu 19:50→22:28,1,
2026-10-08T02:57Z,2026-10-07 21:57,DFW,Dallas,TX,top,2026-10-22,2026-10-23,Fri,2026-10-25,ok,671,671,0,Fri 07:00→09:41,3,
2026-10-08T02:57Z,2026-10-07 21:57,DFW,Dallas,TX,top,2026-10-29,2026-10-29,Thu,2026-11-01,ok,477,477,0,Thu 20:00→22:45,1,
2026-10-08T02:57Z,2026-10-07 21:57,DFW,Dallas,TX,top,2026-10-29,2026-10-30,Fri,2026-11-01,ok,511,511,0,Fri 15:40→18:33,3,
2026-10-08T02:57Z,2026-10-07 21:57,DFW,Dallas,TX,top,2026-11-05,2026-11-05,Thu,2026-11-08,ok,460,460,0,Thu 20:00→22:45,1,
2026-10-08T02:57Z,2026-10-07 21:57,DFW,Dallas,TX,top,2026-11-05,2026-11-06,Fri,2026-11-08,ok,487,487,0,Fri 15:40→18:33,3,
2026-10-08T02:57Z,2026-10-07 21:57,DFW,Dallas,TX,top,2026-11-12,2026-11-12,Thu,2026-11-15,ok,487,487,0,Thu 20:00→22:45,1,
2026-10-08T02:57Z,2026-10-07 21:57,DFW,Dallas,TX,top,2026-11-12,2026-11-13,Fri,2026-11-15,ok,475,475,0,Fri 13:30→16:21,4,
2026-10-08T02:57Z,2026-10-07 21:57,DFW,Dallas,TX,top,2026-11-19,2026-11-19,Thu,2026-11-22,ok,453,453,0,Thu 20:00→22:45,1,
2026-10-08T02:57Z,2026-10-07 21:57,DFW,Dallas,TX,top,2026-11-19,2026-11-20,Fri,2026-11-22,ok,458,458,0,Fri 07:00→09:40,6,
2026-10-08T02:57Z,2026-10-07 21:57,DFW,Dallas,TX,top,2026-11-26,2026-11-26,Thu,2026-11-29,error,,,,,0,'NoneType' object is not subscriptable
2026-10-08T02:57Z,2026-10-07 21:57,DFW,Dallas,TX,top,2026-11-26,2026-11-27,Fri,2026-11-29,ok,505,505,0,Fri 10:40→13:31,6,
2026-10-08T02:57Z,2026-10-07 21:57,DFW,Dallas,TX,top,2026-12-03,2026-12-03,Thu,2026-12-06,ok,513,513,0,Thu 19:55→22:40,1,
2026-10-08T02:57Z,2026-10-07 21:57,DFW,Dallas,TX,top,2026-12-03,2026-12-04,Fri,2026-12-06,ok,475,475,0,Fri 06:50→09:33,5,
2026-10-08T02:57Z,2026-10-07 21:57,DFW,Dallas,TX,top,2026-12-10,2026-12-10,Thu,2026-12-13,ok,513,513,0,Thu 19:55→22:40,1,
2026-10-08T02:57Z,2026-10-07 21:57,DFW,Dallas,TX,top,2026-12-10,2026-12-11,Fri,2026-12-13,ok,475,475,0,Fri 06:50→09:33,5,
2026-10-08T02:57Z,2026-10-07 21:57,PHL,Philadelphia,PA,top,2026-10-08,2026-10-08,Thu,2026-10-11,ok,583,583,0,Thu 18:15→21:29,2,
2026-10-08T02:57Z,2026-10-07 21:57,PHL,Philadelphia,PA,top,2026-10-08,2026-10-09,Fri,2026-10-11,ok,583,583,0,Fri 14:51→18:14,3,
2026-10-08T02:57Z,2026-10-07 21:57,PHL,Philadelphia,PA,top,2026-10-15,2026-10-15,Thu,2026-10-18,ok,583,583,0,Thu 18:15→21:29,2,
2026-10-08T02:57Z,2026-10-07 21:57,PHL,Philadelphia,PA,top,2026-10-15,2026-10-16,Fri,2026-10-18,ok,583,583,0,Fri 14:51→18:14,2,
2026-10-08T02:57Z,2026-10-07 21:57,PHL,Philadelphia,PA,top,2026-10-22,2026-10-22,Thu,2026-10-25,ok,583,583,0,Thu 18:15→21:29,1,
2026-10-08T02:57Z,2026-10-07 21:57,PHL,Philadelphia,PA,top,2026-10-22,2026-10-23,Fri,2026-10-25,ok,583,583,0,Fri 14:51→18:14,2,
2026-10-08T02:57Z,2026-10-07 21:57,PHL,Philadelphia,PA,top,2026-10-29,2026-10-29,Thu,2026-11-01,ok,434,434,0,Thu 18:24→21:38,2,
2026-10-08T02:57Z,2026-10-07 21:57,PHL,Philadelphia,PA,top,2026-10-29,2026-10-30,Fri,2026-11-01,ok,460,460,0,Fri 06:42→09:52,4,
2026-10-08T02:57Z,2026-10-07 21:57,PHL,Philadelphia,PA,top,2026-11-05,2026-11-05,Thu,2026-11-08,ok,374,374,0,Thu 19:57→23:09,3,
2026-10-08T02:57Z,2026-10-07 21:57,PHL,Philadelphia,PA,top,2026-11-05,2026-11-06,Fri,2026-11-08,ok,400,400,0,Fri 06:42→09:52,4,
2026-10-08T02:57Z,2026-10-07 21:57,PHL,Philadelphia,PA,top,2026-11-12,2026-11-12,Thu,2026-11-15,ok,374,374,0,Thu 18:24→21:38,3,
2026-10-08T02:57Z,2026-10-07 21:57,PHL,Philadelphia,PA,top,2026-11-12,2026-11-13,Fri,2026-11-15,ok,410,424,1,Fri 16:00→23:30,4,
2026-10-08T02:57Z,2026-10-07 21:57,PHL,Philadelphia,PA,top,2026-11-19,2026-11-19,Thu,2026-11-22,ok,419,419,0,Thu 18:24→21:38,2,
2026-10-08T02:57Z,2026-10-07 21:57,PHL,Philadelphia,PA,top,2026-11-19,2026-11-20,Fri,2026-11-22,ok,419,419,0,Fri 06:42→09:52,4,
2026-10-08T02:57Z,2026-10-07 21:57,PHL,Philadelphia,PA,top,2026-11-26,2026-11-26,Thu,2026-11-29,error,,,,,0,'NoneType' object is not subscriptable
2026-10-08T02:57Z,2026-10-07 21:57,PHL,Philadelphia,PA,top,2026-11-26,2026-11-27,Fri,2026-11-29,ok,555,555,0,Fri 08:50→12:05,4,
2026-10-08T02:57Z,2026-10-07 21:57,PHL,Philadelphia,PA,top,2026-12-03,2026-12-03,Thu,2026-12-06,ok,507,507,0,Thu 18:25→21:39,2,
2026-10-08T02:57Z,2026-10-07 21:57,PHL,Philadelphia,PA,top,2026-12-03,2026-12-04,Fri,2026-12-06,ok,400,400,0,Fri 06:54→09:57,4,
2026-10-08T02:57Z,2026-10-07 21:57,PHL,Philadelphia,PA,top,2026-12-10,2026-12-10,Thu,2026-12-13,ok,401,401,0,Thu 18:25→21:39,2,
2026-10-08T02:57Z,2026-10-07 21:57,PHL,Philadelphia,PA,top,2026-12-10,2026-12-11,Fri,2026-12-13,ok,400,400,0,Fri 06:54→09:57,4,
2026-10-08T02:57Z,2026-10-07 21:57,SNA,Orange County,CA,top,2026-10-08,2026-10-08,Thu,2026-10-11,ok,737,737,0,Thu 19:55→22:26,3,
2026-10-08T02:57Z,2026-10-07 21:57,SNA,Orange County,CA,top,2026-10-08,2026-10-09,Fri,2026-10-11,ok,747,,1,Fri 17:51→22:02,4,
2026-10-08T02:57Z,2026-10-07 21:57,SNA,Orange County,CA,top,2026-10-15,2026-10-15,Thu,2026-10-18,ok,738,738,0,Thu 19:55→22:26,3,
2026-10-08T02:57Z,2026-10-07 21:57,SNA,Orange County,CA,top,2026-10-15,2026-10-16,Fri,2026-10-18,ok,741,,1,Fri 05:30→11:02,5,
2026-10-08T02:57Z,2026-10-07 21:57,SNA,Orange County,CA,top,2026-10-22,2026-10-22,Thu,2026-10-25,ok,652,652,0,Thu 19:55→22:26,3,
2026-10-08T02:57Z,2026-10-07 21:57,SNA,Orange County,CA,top,2026-10-22,2026-10-23,Fri,2026-10-25,ok,723,,1,Fri 06:07→12:03,4,
2026-10-08T02:57Z,2026-10-07 21:57,SNA,Orange County,CA,top,2026-10-29,2026-10-29,Thu,2026-11-01,ok,509,509,0,Thu 19:48→22:28,2,
2026-10-08T02:57Z,2026-10-07 21:57,SNA,Orange County,CA,top,2026-10-29,2026-10-30,Fri,2026-11-01,ok,528,,1,Fri 05:30→11:11,5,
2026-10-08T02:57Z,2026-10-07 21:57,SNA,Orange County,CA,top,2026-11-05,2026-11-05,Thu,2026-11-08,ok,589,589,0,Thu 19:48→22:28,2,
2026-10-08T02:57Z,2026-10-07 21:57,SNA,Orange County,CA,top,2026-11-05,2026-11-06,Fri,2026-11-08,error,,,,,0,no flights found; received error
2026-10-08T02:57Z,2026-10-07 21:57,SNA,Orange County,CA,top,2026-11-12,2026-11-12,Thu,2026-11-15,ok,607,619,1,Thu 21:57→08:46,2,
2026-10-08T02:57Z,2026-10-07 21:57,SNA,Orange County,CA,top,2026-11-12,2026-11-13,Fri,2026-11-15,ok,567,567,0,Fri 16:20→19:01,5,
2026-10-08T02:57Z,2026-10-07 21:57,SNA,Orange County,CA,top,2026-11-19,2026-11-19,Thu,2026-11-22,ok,614,614,0,Thu 19:48→22:28,4,
2026-10-08T02:57Z,2026-10-07 21:57,SNA,Orange County,CA,top,2026-11-19,2026-11-20,Fri,2026-11-22,ok,605,620,1,Fri 07:00→13:14,4,
2026-10-08T02:57Z,2026-10-07 21:57,SNA,Orange County,CA,top,2026-11-26,2026-11-26,Thu,2026-11-29,error,,,,,0,'NoneType' object is not subscriptable
2026-10-08T02:57Z,2026-10-07 21:57,SNA,Orange County,CA,top,2026-11-26,2026-11-27,Fri,2026-11-29,ok,1045,1092,1,Fri 06:00→14:14,6,
2026-10-08T02:57Z,2026-10-07 21:57,SNA,Orange County,CA,top,2026-12-03,2026-12-03,Thu,2026-12-06,ok,593,593,0,Thu 19:55→22:30,2,
2026-10-08T02:57Z,2026-10-07 21:57,SNA,Orange County,CA,top,2026-12-03,2026-12-04,Fri,2026-12-06,ok,545,,1,Fri 17:48→22:15,3,
2026-10-08T02:57Z,2026-10-07 21:57,SNA,Orange County,CA,top,2026-12-10,2026-12-10,Thu,2026-12-13,ok,499,499,0,Thu 19:55→22:30,2,
2026-10-08T02:57Z,2026-10-07 21:57,SNA,Orange County,CA,top,2026-12-10,2026-12-11,Fri,2026-12-13,ok,571,899,1,Fri 05:45→11:31,5,
2026-10-08T02:57Z,2026-10-07 21:57,BNA,Nashville,TN,top,2026-10-08,2026-10-08,Thu,2026-10-11,ok,668,668,0,Thu 18:30→20:17,3,
2026-10-08T02:57Z,2026-10-07 21:57,BNA,Nashville,TN,top,2026-10-08,2026-10-09,Fri,2026-10-11,ok,607,607,0,Fri 08:40→10:30,5,
2026-10-08T02:57Z,2026-10-07 21:57,BNA,Nashville,TN,top,2026-10-15,2026-10-15,Thu,2026-10-18,ok,579,579,0,Thu 21:25→23:14,4,
2026-10-08T02:57Z,2026-10-07 21:57,BNA,Nashville,TN,top,2026-10-15,2026-10-16,Fri,2026-10-18,ok,651,651,0,Fri 10:54→12:44,3,
2026-10-08T02:57Z,2026-10-07 21:57,BNA,Nashville,TN,top,2026-10-22,2026-10-22,Thu,2026-10-25,ok,579,579,0,Thu 21:25→23:14,4,
2026-10-08T02:57Z,2026-10-07 21:57,BNA,Nashville,TN,top,2026-10-22,2026-10-23,Fri,2026-10-25,error,,,,,0,no flights found; received error
2026-10-08T02:57Z,2026-10-07 21:57,BNA,Nashville,TN,top,2026-10-29,2026-10-29,Thu,2026-11-01,ok,404,404,0,Thu 18:20→20:15,4,
2026-10-08T02:57Z,2026-10-07 21:57,BNA,Nashville,TN,top,2026-10-29,2026-10-30,Fri,2026-11-01,error,,,,,0,no flights found; received error
2026-10-08T02:57Z,2026-10-07 21:57,BNA,Nashville,TN,top,2026-11-05,2026-11-05,Thu,2026-11-08,ok,393,393,0,Thu 21:20→22:59,4,
2026-10-08T02:57Z,2026-10-07 21:57,BNA,Nashville,TN,top,2026-11-05,2026-11-06,Fri,2026-11-08,ok,424,424,0,Fri 14:05→15:56,5,
2026-10-08T02:57Z,2026-10-07 21:57,BNA,Nashville,TN,top,2026-11-12,2026-11-12,Thu,2026-11-15,ok,393,393,0,Thu 21:20→22:59,4,
2026-10-08T02:57Z,2026-10-07 21:57,BNA,Nashville,TN,top,2026-11-12,2026-11-13,Fri,2026-11-15,ok,424,424,0,Fri 14:05→15:56,5,
2026-10-08T02:57Z,2026-10-07 21:57,BNA,Nashville,TN,top,2026-11-19,2026-11-19,Thu,2026-11-22,ok,432,432,0,Thu 18:20→20:15,4,
2026-10-08T02:57Z,2026-10-07 21:57,BNA,Nashville,TN,top,2026-11-19,2026-11-20,Fri,2026-11-22,error,,,,,0,no flights found; received error
2026-10-08T02:57Z,2026-10-07 21:57,BNA,Nashville,TN,top,2026-11-26,2026-11-26,Thu,2026-11-29,error,,,,,0,no flights found; received error
2026-10-08T02:57Z,2026-10-07 21:57,BNA,Nashville,TN,top,2026-11-26,2026-11-27,Fri,2026-11-29,ok,424,424,0,Fri 14:05→15:54,2,
2026-10-08T02:57Z,2026-10-07 21:57,BNA,Nashville,TN,top,2026-12-03,2026-12-03,Thu,2026-12-06,error,,,,,0,no flights found; received error
2026-10-08T02:57Z,2026-10-07 21:57,BNA,Nashville,TN,top,2026-12-03,2026-12-04,Fri,2026-12-06,ok,424,424,0,Fri 07:04→08:47,5,
2026-10-08T02:57Z,2026-10-07 21:57,BNA,Nashville,TN,top,2026-12-10,2026-12-10,Thu,2026-12-13,ok,393,393,0,Thu 21:40→23:20,2,
2026-10-08T02:57Z,2026-10-07 21:57,BNA,Nashville,TN,top,2026-12-10,2026-12-11,Fri,2026-12-13,ok,424,424,0,Fri 07:04→08:47,5,
2026-10-08T02:57Z,2026-10-07 21:57,CLE,Cleveland,OH,top,2026-10-08,2026-10-08,Thu,2026-10-11,ok,649,649,0,Thu 18:08→20:34,4,
2026-10-08T02:57Z,2026-10-07 21:57,CLE,Cleveland,OH,top,2026-10-08,2026-10-09,Fri,2026-10-11,ok,649,649,0,Fri 07:15→09:41,3,
2026-10-08T02:57Z,2026-10-07 21:57,CLE,Cleveland,OH,top,2026-10-15,2026-10-15,Thu,2026-10-18,ok,926,,1,Thu 21:35→09:07,2,
2026-10-08T02:57Z,2026-10-07 21:57,CLE,Cleveland,OH,top,2026-10-15,2026-10-16,Fri,2026-10-18,ok,649,649,0,Fri 07:15→09:41,3,
2026-10-08T02:57Z,2026-10-07 21:57,CLE,Cleveland,OH,top,2026-10-22,2026-10-22,Thu,2026-10-25,ok,872,,1,Thu 21:35→09:07,2,
2026-10-08T02:57Z,2026-10-07 21:57,CLE,Cleveland,OH,top,2026-10-22,2026-10-23,Fri,2026-10-25,ok,579,579,0,Fri 07:15→09:41,3,
2026-10-08T02:57Z,2026-10-07 21:57,CLE,Cleveland,OH,top,2026-10-29,2026-10-29,Thu,2026-11-01,ok,398,398,0,Thu 19:49→22:15,4,
2026-10-08T02:57Z,2026-10-07 21:57,CLE,Cleveland,OH,top,2026-10-29,2026-10-30,Fri,2026-11-01,ok,428,428,0,Fri 07:15→09:41,4,
2026-10-08T02:57Z,2026-10-07 21:57,CLE,Cleveland,OH,top,2026-11-05,2026-11-05,Thu,2026-11-08,ok,357,357,0,Thu 19:49→22:15,4,
2026-10-08T02:57Z,2026-10-07 21:57,CLE,Cleveland,OH,top,2026-11-05,2026-11-06,Fri,2026-11-08,ok,387,387,0,Fri 07:15→09:41,5,
2026-10-08T02:57Z,2026-10-07 21:57,CLE,Cleveland,OH,top,2026-11-12,2026-11-12,Thu,2026-11-15,ok,357,357,0,Thu 19:49→22:15,4,
2026-10-08T02:57Z,2026-10-07 21:57,CLE,Cleveland,OH,top,2026-11-12,2026-11-13,Fri,2026-11-15,ok,387,387,0,Fri 13:00→15:28,4,
2026-10-08T02:57Z,2026-10-07 21:57,CLE,Cleveland,OH,top,2026-11-19,2026-11-19,Thu,2026-11-22,ok,543,,1,Thu 21:41→09:38,2,
2026-10-08T02:57Z,2026-10-07 21:57,CLE,Cleveland,OH,top,2026-11-19,2026-11-20,Fri,2026-11-22,ok,339,339,0,Fri 07:15→09:41,6,
2026-10-08T02:57Z,2026-10-07 21:57,CLE,Cleveland,OH,top,2026-11-26,2026-11-26,Thu,2026-11-29,error,,,,,0,'NoneType' object is not subscriptable
2026-10-08T02:57Z,2026-10-07 21:57,CLE,Cleveland,OH,top,2026-11-26,2026-11-27,Fri,2026-11-29,ok,387,387,0,Fri 13:00→15:28,3,
2026-10-08T02:57Z,2026-10-07 21:57,CLE,Cleveland,OH,top,2026-12-03,2026-12-03,Thu,2026-12-06,ok,357,357,0,Thu 19:55→22:21,3,
2026-10-08T02:57Z,2026-10-07 21:57,CLE,Cleveland,OH,top,2026-12-03,2026-12-04,Fri,2026-12-06,ok,387,387,0,Fri 07:13→09:35,6,
2026-10-08T02:57Z,2026-10-07 21:57,CLE,Cleveland,OH,top,2026-12-10,2026-12-10,Thu,2026-12-13,ok,357,357,0,Thu 19:55→22:21,3,
2026-10-08T02:57Z,2026-10-07 21:57,CLE,Cleveland,OH,top,2026-12-10,2026-12-11,Fri,2026-12-13,ok,387,387,0,Fri 10:51→13:19,6,
2026-10-08T02:57Z,2026-10-07 21:57,MCI,Kansas City,MO,top,2026-10-08,2026-10-08,Thu,2026-10-11,ok,589,589,0,Thu 20:13→22:00,1,
2026-10-08T02:57Z,2026-10-07 21:57,MCI,Kansas City,MO,top,2026-10-08,2026-10-09,Fri,2026-10-11,ok,589,589,0,Fri 07:15→09:07,6,
2026-10-08T02:57Z,2026-10-07 21:57,MCI,Kansas City,MO,top,2026-10-15,2026-10-15,Thu,2026-10-18,ok,589,589,0,Thu 20:13→22:00,3,
2026-10-08T02:57Z,2026-10-07 21:57,MCI,Kansas City,MO,top,2026-10-15,2026-10-16,Fri,2026-10-18,ok,660,660,0,Fri 10:30→12:20,6,
2026-10-08T02:57Z,2026-10-07 21:57,MCI,Kansas City,MO,top,2026-10-22,2026-10-22,Thu,2026-10-25,ok,589,589,0,Thu 20:13→22:00,3,
2026-10-08T02:57Z,2026-10-07 21:57,MCI,Kansas City,MO,top,2026-10-22,2026-10-23,Fri,2026-10-25,ok,589,589,0,Fri 07:15→09:07,6,
2026-10-08T02:57Z,2026-10-07 21:57,MCI,Kansas City,MO,top,2026-10-29,2026-10-29,Thu,2026-11-01,ok,413,413,0,Thu 18:45→20:51,3,
2026-10-08T02:57Z,2026-10-07 21:57,MCI,Kansas City,MO,top,2026-10-29,2026-10-30,Fri,2026-11-01,ok,446,446,0,Fri 06:55→08:58,4,
2026-10-08T02:57Z,2026-10-07 21:57,MCI,Kansas City,MO,top,2026-11-05,2026-11-05,Thu,2026-11-08,ok,418,418,0,Thu 19:59→21:51,4,
2026-10-08T02:57Z,2026-10-07 21:57,MCI,Kansas City,MO,top,2026-11-05,2026-11-06,Fri,2026-11-08,ok,477,477,0,Fri 17:45→19:43,6,
2026-10-08T02:57Z,2026-10-07 21:57,MCI,Kansas City,MO,top,2026-11-12,2026-11-12,Thu,2026-11-15,ok,403,403,0,Thu 19:59→21:51,2,
2026-10-08T02:57Z,2026-10-07 21:57,MCI,Kansas City,MO,top,2026-11-12,2026-11-13,Fri,2026-11-15,ok,436,436,0,Fri 06:55→08:58,6,
2026-10-08T02:57Z,2026-10-07 21:57,MCI,Kansas City,MO,top,2026-11-19,2026-11-19,Thu,2026-11-22,ok,437,437,0,Thu 19:59→21:51,3,
2026-10-08T02:57Z,2026-10-07 21:57,MCI,Kansas City,MO,top,2026-11-19,2026-11-20,Fri,2026-11-22,ok,437,437,0,Fri 06:55→08:58,4,
2026-10-08T02:57Z,2026-10-07 21:57,MCI,Kansas City,MO,top,2026-11-26,2026-11-26,Thu,2026-11-29,error,,,,,0,'NoneType' object is not subscriptable
2026-10-08T02:57Z,2026-10-07 21:57,MCI,Kansas City,MO,top,2026-11-26,2026-11-27,Fri,2026-11-29,ok,457,457,0,Fri 08:45→10:31,6,
2026-10-08T02:57Z,2026-10-07 21:57,MCI,Kansas City,MO,top,2026-12-03,2026-12-03,Thu,2026-12-06,ok,473,473,0,Thu 19:55→21:47,4,
2026-10-08T02:57Z,2026-10-07 21:57,MCI,Kansas City,MO,top,2026-12-03,2026-12-04,Fri,2026-12-06,ok,522,522,0,Fri 10:25→12:23,5,
2026-10-08T02:57Z,2026-10-07 21:57,MCI,Kansas City,MO,top,2026-12-10,2026-12-10,Thu,2026-12-13,ok,403,403,0,Thu 19:55→21:47,4,
2026-10-08T02:57Z,2026-10-07 21:57,MCI,Kansas City,MO,top,2026-12-10,2026-12-11,Fri,2026-12-13,ok,436,436,0,Fri 07:00→08:56,4,
2026-10-08T02:57Z,2026-10-07 21:57,HNL,Honolulu,HI,top,2026-10-08,2026-10-08,Thu,2026-10-11,ok,902,,1,Thu 22:00→15:16,2,
2026-10-08T02:57Z,2026-10-07 21:57,HNL,Honolulu,HI,top,2026-10-08,2026-10-09,Fri,2026-10-11,ok,846,1252,2,Fri 05:00→12:55,7,
2026-10-08T02:57Z,2026-10-07 21:57,HNL,Honolulu,HI,top,2026-10-15,2026-10-15,Thu,2026-10-18,ok,902,,1,Thu 19:45→11:51,4,
2026-10-08T02:57Z,2026-10-07 21:57,HNL,Honolulu,HI,top,2026-10-15,2026-10-16,Fri,2026-10-18,ok,840,1172,1,Fri 08:50→16:09,4,
2026-10-08T02:57Z,2026-10-07 21:57,HNL,Honolulu,HI,top,2026-10-22,2026-10-22,Thu,2026-10-25,ok,902,,1,Thu 18:25→11:40,3,
2026-10-08T02:57Z,2026-10-07 21:57,HNL,Honolulu,HI,top,2026-10-22,2026-10-23,Fri,2026-10-25,ok,840,1078,1,Fri 07:00→15:16,6,
2026-10-08T02:57Z,2026-10-07 21:57,HNL,Honolulu,HI,top,2026-10-29,2026-10-29,Thu,2026-11-01,ok,838,,1,Thu 21:57→12:14,2,
2026-10-08T02:57Z,2026-10-07 21:57,HNL,Honolulu,HI,top,2026-10-29,2026-10-30,Fri,2026-11-01,ok,776,,1,Fri 17:52→11:53,5,
2026-10-08T02:57Z,2026-10-07 21:57,HNL,Honolulu,HI,top,2026-11-05,2026-11-05,Thu,2026-11-08,ok,826,,1,Thu 21:57→17:29,3,
2026-10-08T02:57Z,2026-10-07 21:57,HNL,Honolulu,HI,top,2026-11-05,2026-11-06,Fri,2026-11-08,ok,750,,1,Fri 17:52→12:48,5,
2026-10-08T02:57Z,2026-10-07 21:57,HNL,Honolulu,HI,top,2026-11-12,2026-11-12,Thu,2026-11-15,ok,824,,1,Thu 21:57→17:29,4,
2026-10-08T02:57Z,2026-10-07 21:57,HNL,Honolulu,HI,top,2026-11-12,2026-11-13,Fri,2026-11-15,ok,750,,1,Fri 17:52→12:48,5,
2026-10-08T02:57Z,2026-10-07 21:57,HNL,Honolulu,HI,top,2026-11-19,2026-11-19,Thu,2026-11-22,ok,1229,,1,Thu 21:57→17:29,5,
2026-10-08T02:57Z,2026-10-07 21:57,HNL,Honolulu,HI,top,2026-11-19,2026-11-20,Fri,2026-11-22,ok,1033,,1,Fri 07:00→16:28,5,
2026-10-08T02:57Z,2026-10-07 21:57,HNL,Honolulu,HI,top,2026-11-26,2026-11-26,Thu,2026-11-29,error,,,,,0,'NoneType' object is not subscriptable
2026-10-08T02:57Z,2026-10-07 21:57,HNL,Honolulu,HI,top,2026-11-26,2026-11-27,Fri,2026-11-29,ok,1131,,1,Fri 08:55→17:29,3,
2026-10-08T02:57Z,2026-10-07 21:57,HNL,Honolulu,HI,top,2026-12-03,2026-12-03,Thu,2026-12-06,ok,824,,1,Thu 21:30→16:28,2,
2026-10-08T02:57Z,2026-10-07 21:57,HNL,Honolulu,HI,top,2026-12-03,2026-12-04,Fri,2026-12-06,ok,806,,1,Fri 05:59→16:59,6,
2026-10-08T02:57Z,2026-10-07 21:57,HNL,Honolulu,HI,top,2026-12-10,2026-12-10,Thu,2026-12-13,ok,916,,1,Thu 21:30→16:28,2,
2026-10-08T02:57Z,2026-10-07 21:57,HNL,Honolulu,HI,top,2026-12-10,2026-12-11,Fri,2026-12-13,ok,770,,1,Fri 05:59→20:56,6,
2026-10-08T02:57Z,2026-10-07 21:57,PBI,West Palm Beach,FL,top,2026-10-08,2026-10-08,Thu,2026-10-11,error,,,,,0,'NoneType' object is not subscriptable
2026-10-08T02:57Z,2026-10-07 21:57,PBI,West Palm Beach,FL,top,2026-10-08,2026-10-09,Fri,2026-10-11,error,,,,,0,'NoneType' object is not subscriptable
2026-10-08T02:57Z,2026-10-07 21:57,PBI,West Palm Beach,FL,top,2026-10-15,2026-10-15,Thu,2026-10-18,error,,,,,0,'NoneType' object is not subscriptable
2026-10-08T02:57Z,2026-10-07 21:57,PBI,West Palm Beach,FL,top,2026-10-15,2026-10-16,Fri,2026-10-18,error,,,,,0,'NoneType' object is not subscriptable
2026-10-08T02:57Z,2026-10-07 21:57,PBI,West Palm Beach,FL,top,2026-10-22,2026-10-22,Thu,2026-10-25,error,,,,,0,'NoneType' object is not subscriptable
2026-10-08T02:57Z,2026-10-07 21:57,PBI,West Palm Beach,FL,top,2026-10-22,2026-10-23,Fri,2026-10-25,error,,,,,0,'NoneType' object is not subscriptable
2026-10-08T02:57Z,2026-10-07 21:57,PBI,West Palm Beach,FL,top,2026-10-29,2026-10-29,Thu,2026-11-01,error,,,,,0,'NoneType' object is not subscriptable
2026-10-08T02:57Z,2026-10-07 21:57,PBI,West Palm Beach,FL,top,2026-10-29,2026-10-30,Fri,2026-11-01,error,,,,,0,'NoneType' object is not subscriptable
2026-10-08T02:57Z,2026-10-07 21:57,PBI,West Palm Beach,FL,top,2026-11-05,2026-11-05,Thu,2026-11-08,error,,,,,0,'NoneType' object is not subscriptable
2026-10-08T02:57Z,2026-10-07 21:57,PBI,West Palm Beach,FL,top,2026-11-05,2026-11-06,Fri,2026-11-08,error,,,,,0,'NoneType' object is not subscriptable
2026-10-08T02:57Z,2026-10-07 21:57,PBI,West Palm Beach,FL,top,2026-11-12,2026-11-12,Thu,2026-11-15,error,,,,,0,no flights found; received error
2026-10-08T02:57Z,2026-10-07 21:57,PBI,West Palm Beach,FL,top,2026-11-12,2026-11-13,Fri,2026-11-15,error,,,,,0,no flights found; received error
2026-10-08T02:57Z,2026-10-07 21:57,PBI,West Palm Beach,FL,top,2026-11-19,2026-11-19,Thu,2026-11-22,error,,,,,0,'NoneType' object is not subscriptable
2026-10-08T02:57Z,2026-10-07 21:57,PBI,West Palm Beach,FL,top,2026-11-19,2026-11-20,Fri,2026-11-22,error,,,,,0,'NoneType' object is not subscriptable
2026-10-08T02:57Z,2026-10-07 21:57,PBI,West Palm Beach,FL,top,2026-11-26,2026-11-26,Thu,2026-11-29,error,,,,,0,'NoneType' object is not subscriptable
2026-10-08T02:57Z,2026-10-07 21:57,PBI,West Palm Beach,FL,top,2026-11-26,2026-11-27,Fri,2026-11-29,error,,,,,0,'NoneType' object is not subscriptable
2026-10-08T02:57Z,2026-10-07 21:57,PBI,West Palm Beach,FL,top,2026-12-03,2026-12-03,Thu,2026-12-06,error,,,,,0,'NoneType' object is not subscriptable
2026-10-08T02:57Z,2026-10-07 21:57,PBI,West Palm Beach,FL,top,2026-12-03,2026-12-04,Fri,2026-12-06,error,,,,,0,'NoneType' object is not subscriptable
2026-10-08T02:57Z,2026-10-07 21:57,PBI,West Palm Beach,FL,top,2026-12-10,2026-12-10,Thu,2026-12-13,error,,,,,0,'NoneType' object is not subscriptable
2026-10-08T02:57Z,2026-10-07 21:57,PBI,West Palm Beach,FL,top,2026-12-10,2026-12-11,Fri,2026-12-13,error,,,,,0,'NoneType' object is not subscriptable
2026-10-08T02:57Z,2026-10-07 21:57,PSP,Palm Springs,CA,top,2026-10-08,2026-10-08,Thu,2026-10-11,ok,1008,,2,Thu 21:20→09:20,3,
2026-10-08T02:57Z,2026-10-07 21:57,PSP,Palm Springs,CA,top,2026-10-08,2026-10-09,Fri,2026-10-11,ok,953,,1,Fri 16:40→22:59,5,
2026-10-08T02:57Z,2026-10-07 21:57,PSP,Palm Springs,CA,top,2026-10-15,2026-10-15,Thu,2026-10-18,ok,1013,,1,Thu 21:45→11:15,3,
2026-10-08T02:57Z,2026-10-07 21:57,PSP,Palm Springs,CA,top,2026-10-15,2026-10-16,Fri,2026-10-18,ok,697,,1,Fri 05:30→11:15,4,
2026-10-08T02:57Z,2026-10-07 21:57,PSP,Palm Springs,CA,top,2026-10-22,2026-10-22,Thu,2026-10-25,ok,883,,1,Thu 21:45→11:15,4,
2026-10-08T02:57Z,2026-10-07 21:57,PSP,Palm Springs,CA,top,2026-10-22,2026-10-23,Fri,2026-10-25,ok,624,,1,Fri 06:00→12:31,3,
2026-10-08T02:57Z,2026-10-07 21:57,PSP,Palm Springs,CA,top,2026-10-29,2026-10-29,Thu,2026-11-01,ok,499,499,0,Thu 19:56→22:30,3,
2026-10-08T02:57Z,2026-10-07 21:57,PSP,Palm Springs,CA,top,2026-10-29,2026-10-30,Fri,2026-11-01,ok,509,,1,Fri 05:30→11:21,6,
2026-10-08T02:57Z,2026-10-07 21:57,PSP,Palm Springs,CA,top,2026-11-05,2026-11-05,Thu,2026-11-08,ok,739,739,0,Thu 19:56→22:30,3,
2026-10-08T02:57Z,2026-10-07 21:57,PSP,Palm Springs,CA,top,2026-11-05,2026-11-06,Fri,2026-11-08,ok,688,,1,Fri 16:01→22:45,6,
2026-10-08T02:57Z,2026-10-07 21:57,PSP,Palm Springs,CA,top,2026-11-12,2026-11-12,Thu,2026-11-15,ok,667,667,0,Thu 19:56→22:30,3,
2026-10-08T02:57Z,2026-10-07 21:57,PSP,Palm Springs,CA,top,2026-11-12,2026-11-13,Fri,2026-11-15,ok,712,,1,Fri 16:35→22:45,4,
2026-10-08T02:57Z,2026-10-07 21:57,PSP,Palm Springs,CA,top,2026-11-19,2026-11-19,Thu,2026-11-22,ok,499,499,0,Thu 19:56→22:30,3,
2026-10-08T02:57Z,2026-10-07 21:57,PSP,Palm Springs,CA,top,2026-11-19,2026-11-20,Fri,2026-11-22,ok,597,,1,Fri 07:00→12:37,7,
2026-10-08T02:57Z,2026-10-07 21:57,PSP,Palm Springs,CA,top,2026-11-26,2026-11-26,Thu,2026-11-29,error,,,,,0,'NoneType' object is not subscriptable
2026-10-08T02:57Z,2026-10-07 21:57,PSP,Palm Springs,CA,top,2026-11-26,2026-11-27,Fri,2026-11-29,ok,879,,1,Fri 14:00→20:05,5,
2026-10-08T02:57Z,2026-10-07 21:57,PSP,Palm Springs,CA,top,2026-12-03,2026-12-03,Thu,2026-12-06,ok,623,,1,Thu 21:30→12:37,5,
2026-10-08T02:57Z,2026-10-07 21:57,PSP,Palm Springs,CA,top,2026-12-03,2026-12-04,Fri,2026-12-06,ok,509,,1,Fri 16:30→22:45,4,
2026-10-08T02:57Z,2026-10-07 21:57,PSP,Palm Springs,CA,top,2026-12-10,2026-12-10,Thu,2026-12-13,ok,499,499,0,Thu 19:45→22:17,4,
2026-10-08T02:57Z,2026-10-07 21:57,PSP,Palm Springs,CA,top,2026-12-10,2026-12-11,Fri,2026-12-13,ok,509,,1,Fri 15:00→20:06,3,
2026-10-08T02:57Z,2026-10-07 21:57,XNA,Northwest Arkansas,AR,state,2026-10-08,2026-10-08,Thu,2026-10-11,ok,637,637,0,Thu 20:30→22:38,4,
2026-10-08T02:57Z,2026-10-07 21:57,XNA,Northwest Arkansas,AR,state,2026-10-08,2026-10-09,Fri,2026-10-11,ok,647,,1,Fri 17:51→23:56,2,
2026-10-08T02:57Z,2026-10-07 21:57,XNA,Northwest Arkansas,AR,state,2026-10-15,2026-10-15,Thu,2026-10-18,ok,529,529,0,Thu 20:30→22:38,2,
2026-10-08T02:57Z,2026-10-07 21:57,XNA,Northwest Arkansas,AR,state,2026-10-15,2026-10-16,Fri,2026-10-18,ok,593,,1,Fri 16:20→23:56,2,
2026-10-08T02:57Z,2026-10-07 21:57,XNA,Northwest Arkansas,AR,state,2026-10-22,2026-10-22,Thu,2026-10-25,ok,459,459,0,Thu 20:30→22:38,2,
2026-10-08T02:57Z,2026-10-07 21:57,XNA,Northwest Arkansas,AR,state,2026-10-22,2026-10-23,Fri,2026-10-25,ok,459,459,0,Fri 15:50→17:50,4,
2026-10-08T02:57Z,2026-10-07 21:57,XNA,Northwest Arkansas,AR,state,2026-10-29,2026-10-29,Thu,2026-11-01,ok,419,419,0,Thu 21:30→23:35,2,
2026-10-08T02:57Z,2026-10-07 21:57,XNA,Northwest Arkansas,AR,state,2026-10-29,2026-10-30,Fri,2026-11-01,ok,419,419,0,Fri 08:40→10:42,3,
2026-10-08T02:57Z,2026-10-07 21:57,XNA,Northwest Arkansas,AR,state,2026-11-05,2026-11-05,Thu,2026-11-08,ok,456,456,0,Thu 21:30→23:35,2,
2026-10-08T02:57Z,2026-10-07 21:57,XNA,Northwest Arkansas,AR,state,2026-11-05,2026-11-06,Fri,2026-11-08,ok,439,439,0,Fri 08:40→10:42,3,
2026-10-08T02:57Z,2026-10-07 21:57,XNA,Northwest Arkansas,AR,state,2026-11-12,2026-11-12,Thu,2026-11-15,ok,507,507,0,Thu 21:30→23:35,1,
2026-10-08T02:57Z,2026-10-07 21:57,XNA,Northwest Arkansas,AR,state,2026-11-12,2026-11-13,Fri,2026-11-15,ok,504,,1,Fri 14:30→20:32,2,
2026-10-08T02:57Z,2026-10-07 21:57,XNA,Northwest Arkansas,AR,state,2026-11-19,2026-11-19,Thu,2026-11-22,ok,419,419,0,Thu 21:30→23:35,2,
2026-10-08T02:57Z,2026-10-07 21:57,XNA,Northwest Arkansas,AR,state,2026-11-19,2026-11-20,Fri,2026-11-22,ok,464,464,0,Fri 15:35→17:38,3,
2026-10-08T02:57Z,2026-10-07 21:57,XNA,Northwest Arkansas,AR,state,2026-11-26,2026-11-26,Thu,2026-11-29,error,,,,,0,'NoneType' object is not subscriptable
2026-10-08T02:57Z,2026-10-07 21:57,XNA,Northwest Arkansas,AR,state,2026-11-26,2026-11-27,Fri,2026-11-29,ok,607,607,0,Fri 12:29→14:27,4,
2026-10-08T02:57Z,2026-10-07 21:57,XNA,Northwest Arkansas,AR,state,2026-12-03,2026-12-03,Thu,2026-12-06,ok,419,419,0,Thu 21:25→23:25,2,
2026-10-08T02:57Z,2026-10-07 21:57,XNA,Northwest Arkansas,AR,state,2026-12-03,2026-12-04,Fri,2026-12-06,ok,419,419,0,Fri 08:40→10:42,3,
2026-10-08T02:57Z,2026-10-07 21:57,XNA,Northwest Arkansas,AR,state,2026-12-10,2026-12-10,Thu,2026-12-13,ok,419,419,0,Thu 21:25→23:25,3,
2026-10-08T02:57Z,2026-10-07 21:57,XNA,Northwest Arkansas,AR,state,2026-12-10,2026-12-11,Fri,2026-12-13,ok,419,419,0,Fri 08:40→10:42,4,
2026-10-08T02:57Z,2026-10-07 21:57,SDF,Louisville,KY,state,2026-10-08,2026-10-08,Thu,2026-10-11,ok,695,695,0,Thu 21:25→23:59,1,
2026-10-08T02:57Z,2026-10-07 21:57,SDF,Louisville,KY,state,2026-10-08,2026-10-09,Fri,2026-10-11,ok,695,695,0,Fri 15:00→17:40,4,
2026-10-08T02:57Z,2026-10-07 21:57,SDF,Louisville,KY,state,2026-10-15,2026-10-15,Thu,2026-10-18,ok,693,693,0,Thu 21:25→23:59,2,
2026-10-08T02:57Z,2026-10-07 21:57,SDF,Louisville,KY,state,2026-10-15,2026-10-16,Fri,2026-10-18,ok,693,693,0,Fri 15:00→17:40,3,
2026-10-08T02:57Z,2026-10-07 21:57,SDF,Louisville,KY,state,2026-10-22,2026-10-22,Thu,2026-10-25,ok,583,583,0,Thu 21:25→23:59,2,
2026-10-08T02:57Z,2026-10-07 21:57,SDF,Louisville,KY,state,2026-10-22,2026-10-23,Fri,2026-10-25,ok,583,583,0,Fri 15:00→17:40,3,
2026-10-08T02:57Z,2026-10-07 21:57,SDF,Louisville,KY,state,2026-10-29,2026-10-29,Thu,2026-11-01,ok,398,398,0,Thu 18:10→20:52,4,
2026-10-08T02:57Z,2026-10-07 21:57,SDF,Louisville,KY,state,2026-10-29,2026-10-30,Fri,2026-11-01,ok,509,656,1,Fri 08:50→14:47,2,
2026-10-08T02:57Z,2026-10-07 21:57,SDF,Louisville,KY,state,2026-11-05,2026-11-05,Thu,2026-11-08,ok,376,376,0,Thu 18:10→20:52,4,
2026-10-08T02:57Z,2026-10-07 21:57,SDF,Louisville,KY,state,2026-11-05,2026-11-06,Fri,2026-11-08,ok,405,405,0,Fri 06:59→09:38,4,
2026-10-08T02:57Z,2026-10-07 21:57,SDF,Louisville,KY,state,2026-11-12,2026-11-12,Thu,2026-11-15,ok,376,376,0,Thu 18:10→20:52,3,
2026-10-08T02:57Z,2026-10-07 21:57,SDF,Louisville,KY,state,2026-11-12,2026-11-13,Fri,2026-11-15,ok,487,496,1,Fri 08:50→14:47,2,
2026-10-08T02:57Z,2026-10-07 21:57,SDF,Louisville,KY,state,2026-11-19,2026-11-19,Thu,2026-11-22,ok,388,388,0,Thu 18:10→20:52,4,
2026-10-08T02:57Z,2026-10-07 21:57,SDF,Louisville,KY,state,2026-11-19,2026-11-20,Fri,2026-11-22,ok,420,581,1,Fri 08:50→14:47,2,
2026-10-08T02:57Z,2026-10-07 21:57,SDF,Louisville,KY,state,2026-11-26,2026-11-26,Thu,2026-11-29,error,,,,,0,'NoneType' object is not subscriptable
2026-10-08T02:57Z,2026-10-07 21:57,SDF,Louisville,KY,state,2026-11-26,2026-11-27,Fri,2026-11-29,ok,405,405,0,Fri 11:04→13:35,3,
2026-10-08T02:57Z,2026-10-07 21:57,SDF,Louisville,KY,state,2026-12-03,2026-12-03,Thu,2026-12-06,ok,376,376,0,Thu 18:20→21:00,2,
2026-10-08T02:57Z,2026-10-07 21:57,SDF,Louisville,KY,state,2026-12-03,2026-12-04,Fri,2026-12-06,ok,405,405,0,Fri 15:45→18:17,3,
2026-10-08T02:57Z,2026-10-07 21:57,SDF,Louisville,KY,state,2026-12-10,2026-12-10,Thu,2026-12-13,ok,376,376,0,Thu 21:20→23:49,2,
2026-10-08T02:57Z,2026-10-07 21:57,SDF,Louisville,KY,state,2026-12-10,2026-12-11,Fri,2026-12-13,ok,405,405,0,Fri 14:10→16:39,4,
2026-10-08T02:57Z,2026-10-07 21:57,MHT,Manchester,NH,state,2026-10-08,2026-10-08,Thu,2026-10-11,ok,1300,,1,Thu 21:52→19:01,2,
2026-10-08T02:57Z,2026-10-07 21:57,MHT,Manchester,NH,state,2026-10-08,2026-10-09,Fri,2026-10-11,ok,860,,1,Fri 16:00→23:56,2,
2026-10-08T02:57Z,2026-10-07 21:57,MHT,Manchester,NH,state,2026-10-15,2026-10-15,Thu,2026-10-18,ok,967,,1,Thu 18:06→23:56,2,
2026-10-08T02:57Z,2026-10-07 21:57,MHT,Manchester,NH,state,2026-10-15,2026-10-16,Fri,2026-10-18,ok,967,,1,Fri 05:59→14:15,3,
2026-10-08T02:57Z,2026-10-07 21:57,MHT,Manchester,NH,state,2026-10-22,2026-10-22,Thu,2026-10-25,ok,900,,1,Thu 18:06→23:56,1,
2026-10-08T02:57Z,2026-10-07 21:57,MHT,Manchester,NH,state,2026-10-22,2026-10-23,Fri,2026-10-25,ok,900,,1,Fri 05:59→14:15,3,
2026-10-08T02:57Z,2026-10-07 21:57,MHT,Manchester,NH,state,2026-10-29,2026-10-29,Thu,2026-11-01,ok,728,,1,Thu 21:41→14:03,2,
2026-10-08T02:57Z,2026-10-07 21:57,MHT,Manchester,NH,state,2026-10-29,2026-10-30,Fri,2026-11-01,ok,715,,2,Fri 12:47→23:59,2,
2026-10-08T02:57Z,2026-10-07 21:57,MHT,Manchester,NH,state,2026-11-05,2026-11-05,Thu,2026-11-08,ok,737,,1,Thu 18:07→23:59,2,
2026-10-08T02:57Z,2026-10-07 21:57,MHT,Manchester,NH,state,2026-11-05,2026-11-06,Fri,2026-11-08,ok,614,,1,Fri 16:00→23:59,4,
2026-10-08T02:57Z,2026-10-07 21:57,MHT,Manchester,NH,state,2026-11-12,2026-11-12,Thu,2026-11-15,ok,637,,1,Thu 18:07→23:59,2,
2026-10-08T02:57Z,2026-10-07 21:57,MHT,Manchester,NH,state,2026-11-12,2026-11-13,Fri,2026-11-15,ok,565,,1,Fri 16:00→23:59,4,
2026-10-08T02:57Z,2026-10-07 21:57,MHT,Manchester,NH,state,2026-11-19,2026-11-19,Thu,2026-11-22,ok,599,,1,Thu 18:07→23:59,2,
2026-10-08T02:57Z,2026-10-07 21:57,MHT,Manchester,NH,state,2026-11-19,2026-11-20,Fri,2026-11-22,ok,544,,1,Fri 16:00→23:59,4,
2026-10-08T02:57Z,2026-10-07 21:57,MHT,Manchester,NH,state,2026-11-26,2026-11-26,Thu,2026-11-29,error,,,,,0,'NoneType' object is not subscriptable
2026-10-08T02:57Z,2026-10-07 21:57,MHT,Manchester,NH,state,2026-11-26,2026-11-27,Fri,2026-11-29,ok,982,,1,Fri 16:00→23:59,2,
2026-10-08T02:57Z,2026-10-07 21:57,MHT,Manchester,NH,state,2026-12-03,2026-12-03,Thu,2026-12-06,ok,719,,1,Thu 21:35→14:03,1,
2026-10-08T02:57Z,2026-10-07 21:57,MHT,Manchester,NH,state,2026-12-03,2026-12-04,Fri,2026-12-06,ok,604,,1,Fri 05:55→14:03,2,
2026-10-08T02:57Z,2026-10-07 21:57,MHT,Manchester,NH,state,2026-12-10,2026-12-10,Thu,2026-12-13,ok,703,,1,Thu 21:35→14:03,1,
2026-10-08T02:57Z,2026-10-07 21:57,MHT,Manchester,NH,state,2026-12-10,2026-12-11,Fri,2026-12-13,ok,603,,1,Fri 05:55→14:03,2,
2026-10-08T02:57Z,2026-10-07 21:57,PVD,Providence,RI,state,2026-10-08,2026-10-08,Thu,2026-10-11,ok,697,697,0,Thu 18:10→21:58,3,
2026-10-08T02:57Z,2026-10-07 21:57,PVD,Providence,RI,state,2026-10-08,2026-10-09,Fri,2026-10-11,ok,697,697,0,Fri 07:03→10:35,4,
2026-10-08T02:57Z,2026-10-07 21:57,PVD,Providence,RI,state,2026-10-15,2026-10-15,Thu,2026-10-18,ok,697,697,0,Thu 18:10→21:58,2,
2026-10-08T02:57Z,2026-10-07 21:57,PVD,Providence,RI,state,2026-10-15,2026-10-16,Fri,2026-10-18,ok,707,,1,Fri 16:00→23:47,2,
2026-10-08T02:57Z,2026-10-07 21:57,PVD,Providence,RI,state,2026-10-22,2026-10-22,Thu,2026-10-25,ok,710,710,0,Thu 18:10→21:58,2,
2026-10-08T02:57Z,2026-10-07 21:57,PVD,Providence,RI,state,2026-10-22,2026-10-23,Fri,2026-10-25,ok,678,1399,1,Fri 16:00→23:47,4,
2026-10-08T02:57Z,2026-10-07 21:57,PVD,Providence,RI,state,2026-10-29,2026-10-29,Thu,2026-11-01,ok,605,,1,Thu 18:07→23:44,2,
2026-10-08T02:57Z,2026-10-07 21:57,PVD,Providence,RI,state,2026-10-29,2026-10-30,Fri,2026-11-01,ok,600,,1,Fri 13:30→18:58,2,
2026-10-08T02:57Z,2026-10-07 21:57,PVD,Providence,RI,state,2026-11-05,2026-11-05,Thu,2026-11-08,ok,771,,1,Thu 18:07→23:44,2,
2026-10-08T02:57Z,2026-10-07 21:57,PVD,Providence,RI,state,2026-11-05,2026-11-06,Fri,2026-11-08,ok,628,,1,Fri 05:55→14:08,2,
2026-10-08T02:57Z,2026-10-07 21:57,PVD,Providence,RI,state,2026-11-12,2026-11-12,Thu,2026-11-15,ok,574,,1,Thu 18:07→23:44,2,
2026-10-08T02:57Z,2026-10-07 21:57,PVD,Providence,RI,state,2026-11-12,2026-11-13,Fri,2026-11-15,ok,498,498,0,Fri 11:59→15:31,4,
2026-10-08T02:57Z,2026-10-07 21:57,PVD,Providence,RI,state,2026-11-19,2026-11-19,Thu,2026-11-22,ok,669,,1,Thu 18:07→23:44,1,
2026-10-08T02:57Z,2026-10-07 21:57,PVD,Providence,RI,state,2026-11-19,2026-11-20,Fri,2026-11-22,ok,504,504,0,Fri 11:59→15:31,4,
2026-10-08T02:57Z,2026-10-07 21:57,PVD,Providence,RI,state,2026-11-26,2026-11-26,Thu,2026-11-29,error,,,,,0,'NoneType' object is not subscriptable
2026-10-08T02:57Z,2026-10-07 21:57,PVD,Providence,RI,state,2026-11-26,2026-11-27,Fri,2026-11-29,ok,574,574,0,Fri 17:54→21:27,3,
2026-10-08T02:57Z,2026-10-07 21:57,PVD,Providence,RI,state,2026-12-03,2026-12-03,Thu,2026-12-06,ok,776,,1,Thu 21:35→14:13,1,
2026-10-08T02:57Z,2026-10-07 21:57,PVD,Providence,RI,state,2026-12-03,2026-12-04,Fri,2026-12-06,ok,498,498,0,Fri 11:59→15:34,4,
2026-10-08T02:57Z,2026-10-07 21:57,PVD,Providence,RI,state,2026-12-10,2026-12-10,Thu,2026-12-13,ok,776,,1,Thu 21:35→14:13,1,
2026-10-08T02:57Z,2026-10-07 21:57,PVD,Providence,RI,state,2026-12-10,2026-12-11,Fri,2026-12-13,ok,498,498,0,Fri 11:59→15:34,3,
2026-10-08T02:57Z,2026-10-07 21:57,CRW,Charleston,WV,state,2026-10-08,2026-10-08,Thu,2026-10-11,ok,579,579,0,Thu 21:20→23:59,1,
2026-10-08T02:57Z,2026-10-07 21:57,CRW,Charleston,WV,state,2026-10-08,2026-10-09,Fri,2026-10-11,ok,579,579,0,Fri 06:51→09:43,2,
2026-10-08T02:57Z,2026-10-07 21:57,CRW,Charleston,WV,state,2026-10-15,2026-10-15,Thu,2026-10-18,ok,469,469,0,Thu 21:20→23:59,1,
2026-10-08T02:57Z,2026-10-07 21:57,CRW,Charleston,WV,state,2026-10-15,2026-10-16,Fri,2026-10-18,ok,469,469,0,Fri 06:51→09:43,2,
2026-10-08T02:57Z,2026-10-07 21:57,CRW,Charleston,WV,state,2026-10-22,2026-10-22,Thu,2026-10-25,ok,409,409,0,Thu 21:20→23:59,1,
2026-10-08T02:57Z,2026-10-07 21:57,CRW,Charleston,WV,state,2026-10-22,2026-10-23,Fri,2026-10-25,ok,459,459,0,Fri 14:35→17:28,1,
2026-10-08T02:57Z,2026-10-07 21:57,CRW,Charleston,WV,state,2026-10-29,2026-10-29,Thu,2026-11-01,error,,,,,0,'NoneType' object is not subscriptable
2026-10-08T02:57Z,2026-10-07 21:57,CRW,Charleston,WV,state,2026-10-29,2026-10-30,Fri,2026-11-01,ok,653,653,0,Fri 13:55→16:43,1,
2026-10-08T02:57Z,2026-10-07 21:57,CRW,Charleston,WV,state,2026-11-05,2026-11-05,Thu,2026-11-08,error,,,,,0,'NoneType' object is not subscriptable
2026-10-08T02:57Z,2026-10-07 21:57,CRW,Charleston,WV,state,2026-11-05,2026-11-06,Fri,2026-11-08,ok,379,379,0,Fri 10:25→13:15,2,
2026-10-08T02:57Z,2026-10-07 21:57,CRW,Charleston,WV,state,2026-11-12,2026-11-12,Thu,2026-11-15,error,,,,,0,'NoneType' object is not subscriptable
2026-10-08T02:57Z,2026-10-07 21:57,CRW,Charleston,WV,state,2026-11-12,2026-11-13,Fri,2026-11-15,ok,417,417,0,Fri 10:25→13:15,2,
2026-10-08T02:57Z,2026-10-07 21:57,CRW,Charleston,WV,state,2026-11-19,2026-11-19,Thu,2026-11-22,error,,,,,0,'NoneType' object is not subscriptable
2026-10-08T02:57Z,2026-10-07 21:57,CRW,Charleston,WV,state,2026-11-19,2026-11-20,Fri,2026-11-22,ok,429,429,0,Fri 10:25→13:15,2,
2026-10-08T02:57Z,2026-10-07 21:57,CRW,Charleston,WV,state,2026-11-26,2026-11-26,Thu,2026-11-29,error,,,,,0,'NoneType' object is not subscriptable
2026-10-08T02:57Z,2026-10-07 21:57,CRW,Charleston,WV,state,2026-11-26,2026-11-27,Fri,2026-11-29,ok,577,577,0,Fri 10:25→13:15,2,
2026-10-08T02:57Z,2026-10-07 21:57,CRW,Charleston,WV,state,2026-12-03,2026-12-03,Thu,2026-12-06,ok,379,379,0,Thu 21:43→00:28,1,
2026-10-08T02:57Z,2026-10-07 21:57,CRW,Charleston,WV,state,2026-12-03,2026-12-04,Fri,2026-12-06,ok,394,394,0,Fri 14:30→17:18,1,
2026-10-08T02:57Z,2026-10-07 21:57,CRW,Charleston,WV,state,2026-12-10,2026-12-10,Thu,2026-12-13,ok,379,379,0,Thu 21:43→00:28,1,
2026-10-08T02:57Z,2026-10-07 21:57,CRW,Charleston,WV,state,2026-12-10,2026-12-11,Fri,2026-12-13,ok,379,379,0,Fri 14:30→17:18,1,
